-- Carga inicial CCTV obtenida del JSON
BEGIN;
SET search_path TO idr, public;

INSERT INTO buildings(name) VALUES ('Anexo A') ON CONFLICT (name) DO NOTHING;
INSERT INTO buildings(name) VALUES ('Anexo B') ON CONFLICT (name) DO NOTHING;
INSERT INTO buildings(name) VALUES ('Anexo C') ON CONFLICT (name) DO NOTHING;
INSERT INTO buildings(name) VALUES ('Anexo D') ON CONFLICT (name) DO NOTHING;
INSERT INTO buildings(name) VALUES ('Anexo E') ON CONFLICT (name) DO NOTHING;
INSERT INTO buildings(name) VALUES ('Anexo G') ON CONFLICT (name) DO NOTHING;
INSERT INTO buildings(name) VALUES ('Anexo H') ON CONFLICT (name) DO NOTHING;
INSERT INTO buildings(name) VALUES ('Molino') ON CONFLICT (name) DO NOTHING;
INSERT INTO buildings(name) VALUES ('Palacio') ON CONFLICT (name) DO NOTHING;
INSERT INTO buildings(name) VALUES ('Pasco 650') ON CONFLICT (name) DO NOTHING;
INSERT INTO buildings(name) VALUES ('Rivadavia 1829') ON CONFLICT (name) DO NOTHING;
INSERT INTO buildings(name) VALUES ('yrigoyen 1920') ON CONFLICT (name) DO NOTHING;
INSERT INTO buildings(name) VALUES ('Yrigoyen 1920') ON CONFLICT (name) DO NOTHING;

INSERT INTO floors(building_id,name) SELECT id,'01' FROM buildings WHERE name='Anexo A' ON CONFLICT (building_id,name) DO NOTHING;
INSERT INTO floors(building_id,name) SELECT id,'02' FROM buildings WHERE name='Anexo A' ON CONFLICT (building_id,name) DO NOTHING;
INSERT INTO floors(building_id,name) SELECT id,'03' FROM buildings WHERE name='Anexo A' ON CONFLICT (building_id,name) DO NOTHING;
INSERT INTO floors(building_id,name) SELECT id,'04' FROM buildings WHERE name='Anexo A' ON CONFLICT (building_id,name) DO NOTHING;
INSERT INTO floors(building_id,name) SELECT id,'05' FROM buildings WHERE name='Anexo A' ON CONFLICT (building_id,name) DO NOTHING;
INSERT INTO floors(building_id,name) SELECT id,'06' FROM buildings WHERE name='Anexo A' ON CONFLICT (building_id,name) DO NOTHING;
INSERT INTO floors(building_id,name) SELECT id,'07' FROM buildings WHERE name='Anexo A' ON CONFLICT (building_id,name) DO NOTHING;
INSERT INTO floors(building_id,name) SELECT id,'08' FROM buildings WHERE name='Anexo A' ON CONFLICT (building_id,name) DO NOTHING;
INSERT INTO floors(building_id,name) SELECT id,'09' FROM buildings WHERE name='Anexo A' ON CONFLICT (building_id,name) DO NOTHING;
INSERT INTO floors(building_id,name) SELECT id,'1' FROM buildings WHERE name='Anexo A' ON CONFLICT (building_id,name) DO NOTHING;
INSERT INTO floors(building_id,name) SELECT id,'10' FROM buildings WHERE name='Anexo A' ON CONFLICT (building_id,name) DO NOTHING;
INSERT INTO floors(building_id,name) SELECT id,'11' FROM buildings WHERE name='Anexo A' ON CONFLICT (building_id,name) DO NOTHING;
INSERT INTO floors(building_id,name) SELECT id,'12' FROM buildings WHERE name='Anexo A' ON CONFLICT (building_id,name) DO NOTHING;
INSERT INTO floors(building_id,name) SELECT id,'13' FROM buildings WHERE name='Anexo A' ON CONFLICT (building_id,name) DO NOTHING;
INSERT INTO floors(building_id,name) SELECT id,'1SS' FROM buildings WHERE name='Anexo A' ON CONFLICT (building_id,name) DO NOTHING;
INSERT INTO floors(building_id,name) SELECT id,'1ss' FROM buildings WHERE name='Anexo A' ON CONFLICT (building_id,name) DO NOTHING;
INSERT INTO floors(building_id,name) SELECT id,'1SSS' FROM buildings WHERE name='Anexo A' ON CONFLICT (building_id,name) DO NOTHING;
INSERT INTO floors(building_id,name) SELECT id,'2ss' FROM buildings WHERE name='Anexo A' ON CONFLICT (building_id,name) DO NOTHING;
INSERT INTO floors(building_id,name) SELECT id,'3SS' FROM buildings WHERE name='Anexo A' ON CONFLICT (building_id,name) DO NOTHING;
INSERT INTO floors(building_id,name) SELECT id,'3ss' FROM buildings WHERE name='Anexo A' ON CONFLICT (building_id,name) DO NOTHING;
INSERT INTO floors(building_id,name) SELECT id,'4ss' FROM buildings WHERE name='Anexo A' ON CONFLICT (building_id,name) DO NOTHING;
INSERT INTO floors(building_id,name) SELECT id,'5ss' FROM buildings WHERE name='Anexo A' ON CONFLICT (building_id,name) DO NOTHING;
INSERT INTO floors(building_id,name) SELECT id,'6ss' FROM buildings WHERE name='Anexo A' ON CONFLICT (building_id,name) DO NOTHING;
INSERT INTO floors(building_id,name) SELECT id,'EP1' FROM buildings WHERE name='Anexo A' ON CONFLICT (building_id,name) DO NOTHING;
INSERT INTO floors(building_id,name) SELECT id,'ep1' FROM buildings WHERE name='Anexo A' ON CONFLICT (building_id,name) DO NOTHING;
INSERT INTO floors(building_id,name) SELECT id,'ep2' FROM buildings WHERE name='Anexo A' ON CONFLICT (building_id,name) DO NOTHING;
INSERT INTO floors(building_id,name) SELECT id,'PB' FROM buildings WHERE name='Anexo A' ON CONFLICT (building_id,name) DO NOTHING;
INSERT INTO floors(building_id,name) SELECT id,'pb' FROM buildings WHERE name='Anexo A' ON CONFLICT (building_id,name) DO NOTHING;
INSERT INTO floors(building_id,name) SELECT id,'01' FROM buildings WHERE name='Anexo B' ON CONFLICT (building_id,name) DO NOTHING;
INSERT INTO floors(building_id,name) SELECT id,'1' FROM buildings WHERE name='Anexo B' ON CONFLICT (building_id,name) DO NOTHING;
INSERT INTO floors(building_id,name) SELECT id,'3' FROM buildings WHERE name='Anexo B' ON CONFLICT (building_id,name) DO NOTHING;
INSERT INTO floors(building_id,name) SELECT id,'EP1' FROM buildings WHERE name='Anexo B' ON CONFLICT (building_id,name) DO NOTHING;
INSERT INTO floors(building_id,name) SELECT id,'01' FROM buildings WHERE name='Anexo C' ON CONFLICT (building_id,name) DO NOTHING;
INSERT INTO floors(building_id,name) SELECT id,'02' FROM buildings WHERE name='Anexo C' ON CONFLICT (building_id,name) DO NOTHING;
INSERT INTO floors(building_id,name) SELECT id,'04' FROM buildings WHERE name='Anexo C' ON CONFLICT (building_id,name) DO NOTHING;
INSERT INTO floors(building_id,name) SELECT id,'05' FROM buildings WHERE name='Anexo C' ON CONFLICT (building_id,name) DO NOTHING;
INSERT INTO floors(building_id,name) SELECT id,'07' FROM buildings WHERE name='Anexo C' ON CONFLICT (building_id,name) DO NOTHING;
INSERT INTO floors(building_id,name) SELECT id,'08' FROM buildings WHERE name='Anexo C' ON CONFLICT (building_id,name) DO NOTHING;
INSERT INTO floors(building_id,name) SELECT id,'1' FROM buildings WHERE name='Anexo C' ON CONFLICT (building_id,name) DO NOTHING;
INSERT INTO floors(building_id,name) SELECT id,'1ss' FROM buildings WHERE name='Anexo C' ON CONFLICT (building_id,name) DO NOTHING;
INSERT INTO floors(building_id,name) SELECT id,'8' FROM buildings WHERE name='Anexo C' ON CONFLICT (building_id,name) DO NOTHING;
INSERT INTO floors(building_id,name) SELECT id,'ep1' FROM buildings WHERE name='Anexo C' ON CONFLICT (building_id,name) DO NOTHING;
INSERT INTO floors(building_id,name) SELECT id,'pb' FROM buildings WHERE name='Anexo C' ON CONFLICT (building_id,name) DO NOTHING;
INSERT INTO floors(building_id,name) SELECT id,'PB' FROM buildings WHERE name='Anexo C' ON CONFLICT (building_id,name) DO NOTHING;
INSERT INTO floors(building_id,name) SELECT id,'01' FROM buildings WHERE name='Anexo D' ON CONFLICT (building_id,name) DO NOTHING;
INSERT INTO floors(building_id,name) SELECT id,'02' FROM buildings WHERE name='Anexo D' ON CONFLICT (building_id,name) DO NOTHING;
INSERT INTO floors(building_id,name) SELECT id,'03' FROM buildings WHERE name='Anexo D' ON CONFLICT (building_id,name) DO NOTHING;
INSERT INTO floors(building_id,name) SELECT id,'04' FROM buildings WHERE name='Anexo D' ON CONFLICT (building_id,name) DO NOTHING;
INSERT INTO floors(building_id,name) SELECT id,'05' FROM buildings WHERE name='Anexo D' ON CONFLICT (building_id,name) DO NOTHING;
INSERT INTO floors(building_id,name) SELECT id,'07' FROM buildings WHERE name='Anexo D' ON CONFLICT (building_id,name) DO NOTHING;
INSERT INTO floors(building_id,name) SELECT id,'08' FROM buildings WHERE name='Anexo D' ON CONFLICT (building_id,name) DO NOTHING;
INSERT INTO floors(building_id,name) SELECT id,'1ss' FROM buildings WHERE name='Anexo D' ON CONFLICT (building_id,name) DO NOTHING;
INSERT INTO floors(building_id,name) SELECT id,'6' FROM buildings WHERE name='Anexo D' ON CONFLICT (building_id,name) DO NOTHING;
INSERT INTO floors(building_id,name) SELECT id,'8' FROM buildings WHERE name='Anexo D' ON CONFLICT (building_id,name) DO NOTHING;
INSERT INTO floors(building_id,name) SELECT id,'pb' FROM buildings WHERE name='Anexo D' ON CONFLICT (building_id,name) DO NOTHING;
INSERT INTO floors(building_id,name) SELECT id,'PB' FROM buildings WHERE name='Anexo E' ON CONFLICT (building_id,name) DO NOTHING;
INSERT INTO floors(building_id,name) SELECT id,'pb' FROM buildings WHERE name='Anexo E' ON CONFLICT (building_id,name) DO NOTHING;
INSERT INTO floors(building_id,name) SELECT id,'01' FROM buildings WHERE name='Anexo H' ON CONFLICT (building_id,name) DO NOTHING;
INSERT INTO floors(building_id,name) SELECT id,'02' FROM buildings WHERE name='Anexo H' ON CONFLICT (building_id,name) DO NOTHING;
INSERT INTO floors(building_id,name) SELECT id,'03' FROM buildings WHERE name='Anexo H' ON CONFLICT (building_id,name) DO NOTHING;
INSERT INTO floors(building_id,name) SELECT id,'04' FROM buildings WHERE name='Anexo H' ON CONFLICT (building_id,name) DO NOTHING;
INSERT INTO floors(building_id,name) SELECT id,'05' FROM buildings WHERE name='Anexo H' ON CONFLICT (building_id,name) DO NOTHING;
INSERT INTO floors(building_id,name) SELECT id,'06' FROM buildings WHERE name='Anexo H' ON CONFLICT (building_id,name) DO NOTHING;
INSERT INTO floors(building_id,name) SELECT id,'3' FROM buildings WHERE name='Anexo H' ON CONFLICT (building_id,name) DO NOTHING;
INSERT INTO floors(building_id,name) SELECT id,'6' FROM buildings WHERE name='Anexo H' ON CONFLICT (building_id,name) DO NOTHING;
INSERT INTO floors(building_id,name) SELECT id,'pb' FROM buildings WHERE name='Anexo H' ON CONFLICT (building_id,name) DO NOTHING;
INSERT INTO floors(building_id,name) SELECT id,'01' FROM buildings WHERE name='Palacio' ON CONFLICT (building_id,name) DO NOTHING;
INSERT INTO floors(building_id,name) SELECT id,'02' FROM buildings WHERE name='Palacio' ON CONFLICT (building_id,name) DO NOTHING;
INSERT INTO floors(building_id,name) SELECT id,'03' FROM buildings WHERE name='Palacio' ON CONFLICT (building_id,name) DO NOTHING;
INSERT INTO floors(building_id,name) SELECT id,'1' FROM buildings WHERE name='Palacio' ON CONFLICT (building_id,name) DO NOTHING;
INSERT INTO floors(building_id,name) SELECT id,'1ss' FROM buildings WHERE name='Palacio' ON CONFLICT (building_id,name) DO NOTHING;
INSERT INTO floors(building_id,name) SELECT id,'2' FROM buildings WHERE name='Palacio' ON CONFLICT (building_id,name) DO NOTHING;
INSERT INTO floors(building_id,name) SELECT id,'3' FROM buildings WHERE name='Palacio' ON CONFLICT (building_id,name) DO NOTHING;
INSERT INTO floors(building_id,name) SELECT id,'pb' FROM buildings WHERE name='Palacio' ON CONFLICT (building_id,name) DO NOTHING;
INSERT INTO floors(building_id,name) SELECT id,'PB' FROM buildings WHERE name='Palacio' ON CONFLICT (building_id,name) DO NOTHING;
INSERT INTO floors(building_id,name) SELECT id,'01' FROM buildings WHERE name='Pasco 650' ON CONFLICT (building_id,name) DO NOTHING;
INSERT INTO floors(building_id,name) SELECT id,'pb' FROM buildings WHERE name='Pasco 650' ON CONFLICT (building_id,name) DO NOTHING;
INSERT INTO floors(building_id,name) SELECT id,'4' FROM buildings WHERE name='Rivadavia 1829' ON CONFLICT (building_id,name) DO NOTHING;
INSERT INTO floors(building_id,name) SELECT id,'1' FROM buildings WHERE name='Yrigoyen 1920' ON CONFLICT (building_id,name) DO NOTHING;

INSERT INTO racks(building_id,floor_id,code) SELECT b.id,f.id,'0141' FROM buildings b LEFT JOIN floors f ON f.building_id=b.id AND f.name='01' WHERE b.name='Anexo A' ON CONFLICT (building_id,floor_id,code) DO NOTHING;
INSERT INTO racks(building_id,floor_id,code) SELECT b.id,f.id,'0145' FROM buildings b LEFT JOIN floors f ON f.building_id=b.id AND f.name='02' WHERE b.name='Anexo A' ON CONFLICT (building_id,floor_id,code) DO NOTHING;
INSERT INTO racks(building_id,floor_id,code) SELECT b.id,f.id,'0146' FROM buildings b LEFT JOIN floors f ON f.building_id=b.id AND f.name='03' WHERE b.name='Anexo A' ON CONFLICT (building_id,floor_id,code) DO NOTHING;
INSERT INTO racks(building_id,floor_id,code) SELECT b.id,f.id,'0150' FROM buildings b LEFT JOIN floors f ON f.building_id=b.id AND f.name='03' WHERE b.name='Anexo A' ON CONFLICT (building_id,floor_id,code) DO NOTHING;
INSERT INTO racks(building_id,floor_id,code) SELECT b.id,f.id,'0151' FROM buildings b LEFT JOIN floors f ON f.building_id=b.id AND f.name='03' WHERE b.name='Anexo A' ON CONFLICT (building_id,floor_id,code) DO NOTHING;
INSERT INTO racks(building_id,floor_id,code) SELECT b.id,f.id,'0155' FROM buildings b LEFT JOIN floors f ON f.building_id=b.id AND f.name='04' WHERE b.name='Anexo A' ON CONFLICT (building_id,floor_id,code) DO NOTHING;
INSERT INTO racks(building_id,floor_id,code) SELECT b.id,f.id,'0100' FROM buildings b LEFT JOIN floors f ON f.building_id=b.id AND f.name='05' WHERE b.name='Anexo A' ON CONFLICT (building_id,floor_id,code) DO NOTHING;
INSERT INTO racks(building_id,floor_id,code) SELECT b.id,f.id,'0160' FROM buildings b LEFT JOIN floors f ON f.building_id=b.id AND f.name='05' WHERE b.name='Anexo A' ON CONFLICT (building_id,floor_id,code) DO NOTHING;
INSERT INTO racks(building_id,floor_id,code) SELECT b.id,f.id,'0161' FROM buildings b LEFT JOIN floors f ON f.building_id=b.id AND f.name='05' WHERE b.name='Anexo A' ON CONFLICT (building_id,floor_id,code) DO NOTHING;
INSERT INTO racks(building_id,floor_id,code) SELECT b.id,f.id,'0167' FROM buildings b LEFT JOIN floors f ON f.building_id=b.id AND f.name='06' WHERE b.name='Anexo A' ON CONFLICT (building_id,floor_id,code) DO NOTHING;
INSERT INTO racks(building_id,floor_id,code) SELECT b.id,f.id,'0165' FROM buildings b LEFT JOIN floors f ON f.building_id=b.id AND f.name='07' WHERE b.name='Anexo A' ON CONFLICT (building_id,floor_id,code) DO NOTHING;
INSERT INTO racks(building_id,floor_id,code) SELECT b.id,f.id,'0167' FROM buildings b LEFT JOIN floors f ON f.building_id=b.id AND f.name='07' WHERE b.name='Anexo A' ON CONFLICT (building_id,floor_id,code) DO NOTHING;
INSERT INTO racks(building_id,floor_id,code) SELECT b.id,f.id,'0017' FROM buildings b LEFT JOIN floors f ON f.building_id=b.id AND f.name='08' WHERE b.name='Anexo A' ON CONFLICT (building_id,floor_id,code) DO NOTHING;
INSERT INTO racks(building_id,floor_id,code) SELECT b.id,f.id,'0167' FROM buildings b LEFT JOIN floors f ON f.building_id=b.id AND f.name='08' WHERE b.name='Anexo A' ON CONFLICT (building_id,floor_id,code) DO NOTHING;
INSERT INTO racks(building_id,floor_id,code) SELECT b.id,f.id,'0170' FROM buildings b LEFT JOIN floors f ON f.building_id=b.id AND f.name='09' WHERE b.name='Anexo A' ON CONFLICT (building_id,floor_id,code) DO NOTHING;
INSERT INTO racks(building_id,floor_id,code) SELECT b.id,f.id,'0171' FROM buildings b LEFT JOIN floors f ON f.building_id=b.id AND f.name='09' WHERE b.name='Anexo A' ON CONFLICT (building_id,floor_id,code) DO NOTHING;
INSERT INTO racks(building_id,floor_id,code) SELECT b.id,f.id,'141' FROM buildings b LEFT JOIN floors f ON f.building_id=b.id AND f.name='1' WHERE b.name='Anexo A' ON CONFLICT (building_id,floor_id,code) DO NOTHING;
INSERT INTO racks(building_id,floor_id,code) SELECT b.id,f.id,'0176' FROM buildings b LEFT JOIN floors f ON f.building_id=b.id AND f.name='10' WHERE b.name='Anexo A' ON CONFLICT (building_id,floor_id,code) DO NOTHING;
INSERT INTO racks(building_id,floor_id,code) SELECT b.id,f.id,'0177' FROM buildings b LEFT JOIN floors f ON f.building_id=b.id AND f.name='10' WHERE b.name='Anexo A' ON CONFLICT (building_id,floor_id,code) DO NOTHING;
INSERT INTO racks(building_id,floor_id,code) SELECT b.id,f.id,'0175' FROM buildings b LEFT JOIN floors f ON f.building_id=b.id AND f.name='11' WHERE b.name='Anexo A' ON CONFLICT (building_id,floor_id,code) DO NOTHING;
INSERT INTO racks(building_id,floor_id,code) SELECT b.id,f.id,'0176' FROM buildings b LEFT JOIN floors f ON f.building_id=b.id AND f.name='11' WHERE b.name='Anexo A' ON CONFLICT (building_id,floor_id,code) DO NOTHING;
INSERT INTO racks(building_id,floor_id,code) SELECT b.id,f.id,'0177' FROM buildings b LEFT JOIN floors f ON f.building_id=b.id AND f.name='11' WHERE b.name='Anexo A' ON CONFLICT (building_id,floor_id,code) DO NOTHING;
INSERT INTO racks(building_id,floor_id,code) SELECT b.id,f.id,'0176' FROM buildings b LEFT JOIN floors f ON f.building_id=b.id AND f.name='12' WHERE b.name='Anexo A' ON CONFLICT (building_id,floor_id,code) DO NOTHING;
INSERT INTO racks(building_id,floor_id,code) SELECT b.id,f.id,'0177' FROM buildings b LEFT JOIN floors f ON f.building_id=b.id AND f.name='12' WHERE b.name='Anexo A' ON CONFLICT (building_id,floor_id,code) DO NOTHING;
INSERT INTO racks(building_id,floor_id,code) SELECT b.id,f.id,'0180' FROM buildings b LEFT JOIN floors f ON f.building_id=b.id AND f.name='13' WHERE b.name='Anexo A' ON CONFLICT (building_id,floor_id,code) DO NOTHING;
INSERT INTO racks(building_id,floor_id,code) SELECT b.id,f.id,'0181' FROM buildings b LEFT JOIN floors f ON f.building_id=b.id AND f.name='13' WHERE b.name='Anexo A' ON CONFLICT (building_id,floor_id,code) DO NOTHING;
INSERT INTO racks(building_id,floor_id,code) SELECT b.id,f.id,'0182' FROM buildings b LEFT JOIN floors f ON f.building_id=b.id AND f.name='13' WHERE b.name='Anexo A' ON CONFLICT (building_id,floor_id,code) DO NOTHING;
INSERT INTO racks(building_id,floor_id,code) SELECT b.id,f.id,'182' FROM buildings b LEFT JOIN floors f ON f.building_id=b.id AND f.name='13' WHERE b.name='Anexo A' ON CONFLICT (building_id,floor_id,code) DO NOTHING;
INSERT INTO racks(building_id,floor_id,code) SELECT b.id,f.id,'0127' FROM buildings b LEFT JOIN floors f ON f.building_id=b.id AND f.name='1ss' WHERE b.name='Anexo A' ON CONFLICT (building_id,floor_id,code) DO NOTHING;
INSERT INTO racks(building_id,floor_id,code) SELECT b.id,f.id,'0135' FROM buildings b LEFT JOIN floors f ON f.building_id=b.id AND f.name='1ss' WHERE b.name='Anexo A' ON CONFLICT (building_id,floor_id,code) DO NOTHING;
INSERT INTO racks(building_id,floor_id,code) SELECT b.id,f.id,'RACK 12' FROM buildings b LEFT JOIN floors f ON f.building_id=b.id AND f.name='1SS' WHERE b.name='Anexo A' ON CONFLICT (building_id,floor_id,code) DO NOTHING;
INSERT INTO racks(building_id,floor_id,code) SELECT b.id,f.id,'RACK 12' FROM buildings b LEFT JOIN floors f ON f.building_id=b.id AND f.name='1SSS' WHERE b.name='Anexo A' ON CONFLICT (building_id,floor_id,code) DO NOTHING;
INSERT INTO racks(building_id,floor_id,code) SELECT b.id,f.id,'0120' FROM buildings b LEFT JOIN floors f ON f.building_id=b.id AND f.name='2ss' WHERE b.name='Anexo A' ON CONFLICT (building_id,floor_id,code) DO NOTHING;
INSERT INTO racks(building_id,floor_id,code) SELECT b.id,f.id,'0127' FROM buildings b LEFT JOIN floors f ON f.building_id=b.id AND f.name='2ss' WHERE b.name='Anexo A' ON CONFLICT (building_id,floor_id,code) DO NOTHING;
INSERT INTO racks(building_id,floor_id,code) SELECT b.id,f.id,'0120' FROM buildings b LEFT JOIN floors f ON f.building_id=b.id AND f.name='3ss' WHERE b.name='Anexo A' ON CONFLICT (building_id,floor_id,code) DO NOTHING;
INSERT INTO racks(building_id,floor_id,code) SELECT b.id,f.id,'0120' FROM buildings b LEFT JOIN floors f ON f.building_id=b.id AND f.name='3SS' WHERE b.name='Anexo A' ON CONFLICT (building_id,floor_id,code) DO NOTHING;
INSERT INTO racks(building_id,floor_id,code) SELECT b.id,f.id,'0120' FROM buildings b LEFT JOIN floors f ON f.building_id=b.id AND f.name='4ss' WHERE b.name='Anexo A' ON CONFLICT (building_id,floor_id,code) DO NOTHING;
INSERT INTO racks(building_id,floor_id,code) SELECT b.id,f.id,'0120' FROM buildings b LEFT JOIN floors f ON f.building_id=b.id AND f.name='5ss' WHERE b.name='Anexo A' ON CONFLICT (building_id,floor_id,code) DO NOTHING;
INSERT INTO racks(building_id,floor_id,code) SELECT b.id,f.id,'0127' FROM buildings b LEFT JOIN floors f ON f.building_id=b.id AND f.name='6ss' WHERE b.name='Anexo A' ON CONFLICT (building_id,floor_id,code) DO NOTHING;
INSERT INTO racks(building_id,floor_id,code) SELECT b.id,f.id,'0131' FROM buildings b LEFT JOIN floors f ON f.building_id=b.id AND f.name='EP1' WHERE b.name='Anexo A' ON CONFLICT (building_id,floor_id,code) DO NOTHING;
INSERT INTO racks(building_id,floor_id,code) SELECT b.id,f.id,'0135' FROM buildings b LEFT JOIN floors f ON f.building_id=b.id AND f.name='EP1' WHERE b.name='Anexo A' ON CONFLICT (building_id,floor_id,code) DO NOTHING;
INSERT INTO racks(building_id,floor_id,code) SELECT b.id,f.id,'135' FROM buildings b LEFT JOIN floors f ON f.building_id=b.id AND f.name='ep1' WHERE b.name='Anexo A' ON CONFLICT (building_id,floor_id,code) DO NOTHING;
INSERT INTO racks(building_id,floor_id,code) SELECT b.id,f.id,'0131' FROM buildings b LEFT JOIN floors f ON f.building_id=b.id AND f.name='ep2' WHERE b.name='Anexo A' ON CONFLICT (building_id,floor_id,code) DO NOTHING;
INSERT INTO racks(building_id,floor_id,code) SELECT b.id,f.id,'0135' FROM buildings b LEFT JOIN floors f ON f.building_id=b.id AND f.name='ep2' WHERE b.name='Anexo A' ON CONFLICT (building_id,floor_id,code) DO NOTHING;
INSERT INTO racks(building_id,floor_id,code) SELECT b.id,f.id,'131' FROM buildings b LEFT JOIN floors f ON f.building_id=b.id AND f.name='ep2' WHERE b.name='Anexo A' ON CONFLICT (building_id,floor_id,code) DO NOTHING;
INSERT INTO racks(building_id,floor_id,code) SELECT b.id,f.id,'0131' FROM buildings b LEFT JOIN floors f ON f.building_id=b.id AND f.name='pb' WHERE b.name='Anexo A' ON CONFLICT (building_id,floor_id,code) DO NOTHING;
INSERT INTO racks(building_id,floor_id,code) SELECT b.id,f.id,'0135' FROM buildings b LEFT JOIN floors f ON f.building_id=b.id AND f.name='pb' WHERE b.name='Anexo A' ON CONFLICT (building_id,floor_id,code) DO NOTHING;
INSERT INTO racks(building_id,floor_id,code) SELECT b.id,f.id,'0135' FROM buildings b LEFT JOIN floors f ON f.building_id=b.id AND f.name='PB' WHERE b.name='Anexo A' ON CONFLICT (building_id,floor_id,code) DO NOTHING;
INSERT INTO racks(building_id,floor_id,code) SELECT b.id,f.id,'131' FROM buildings b LEFT JOIN floors f ON f.building_id=b.id AND f.name='pb' WHERE b.name='Anexo A' ON CONFLICT (building_id,floor_id,code) DO NOTHING;
INSERT INTO racks(building_id,floor_id,code) SELECT b.id,f.id,'135' FROM buildings b LEFT JOIN floors f ON f.building_id=b.id AND f.name='pb' WHERE b.name='Anexo A' ON CONFLICT (building_id,floor_id,code) DO NOTHING;
INSERT INTO racks(building_id,floor_id,code) SELECT b.id,f.id,'0200' FROM buildings b LEFT JOIN floors f ON f.building_id=b.id AND f.name='01' WHERE b.name='Anexo B' ON CONFLICT (building_id,floor_id,code) DO NOTHING;
INSERT INTO racks(building_id,floor_id,code) SELECT b.id,f.id,'200' FROM buildings b LEFT JOIN floors f ON f.building_id=b.id AND f.name='1' WHERE b.name='Anexo B' ON CONFLICT (building_id,floor_id,code) DO NOTHING;
INSERT INTO racks(building_id,floor_id,code) SELECT b.id,f.id,'135' FROM buildings b LEFT JOIN floors f ON f.building_id=b.id AND f.name='EP1' WHERE b.name='Anexo B' ON CONFLICT (building_id,floor_id,code) DO NOTHING;
INSERT INTO racks(building_id,floor_id,code) SELECT b.id,f.id,'0310' FROM buildings b LEFT JOIN floors f ON f.building_id=b.id AND f.name='01' WHERE b.name='Anexo C' ON CONFLICT (building_id,floor_id,code) DO NOTHING;
INSERT INTO racks(building_id,floor_id,code) SELECT b.id,f.id,'0320' FROM buildings b LEFT JOIN floors f ON f.building_id=b.id AND f.name='02' WHERE b.name='Anexo C' ON CONFLICT (building_id,floor_id,code) DO NOTHING;
INSERT INTO racks(building_id,floor_id,code) SELECT b.id,f.id,'0340' FROM buildings b LEFT JOIN floors f ON f.building_id=b.id AND f.name='04' WHERE b.name='Anexo C' ON CONFLICT (building_id,floor_id,code) DO NOTHING;
INSERT INTO racks(building_id,floor_id,code) SELECT b.id,f.id,'0350' FROM buildings b LEFT JOIN floors f ON f.building_id=b.id AND f.name='05' WHERE b.name='Anexo C' ON CONFLICT (building_id,floor_id,code) DO NOTHING;
INSERT INTO racks(building_id,floor_id,code) SELECT b.id,f.id,'0370' FROM buildings b LEFT JOIN floors f ON f.building_id=b.id AND f.name='07' WHERE b.name='Anexo C' ON CONFLICT (building_id,floor_id,code) DO NOTHING;
INSERT INTO racks(building_id,floor_id,code) SELECT b.id,f.id,'0380' FROM buildings b LEFT JOIN floors f ON f.building_id=b.id AND f.name='08' WHERE b.name='Anexo C' ON CONFLICT (building_id,floor_id,code) DO NOTHING;
INSERT INTO racks(building_id,floor_id,code) SELECT b.id,f.id,'310' FROM buildings b LEFT JOIN floors f ON f.building_id=b.id AND f.name='1' WHERE b.name='Anexo C' ON CONFLICT (building_id,floor_id,code) DO NOTHING;
INSERT INTO racks(building_id,floor_id,code) SELECT b.id,f.id,'0127' FROM buildings b LEFT JOIN floors f ON f.building_id=b.id AND f.name='1ss' WHERE b.name='Anexo C' ON CONFLICT (building_id,floor_id,code) DO NOTHING;
INSERT INTO racks(building_id,floor_id,code) SELECT b.id,f.id,'0400' FROM buildings b LEFT JOIN floors f ON f.building_id=b.id AND f.name='1ss' WHERE b.name='Anexo C' ON CONFLICT (building_id,floor_id,code) DO NOTHING;
INSERT INTO racks(building_id,floor_id,code) SELECT b.id,f.id,'0380' FROM buildings b LEFT JOIN floors f ON f.building_id=b.id AND f.name='8' WHERE b.name='Anexo C' ON CONFLICT (building_id,floor_id,code) DO NOTHING;
INSERT INTO racks(building_id,floor_id,code) SELECT b.id,f.id,'135' FROM buildings b LEFT JOIN floors f ON f.building_id=b.id AND f.name='ep1' WHERE b.name='Anexo C' ON CONFLICT (building_id,floor_id,code) DO NOTHING;
INSERT INTO racks(building_id,floor_id,code) SELECT b.id,f.id,'0300' FROM buildings b LEFT JOIN floors f ON f.building_id=b.id AND f.name='PB' WHERE b.name='Anexo C' ON CONFLICT (building_id,floor_id,code) DO NOTHING;
INSERT INTO racks(building_id,floor_id,code) SELECT b.id,f.id,'0310' FROM buildings b LEFT JOIN floors f ON f.building_id=b.id AND f.name='pb' WHERE b.name='Anexo C' ON CONFLICT (building_id,floor_id,code) DO NOTHING;
INSERT INTO racks(building_id,floor_id,code) SELECT b.id,f.id,'0400' FROM buildings b LEFT JOIN floors f ON f.building_id=b.id AND f.name='01' WHERE b.name='Anexo D' ON CONFLICT (building_id,floor_id,code) DO NOTHING;
INSERT INTO racks(building_id,floor_id,code) SELECT b.id,f.id,'0420' FROM buildings b LEFT JOIN floors f ON f.building_id=b.id AND f.name='02' WHERE b.name='Anexo D' ON CONFLICT (building_id,floor_id,code) DO NOTHING;
INSERT INTO racks(building_id,floor_id,code) SELECT b.id,f.id,'0430' FROM buildings b LEFT JOIN floors f ON f.building_id=b.id AND f.name='03' WHERE b.name='Anexo D' ON CONFLICT (building_id,floor_id,code) DO NOTHING;
INSERT INTO racks(building_id,floor_id,code) SELECT b.id,f.id,'0440' FROM buildings b LEFT JOIN floors f ON f.building_id=b.id AND f.name='04' WHERE b.name='Anexo D' ON CONFLICT (building_id,floor_id,code) DO NOTHING;
INSERT INTO racks(building_id,floor_id,code) SELECT b.id,f.id,'0450' FROM buildings b LEFT JOIN floors f ON f.building_id=b.id AND f.name='05' WHERE b.name='Anexo D' ON CONFLICT (building_id,floor_id,code) DO NOTHING;
INSERT INTO racks(building_id,floor_id,code) SELECT b.id,f.id,'0470' FROM buildings b LEFT JOIN floors f ON f.building_id=b.id AND f.name='07' WHERE b.name='Anexo D' ON CONFLICT (building_id,floor_id,code) DO NOTHING;
INSERT INTO racks(building_id,floor_id,code) SELECT b.id,f.id,'0480' FROM buildings b LEFT JOIN floors f ON f.building_id=b.id AND f.name='08' WHERE b.name='Anexo D' ON CONFLICT (building_id,floor_id,code) DO NOTHING;
INSERT INTO racks(building_id,floor_id,code) SELECT b.id,f.id,'0400' FROM buildings b LEFT JOIN floors f ON f.building_id=b.id AND f.name='1ss' WHERE b.name='Anexo D' ON CONFLICT (building_id,floor_id,code) DO NOTHING;
INSERT INTO racks(building_id,floor_id,code) SELECT b.id,f.id,'0460' FROM buildings b LEFT JOIN floors f ON f.building_id=b.id AND f.name='6' WHERE b.name='Anexo D' ON CONFLICT (building_id,floor_id,code) DO NOTHING;
INSERT INTO racks(building_id,floor_id,code) SELECT b.id,f.id,'0480' FROM buildings b LEFT JOIN floors f ON f.building_id=b.id AND f.name='8' WHERE b.name='Anexo D' ON CONFLICT (building_id,floor_id,code) DO NOTHING;
INSERT INTO racks(building_id,floor_id,code) SELECT b.id,f.id,'0400' FROM buildings b LEFT JOIN floors f ON f.building_id=b.id AND f.name='pb' WHERE b.name='Anexo D' ON CONFLICT (building_id,floor_id,code) DO NOTHING;
INSERT INTO racks(building_id,floor_id,code) SELECT b.id,f.id,'400' FROM buildings b LEFT JOIN floors f ON f.building_id=b.id AND f.name='pb' WHERE b.name='Anexo D' ON CONFLICT (building_id,floor_id,code) DO NOTHING;
INSERT INTO racks(building_id,floor_id,code) SELECT b.id,f.id,'0500' FROM buildings b LEFT JOIN floors f ON f.building_id=b.id AND f.name='pb' WHERE b.name='Anexo E' ON CONFLICT (building_id,floor_id,code) DO NOTHING;
INSERT INTO racks(building_id,floor_id,code) SELECT b.id,f.id,'500' FROM buildings b LEFT JOIN floors f ON f.building_id=b.id AND f.name='PB' WHERE b.name='Anexo E' ON CONFLICT (building_id,floor_id,code) DO NOTHING;
INSERT INTO racks(building_id,floor_id,code) SELECT b.id,f.id,'0810' FROM buildings b LEFT JOIN floors f ON f.building_id=b.id AND f.name='01' WHERE b.name='Anexo H' ON CONFLICT (building_id,floor_id,code) DO NOTHING;
INSERT INTO racks(building_id,floor_id,code) SELECT b.id,f.id,'0820' FROM buildings b LEFT JOIN floors f ON f.building_id=b.id AND f.name='02' WHERE b.name='Anexo H' ON CONFLICT (building_id,floor_id,code) DO NOTHING;
INSERT INTO racks(building_id,floor_id,code) SELECT b.id,f.id,'0830' FROM buildings b LEFT JOIN floors f ON f.building_id=b.id AND f.name='03' WHERE b.name='Anexo H' ON CONFLICT (building_id,floor_id,code) DO NOTHING;
INSERT INTO racks(building_id,floor_id,code) SELECT b.id,f.id,'0840' FROM buildings b LEFT JOIN floors f ON f.building_id=b.id AND f.name='04' WHERE b.name='Anexo H' ON CONFLICT (building_id,floor_id,code) DO NOTHING;
INSERT INTO racks(building_id,floor_id,code) SELECT b.id,f.id,'0850' FROM buildings b LEFT JOIN floors f ON f.building_id=b.id AND f.name='05' WHERE b.name='Anexo H' ON CONFLICT (building_id,floor_id,code) DO NOTHING;
INSERT INTO racks(building_id,floor_id,code) SELECT b.id,f.id,'0851' FROM buildings b LEFT JOIN floors f ON f.building_id=b.id AND f.name='05' WHERE b.name='Anexo H' ON CONFLICT (building_id,floor_id,code) DO NOTHING;
INSERT INTO racks(building_id,floor_id,code) SELECT b.id,f.id,'0860' FROM buildings b LEFT JOIN floors f ON f.building_id=b.id AND f.name='06' WHERE b.name='Anexo H' ON CONFLICT (building_id,floor_id,code) DO NOTHING;
INSERT INTO racks(building_id,floor_id,code) SELECT b.id,f.id,'0830' FROM buildings b LEFT JOIN floors f ON f.building_id=b.id AND f.name='3' WHERE b.name='Anexo H' ON CONFLICT (building_id,floor_id,code) DO NOTHING;
INSERT INTO racks(building_id,floor_id,code) SELECT b.id,f.id,'0860' FROM buildings b LEFT JOIN floors f ON f.building_id=b.id AND f.name='6' WHERE b.name='Anexo H' ON CONFLICT (building_id,floor_id,code) DO NOTHING;
INSERT INTO racks(building_id,floor_id,code) SELECT b.id,f.id,'860' FROM buildings b LEFT JOIN floors f ON f.building_id=b.id AND f.name='6' WHERE b.name='Anexo H' ON CONFLICT (building_id,floor_id,code) DO NOTHING;
INSERT INTO racks(building_id,floor_id,code) SELECT b.id,f.id,'0810' FROM buildings b LEFT JOIN floors f ON f.building_id=b.id AND f.name='pb' WHERE b.name='Anexo H' ON CONFLICT (building_id,floor_id,code) DO NOTHING;
INSERT INTO racks(building_id,floor_id,code) SELECT b.id,f.id,'0025' FROM buildings b LEFT JOIN floors f ON f.building_id=b.id AND f.name='01' WHERE b.name='Palacio' ON CONFLICT (building_id,floor_id,code) DO NOTHING;
INSERT INTO racks(building_id,floor_id,code) SELECT b.id,f.id,'0043' FROM buildings b LEFT JOIN floors f ON f.building_id=b.id AND f.name='02' WHERE b.name='Palacio' ON CONFLICT (building_id,floor_id,code) DO NOTHING;
INSERT INTO racks(building_id,floor_id,code) SELECT b.id,f.id,'0065' FROM buildings b LEFT JOIN floors f ON f.building_id=b.id AND f.name='03' WHERE b.name='Palacio' ON CONFLICT (building_id,floor_id,code) DO NOTHING;
INSERT INTO racks(building_id,floor_id,code) SELECT b.id,f.id,'1' FROM buildings b LEFT JOIN floors f ON f.building_id=b.id AND f.name='1' WHERE b.name='Palacio' ON CONFLICT (building_id,floor_id,code) DO NOTHING;
INSERT INTO racks(building_id,floor_id,code) SELECT b.id,f.id,'21' FROM buildings b LEFT JOIN floors f ON f.building_id=b.id AND f.name='1' WHERE b.name='Palacio' ON CONFLICT (building_id,floor_id,code) DO NOTHING;
INSERT INTO racks(building_id,floor_id,code) SELECT b.id,f.id,'25' FROM buildings b LEFT JOIN floors f ON f.building_id=b.id AND f.name='1' WHERE b.name='Palacio' ON CONFLICT (building_id,floor_id,code) DO NOTHING;
INSERT INTO racks(building_id,floor_id,code) SELECT b.id,f.id,'90' FROM buildings b LEFT JOIN floors f ON f.building_id=b.id AND f.name='1ss' WHERE b.name='Palacio' ON CONFLICT (building_id,floor_id,code) DO NOTHING;
INSERT INTO racks(building_id,floor_id,code) SELECT b.id,f.id,'91' FROM buildings b LEFT JOIN floors f ON f.building_id=b.id AND f.name='1ss' WHERE b.name='Palacio' ON CONFLICT (building_id,floor_id,code) DO NOTHING;
INSERT INTO racks(building_id,floor_id,code) SELECT b.id,f.id,'92' FROM buildings b LEFT JOIN floors f ON f.building_id=b.id AND f.name='1ss' WHERE b.name='Palacio' ON CONFLICT (building_id,floor_id,code) DO NOTHING;
INSERT INTO racks(building_id,floor_id,code) SELECT b.id,f.id,'94' FROM buildings b LEFT JOIN floors f ON f.building_id=b.id AND f.name='1ss' WHERE b.name='Palacio' ON CONFLICT (building_id,floor_id,code) DO NOTHING;
INSERT INTO racks(building_id,floor_id,code) SELECT b.id,f.id,'1' FROM buildings b LEFT JOIN floors f ON f.building_id=b.id AND f.name='2' WHERE b.name='Palacio' ON CONFLICT (building_id,floor_id,code) DO NOTHING;
INSERT INTO racks(building_id,floor_id,code) SELECT b.id,f.id,'40' FROM buildings b LEFT JOIN floors f ON f.building_id=b.id AND f.name='2' WHERE b.name='Palacio' ON CONFLICT (building_id,floor_id,code) DO NOTHING;
INSERT INTO racks(building_id,floor_id,code) SELECT b.id,f.id,'9' FROM buildings b LEFT JOIN floors f ON f.building_id=b.id AND f.name='2' WHERE b.name='Palacio' ON CONFLICT (building_id,floor_id,code) DO NOTHING;
INSERT INTO racks(building_id,floor_id,code) SELECT b.id,f.id,'329' FROM buildings b LEFT JOIN floors f ON f.building_id=b.id AND f.name='3' WHERE b.name='Palacio' ON CONFLICT (building_id,floor_id,code) DO NOTHING;
INSERT INTO racks(building_id,floor_id,code) SELECT b.id,f.id,'800' FROM buildings b LEFT JOIN floors f ON f.building_id=b.id AND f.name='3' WHERE b.name='Palacio' ON CONFLICT (building_id,floor_id,code) DO NOTHING;
INSERT INTO racks(building_id,floor_id,code) SELECT b.id,f.id,'0001' FROM buildings b LEFT JOIN floors f ON f.building_id=b.id AND f.name='pb' WHERE b.name='Palacio' ON CONFLICT (building_id,floor_id,code) DO NOTHING;
INSERT INTO racks(building_id,floor_id,code) SELECT b.id,f.id,'0001' FROM buildings b LEFT JOIN floors f ON f.building_id=b.id AND f.name='PB' WHERE b.name='Palacio' ON CONFLICT (building_id,floor_id,code) DO NOTHING;
INSERT INTO racks(building_id,floor_id,code) SELECT b.id,f.id,'1' FROM buildings b LEFT JOIN floors f ON f.building_id=b.id AND f.name='pb' WHERE b.name='Palacio' ON CONFLICT (building_id,floor_id,code) DO NOTHING;
INSERT INTO racks(building_id,floor_id,code) SELECT b.id,f.id,'10' FROM buildings b LEFT JOIN floors f ON f.building_id=b.id AND f.name='pb' WHERE b.name='Palacio' ON CONFLICT (building_id,floor_id,code) DO NOTHING;
INSERT INTO racks(building_id,floor_id,code) SELECT b.id,f.id,'14' FROM buildings b LEFT JOIN floors f ON f.building_id=b.id AND f.name='pb' WHERE b.name='Palacio' ON CONFLICT (building_id,floor_id,code) DO NOTHING;
INSERT INTO racks(building_id,floor_id,code) SELECT b.id,f.id,'3' FROM buildings b LEFT JOIN floors f ON f.building_id=b.id AND f.name='pb' WHERE b.name='Palacio' ON CONFLICT (building_id,floor_id,code) DO NOTHING;
INSERT INTO racks(building_id,floor_id,code) SELECT b.id,f.id,'3' FROM buildings b LEFT JOIN floors f ON f.building_id=b.id AND f.name='PB' WHERE b.name='Palacio' ON CONFLICT (building_id,floor_id,code) DO NOTHING;
INSERT INTO racks(building_id,floor_id,code) SELECT b.id,f.id,'9' FROM buildings b LEFT JOIN floors f ON f.building_id=b.id AND f.name='pb' WHERE b.name='Palacio' ON CONFLICT (building_id,floor_id,code) DO NOTHING;
INSERT INTO racks(building_id,floor_id,code) SELECT b.id,f.id,'1501' FROM buildings b LEFT JOIN floors f ON f.building_id=b.id AND f.name='01' WHERE b.name='Pasco 650' ON CONFLICT (building_id,floor_id,code) DO NOTHING;
INSERT INTO racks(building_id,floor_id,code) SELECT b.id,f.id,'1401' FROM buildings b LEFT JOIN floors f ON f.building_id=b.id AND f.name='pb' WHERE b.name='Pasco 650' ON CONFLICT (building_id,floor_id,code) DO NOTHING;
INSERT INTO racks(building_id,floor_id,code) SELECT b.id,f.id,'930' FROM buildings b LEFT JOIN floors f ON f.building_id=b.id AND f.name='4' WHERE b.name='Rivadavia 1829' ON CONFLICT (building_id,floor_id,code) DO NOTHING;
INSERT INTO racks(building_id,floor_id,code) SELECT b.id,f.id,'1010' FROM buildings b LEFT JOIN floors f ON f.building_id=b.id AND f.name='1' WHERE b.name='Yrigoyen 1920' ON CONFLICT (building_id,floor_id,code) DO NOTHING;

INSERT INTO cctv_devices (id,device_type,status,brand,model,serial_number,mac_address,asset_number,firmware,comments,source_updated_at) VALUES ('morjsqbq9un413up','camera','revisar','Bosh','NBN-921-14IP',NULL,'00:04:63:37:AA:77','NO',NULL,NULL,'2026-05-23T04:08:39.941Z') ON CONFLICT (id) DO UPDATE SET device_type=EXCLUDED.device_type,status=EXCLUDED.status,brand=EXCLUDED.brand,model=EXCLUDED.model,serial_number=EXCLUDED.serial_number,mac_address=EXCLUDED.mac_address,asset_number=EXCLUDED.asset_number,firmware=EXCLUDED.firmware,comments=EXCLUDED.comments,source_updated_at=EXCLUDED.source_updated_at;
INSERT INTO cameras(device_id,form_factor) VALUES ('morjsqbq9un413up','minibullet') ON CONFLICT (device_id) DO UPDATE SET form_factor=EXCLUDED.form_factor;
INSERT INTO cctv_devices (id,device_type,status,brand,model,serial_number,mac_address,asset_number,firmware,comments,source_updated_at) VALUES ('morjsqbq4kagz1hp','camera','revisar','Bosh','NBN-921-14IP',NULL,'00:04:63:37:AF:5A','NO',NULL,NULL,'2026-05-23T04:08:39.941Z') ON CONFLICT (id) DO UPDATE SET device_type=EXCLUDED.device_type,status=EXCLUDED.status,brand=EXCLUDED.brand,model=EXCLUDED.model,serial_number=EXCLUDED.serial_number,mac_address=EXCLUDED.mac_address,asset_number=EXCLUDED.asset_number,firmware=EXCLUDED.firmware,comments=EXCLUDED.comments,source_updated_at=EXCLUDED.source_updated_at;
INSERT INTO cameras(device_id,form_factor) VALUES ('morjsqbq4kagz1hp','minibullet') ON CONFLICT (device_id) DO UPDATE SET form_factor=EXCLUDED.form_factor;
INSERT INTO cctv_devices (id,device_type,status,brand,model,serial_number,mac_address,asset_number,firmware,comments,source_updated_at) VALUES ('morjsqbqjl59krck','camera','revisar','Bosh','NBN-921-14IP',NULL,'00:04:63:37:B6:F3','NO',NULL,NULL,'2026-05-23T04:08:39.941Z') ON CONFLICT (id) DO UPDATE SET device_type=EXCLUDED.device_type,status=EXCLUDED.status,brand=EXCLUDED.brand,model=EXCLUDED.model,serial_number=EXCLUDED.serial_number,mac_address=EXCLUDED.mac_address,asset_number=EXCLUDED.asset_number,firmware=EXCLUDED.firmware,comments=EXCLUDED.comments,source_updated_at=EXCLUDED.source_updated_at;
INSERT INTO cameras(device_id,form_factor) VALUES ('morjsqbqjl59krck','minibullet') ON CONFLICT (device_id) DO UPDATE SET form_factor=EXCLUDED.form_factor;
INSERT INTO cctv_devices (id,device_type,status,brand,model,serial_number,mac_address,asset_number,firmware,comments,source_updated_at) VALUES ('morjsqbqmyl7xxjh','camera','revisar','Bosh','NBN-921-14IP',NULL,'00:04:63:37:B6:F7','NO',NULL,NULL,'2026-05-23T04:08:39.941Z') ON CONFLICT (id) DO UPDATE SET device_type=EXCLUDED.device_type,status=EXCLUDED.status,brand=EXCLUDED.brand,model=EXCLUDED.model,serial_number=EXCLUDED.serial_number,mac_address=EXCLUDED.mac_address,asset_number=EXCLUDED.asset_number,firmware=EXCLUDED.firmware,comments=EXCLUDED.comments,source_updated_at=EXCLUDED.source_updated_at;
INSERT INTO cameras(device_id,form_factor) VALUES ('morjsqbqmyl7xxjh','minibullet') ON CONFLICT (device_id) DO UPDATE SET form_factor=EXCLUDED.form_factor;
INSERT INTO cctv_devices (id,device_type,status,brand,model,serial_number,mac_address,asset_number,firmware,comments,source_updated_at) VALUES ('morjsqbqm2aidxes','camera','revisar','Bosh','NBN-921-14IP',NULL,'00:04:63:37:B6:FA','NO',NULL,NULL,'2026-05-23T04:08:39.941Z') ON CONFLICT (id) DO UPDATE SET device_type=EXCLUDED.device_type,status=EXCLUDED.status,brand=EXCLUDED.brand,model=EXCLUDED.model,serial_number=EXCLUDED.serial_number,mac_address=EXCLUDED.mac_address,asset_number=EXCLUDED.asset_number,firmware=EXCLUDED.firmware,comments=EXCLUDED.comments,source_updated_at=EXCLUDED.source_updated_at;
INSERT INTO cameras(device_id,form_factor) VALUES ('morjsqbqm2aidxes','minibullet') ON CONFLICT (device_id) DO UPDATE SET form_factor=EXCLUDED.form_factor;
INSERT INTO cctv_devices (id,device_type,status,brand,model,serial_number,mac_address,asset_number,firmware,comments,source_updated_at) VALUES ('morjsqbqr214n25j','camera','revisar','Bosh','NBN-921-14IP',NULL,'00:04:63:37:B7:00','NO',NULL,NULL,'2026-05-23T04:08:39.941Z') ON CONFLICT (id) DO UPDATE SET device_type=EXCLUDED.device_type,status=EXCLUDED.status,brand=EXCLUDED.brand,model=EXCLUDED.model,serial_number=EXCLUDED.serial_number,mac_address=EXCLUDED.mac_address,asset_number=EXCLUDED.asset_number,firmware=EXCLUDED.firmware,comments=EXCLUDED.comments,source_updated_at=EXCLUDED.source_updated_at;
INSERT INTO cameras(device_id,form_factor) VALUES ('morjsqbqr214n25j','minibullet') ON CONFLICT (device_id) DO UPDATE SET form_factor=EXCLUDED.form_factor;
INSERT INTO cctv_devices (id,device_type,status,brand,model,serial_number,mac_address,asset_number,firmware,comments,source_updated_at) VALUES ('morjsqbqjcs17ztk','camera','revisar','Bosh','NBN-921-14IP',NULL,'00:04:63:37:B7:02','NO',NULL,NULL,'2026-05-23T04:08:39.941Z') ON CONFLICT (id) DO UPDATE SET device_type=EXCLUDED.device_type,status=EXCLUDED.status,brand=EXCLUDED.brand,model=EXCLUDED.model,serial_number=EXCLUDED.serial_number,mac_address=EXCLUDED.mac_address,asset_number=EXCLUDED.asset_number,firmware=EXCLUDED.firmware,comments=EXCLUDED.comments,source_updated_at=EXCLUDED.source_updated_at;
INSERT INTO cameras(device_id,form_factor) VALUES ('morjsqbqjcs17ztk','minibullet') ON CONFLICT (device_id) DO UPDATE SET form_factor=EXCLUDED.form_factor;
INSERT INTO cctv_devices (id,device_type,status,brand,model,serial_number,mac_address,asset_number,firmware,comments,source_updated_at) VALUES ('morjsqbqkwyxejjf','camera','revisar','Bosh','NBN-921-14IP',NULL,'00:04:63:37:B7:04','NO',NULL,NULL,'2026-05-23T04:08:39.941Z') ON CONFLICT (id) DO UPDATE SET device_type=EXCLUDED.device_type,status=EXCLUDED.status,brand=EXCLUDED.brand,model=EXCLUDED.model,serial_number=EXCLUDED.serial_number,mac_address=EXCLUDED.mac_address,asset_number=EXCLUDED.asset_number,firmware=EXCLUDED.firmware,comments=EXCLUDED.comments,source_updated_at=EXCLUDED.source_updated_at;
INSERT INTO cameras(device_id,form_factor) VALUES ('morjsqbqkwyxejjf','minibullet') ON CONFLICT (device_id) DO UPDATE SET form_factor=EXCLUDED.form_factor;
INSERT INTO cctv_devices (id,device_type,status,brand,model,serial_number,mac_address,asset_number,firmware,comments,source_updated_at) VALUES ('morjsqbqx7ra8yow','camera','revisar','Bosh','NBN-921-14IP',NULL,'00:04:63:37:B7:07','NO',NULL,NULL,'2026-05-23T04:08:39.941Z') ON CONFLICT (id) DO UPDATE SET device_type=EXCLUDED.device_type,status=EXCLUDED.status,brand=EXCLUDED.brand,model=EXCLUDED.model,serial_number=EXCLUDED.serial_number,mac_address=EXCLUDED.mac_address,asset_number=EXCLUDED.asset_number,firmware=EXCLUDED.firmware,comments=EXCLUDED.comments,source_updated_at=EXCLUDED.source_updated_at;
INSERT INTO cameras(device_id,form_factor) VALUES ('morjsqbqx7ra8yow','minibullet') ON CONFLICT (device_id) DO UPDATE SET form_factor=EXCLUDED.form_factor;
INSERT INTO cctv_devices (id,device_type,status,brand,model,serial_number,mac_address,asset_number,firmware,comments,source_updated_at) VALUES ('morjsqbqlpldy08l','camera','revisar','Bosh','NBN-921-14IP',NULL,'00:04:63:37:B7:86','NO',NULL,NULL,'2026-05-23T04:08:39.941Z') ON CONFLICT (id) DO UPDATE SET device_type=EXCLUDED.device_type,status=EXCLUDED.status,brand=EXCLUDED.brand,model=EXCLUDED.model,serial_number=EXCLUDED.serial_number,mac_address=EXCLUDED.mac_address,asset_number=EXCLUDED.asset_number,firmware=EXCLUDED.firmware,comments=EXCLUDED.comments,source_updated_at=EXCLUDED.source_updated_at;
INSERT INTO cameras(device_id,form_factor) VALUES ('morjsqbqlpldy08l','minibullet') ON CONFLICT (device_id) DO UPDATE SET form_factor=EXCLUDED.form_factor;
INSERT INTO cctv_devices (id,device_type,status,brand,model,serial_number,mac_address,asset_number,firmware,comments,source_updated_at) VALUES ('morjsqbqh3ypi948','camera','revisar','Bosh','NBN-921-14IP',NULL,'00:04:63:37:B7:A1','NO',NULL,NULL,'2026-05-23T04:08:39.941Z') ON CONFLICT (id) DO UPDATE SET device_type=EXCLUDED.device_type,status=EXCLUDED.status,brand=EXCLUDED.brand,model=EXCLUDED.model,serial_number=EXCLUDED.serial_number,mac_address=EXCLUDED.mac_address,asset_number=EXCLUDED.asset_number,firmware=EXCLUDED.firmware,comments=EXCLUDED.comments,source_updated_at=EXCLUDED.source_updated_at;
INSERT INTO cameras(device_id,form_factor) VALUES ('morjsqbqh3ypi948','minibullet') ON CONFLICT (device_id) DO UPDATE SET form_factor=EXCLUDED.form_factor;
INSERT INTO cctv_devices (id,device_type,status,brand,model,serial_number,mac_address,asset_number,firmware,comments,source_updated_at) VALUES ('morjsqbqjs6soo4z','camera','revisar','Bosh','NBN-921-14IP',NULL,'00:04:63:37:B7:A4','NO',NULL,NULL,'2026-05-23T04:08:39.941Z') ON CONFLICT (id) DO UPDATE SET device_type=EXCLUDED.device_type,status=EXCLUDED.status,brand=EXCLUDED.brand,model=EXCLUDED.model,serial_number=EXCLUDED.serial_number,mac_address=EXCLUDED.mac_address,asset_number=EXCLUDED.asset_number,firmware=EXCLUDED.firmware,comments=EXCLUDED.comments,source_updated_at=EXCLUDED.source_updated_at;
INSERT INTO cameras(device_id,form_factor) VALUES ('morjsqbqjs6soo4z','minibullet') ON CONFLICT (device_id) DO UPDATE SET form_factor=EXCLUDED.form_factor;
INSERT INTO cctv_devices (id,device_type,status,brand,model,serial_number,mac_address,asset_number,firmware,comments,source_updated_at) VALUES ('morjsqbq7ko3wpht','camera','revisar','Bosh','NBN-921-14IP',NULL,'00:04:63:37:B7:A5','NO',NULL,NULL,'2026-05-23T04:08:39.941Z') ON CONFLICT (id) DO UPDATE SET device_type=EXCLUDED.device_type,status=EXCLUDED.status,brand=EXCLUDED.brand,model=EXCLUDED.model,serial_number=EXCLUDED.serial_number,mac_address=EXCLUDED.mac_address,asset_number=EXCLUDED.asset_number,firmware=EXCLUDED.firmware,comments=EXCLUDED.comments,source_updated_at=EXCLUDED.source_updated_at;
INSERT INTO cameras(device_id,form_factor) VALUES ('morjsqbq7ko3wpht','minibullet') ON CONFLICT (device_id) DO UPDATE SET form_factor=EXCLUDED.form_factor;
INSERT INTO cctv_devices (id,device_type,status,brand,model,serial_number,mac_address,asset_number,firmware,comments,source_updated_at) VALUES ('morjsqbq9y3sq53y','camera','revisar','Bosh','NBN-921-14IP',NULL,'00:04:63:37:B7:A7','NO',NULL,NULL,'2026-05-23T04:08:39.941Z') ON CONFLICT (id) DO UPDATE SET device_type=EXCLUDED.device_type,status=EXCLUDED.status,brand=EXCLUDED.brand,model=EXCLUDED.model,serial_number=EXCLUDED.serial_number,mac_address=EXCLUDED.mac_address,asset_number=EXCLUDED.asset_number,firmware=EXCLUDED.firmware,comments=EXCLUDED.comments,source_updated_at=EXCLUDED.source_updated_at;
INSERT INTO cameras(device_id,form_factor) VALUES ('morjsqbq9y3sq53y','minibullet') ON CONFLICT (device_id) DO UPDATE SET form_factor=EXCLUDED.form_factor;
INSERT INTO cctv_devices (id,device_type,status,brand,model,serial_number,mac_address,asset_number,firmware,comments,source_updated_at) VALUES ('morjsqbq757ttu69','camera','revisar','Bosh','NBN-921-14IP',NULL,'00:04:63:3B:12:DC','NO',NULL,NULL,'2026-05-23T04:08:39.941Z') ON CONFLICT (id) DO UPDATE SET device_type=EXCLUDED.device_type,status=EXCLUDED.status,brand=EXCLUDED.brand,model=EXCLUDED.model,serial_number=EXCLUDED.serial_number,mac_address=EXCLUDED.mac_address,asset_number=EXCLUDED.asset_number,firmware=EXCLUDED.firmware,comments=EXCLUDED.comments,source_updated_at=EXCLUDED.source_updated_at;
INSERT INTO cameras(device_id,form_factor) VALUES ('morjsqbq757ttu69','minibullet') ON CONFLICT (device_id) DO UPDATE SET form_factor=EXCLUDED.form_factor;
INSERT INTO cctv_devices (id,device_type,status,brand,model,serial_number,mac_address,asset_number,firmware,comments,source_updated_at) VALUES ('morjsqbq63wsp5ht','camera','revisar','Bosh','NBN-921-14IP',NULL,'00:04:63:3B:14:11','NO',NULL,NULL,'2026-05-23T04:08:39.941Z') ON CONFLICT (id) DO UPDATE SET device_type=EXCLUDED.device_type,status=EXCLUDED.status,brand=EXCLUDED.brand,model=EXCLUDED.model,serial_number=EXCLUDED.serial_number,mac_address=EXCLUDED.mac_address,asset_number=EXCLUDED.asset_number,firmware=EXCLUDED.firmware,comments=EXCLUDED.comments,source_updated_at=EXCLUDED.source_updated_at;
INSERT INTO cameras(device_id,form_factor) VALUES ('morjsqbq63wsp5ht','minibullet') ON CONFLICT (device_id) DO UPDATE SET form_factor=EXCLUDED.form_factor;
INSERT INTO cctv_devices (id,device_type,status,brand,model,serial_number,mac_address,asset_number,firmware,comments,source_updated_at) VALUES ('morjsqbq4cc5ysf8','camera','revisar','Bosh','NBN-921-14IP',NULL,'00:04:63:3B:14:12','NO',NULL,NULL,'2026-05-23T04:08:39.941Z') ON CONFLICT (id) DO UPDATE SET device_type=EXCLUDED.device_type,status=EXCLUDED.status,brand=EXCLUDED.brand,model=EXCLUDED.model,serial_number=EXCLUDED.serial_number,mac_address=EXCLUDED.mac_address,asset_number=EXCLUDED.asset_number,firmware=EXCLUDED.firmware,comments=EXCLUDED.comments,source_updated_at=EXCLUDED.source_updated_at;
INSERT INTO cameras(device_id,form_factor) VALUES ('morjsqbq4cc5ysf8','minibullet') ON CONFLICT (device_id) DO UPDATE SET form_factor=EXCLUDED.form_factor;
INSERT INTO cctv_devices (id,device_type,status,brand,model,serial_number,mac_address,asset_number,firmware,comments,source_updated_at) VALUES ('morjsqbqoyn5pyg1','camera','revisar','Bosh','NBN-921-14IP',NULL,'00:04:63:3B:20:1F','NO',NULL,NULL,'2026-05-23T04:08:39.941Z') ON CONFLICT (id) DO UPDATE SET device_type=EXCLUDED.device_type,status=EXCLUDED.status,brand=EXCLUDED.brand,model=EXCLUDED.model,serial_number=EXCLUDED.serial_number,mac_address=EXCLUDED.mac_address,asset_number=EXCLUDED.asset_number,firmware=EXCLUDED.firmware,comments=EXCLUDED.comments,source_updated_at=EXCLUDED.source_updated_at;
INSERT INTO cameras(device_id,form_factor) VALUES ('morjsqbqoyn5pyg1','minibullet') ON CONFLICT (device_id) DO UPDATE SET form_factor=EXCLUDED.form_factor;
INSERT INTO cctv_devices (id,device_type,status,brand,model,serial_number,mac_address,asset_number,firmware,comments,source_updated_at) VALUES ('morjsqbqi8gclc8n','camera','revisar','Bosh','NBN-921-14IP',NULL,'00:04:63:3B:20:34','NO',NULL,NULL,'2026-05-23T04:08:39.941Z') ON CONFLICT (id) DO UPDATE SET device_type=EXCLUDED.device_type,status=EXCLUDED.status,brand=EXCLUDED.brand,model=EXCLUDED.model,serial_number=EXCLUDED.serial_number,mac_address=EXCLUDED.mac_address,asset_number=EXCLUDED.asset_number,firmware=EXCLUDED.firmware,comments=EXCLUDED.comments,source_updated_at=EXCLUDED.source_updated_at;
INSERT INTO cameras(device_id,form_factor) VALUES ('morjsqbqi8gclc8n','minibullet') ON CONFLICT (device_id) DO UPDATE SET form_factor=EXCLUDED.form_factor;
INSERT INTO cctv_devices (id,device_type,status,brand,model,serial_number,mac_address,asset_number,firmware,comments,source_updated_at) VALUES ('morjsqbqbsjvol9r','camera','revisar','Bosh','NBN-921-14IP',NULL,'00:04:63:3B:20:36','NO',NULL,NULL,'2026-05-23T04:08:39.941Z') ON CONFLICT (id) DO UPDATE SET device_type=EXCLUDED.device_type,status=EXCLUDED.status,brand=EXCLUDED.brand,model=EXCLUDED.model,serial_number=EXCLUDED.serial_number,mac_address=EXCLUDED.mac_address,asset_number=EXCLUDED.asset_number,firmware=EXCLUDED.firmware,comments=EXCLUDED.comments,source_updated_at=EXCLUDED.source_updated_at;
INSERT INTO cameras(device_id,form_factor) VALUES ('morjsqbqbsjvol9r','minibullet') ON CONFLICT (device_id) DO UPDATE SET form_factor=EXCLUDED.form_factor;
INSERT INTO cctv_devices (id,device_type,status,brand,model,serial_number,mac_address,asset_number,firmware,comments,source_updated_at) VALUES ('morjsqbqf1edu9zf','camera','revisar','Bosh','NBN-921-14IP',NULL,'00:04:63:3B:20:39','NO',NULL,NULL,'2026-05-23T04:08:39.941Z') ON CONFLICT (id) DO UPDATE SET device_type=EXCLUDED.device_type,status=EXCLUDED.status,brand=EXCLUDED.brand,model=EXCLUDED.model,serial_number=EXCLUDED.serial_number,mac_address=EXCLUDED.mac_address,asset_number=EXCLUDED.asset_number,firmware=EXCLUDED.firmware,comments=EXCLUDED.comments,source_updated_at=EXCLUDED.source_updated_at;
INSERT INTO cameras(device_id,form_factor) VALUES ('morjsqbqf1edu9zf','minibullet') ON CONFLICT (device_id) DO UPDATE SET form_factor=EXCLUDED.form_factor;
INSERT INTO cctv_devices (id,device_type,status,brand,model,serial_number,mac_address,asset_number,firmware,comments,source_updated_at) VALUES ('morjsqbqlunl6hug','camera','revisar','Bosh','NBN-921-14IP',NULL,'00:04:63:3B:20:40','NO',NULL,NULL,'2026-05-23T04:08:39.941Z') ON CONFLICT (id) DO UPDATE SET device_type=EXCLUDED.device_type,status=EXCLUDED.status,brand=EXCLUDED.brand,model=EXCLUDED.model,serial_number=EXCLUDED.serial_number,mac_address=EXCLUDED.mac_address,asset_number=EXCLUDED.asset_number,firmware=EXCLUDED.firmware,comments=EXCLUDED.comments,source_updated_at=EXCLUDED.source_updated_at;
INSERT INTO cameras(device_id,form_factor) VALUES ('morjsqbqlunl6hug','minibullet') ON CONFLICT (device_id) DO UPDATE SET form_factor=EXCLUDED.form_factor;
INSERT INTO cctv_devices (id,device_type,status,brand,model,serial_number,mac_address,asset_number,firmware,comments,source_updated_at) VALUES ('morjsqbqkvyrcia2','camera','revisar','Bosh','NBN-921-14IP',NULL,'00:04:63:3B:20:42','NO',NULL,NULL,'2026-05-23T04:08:39.941Z') ON CONFLICT (id) DO UPDATE SET device_type=EXCLUDED.device_type,status=EXCLUDED.status,brand=EXCLUDED.brand,model=EXCLUDED.model,serial_number=EXCLUDED.serial_number,mac_address=EXCLUDED.mac_address,asset_number=EXCLUDED.asset_number,firmware=EXCLUDED.firmware,comments=EXCLUDED.comments,source_updated_at=EXCLUDED.source_updated_at;
INSERT INTO cameras(device_id,form_factor) VALUES ('morjsqbqkvyrcia2','minibullet') ON CONFLICT (device_id) DO UPDATE SET form_factor=EXCLUDED.form_factor;
INSERT INTO cctv_devices (id,device_type,status,brand,model,serial_number,mac_address,asset_number,firmware,comments,source_updated_at) VALUES ('morjsqbqdwez8tx4','camera','revisar','Bosh','NBN-921-14IP',NULL,'00:04:63:3B:20:47','NO',NULL,NULL,'2026-05-23T04:08:39.941Z') ON CONFLICT (id) DO UPDATE SET device_type=EXCLUDED.device_type,status=EXCLUDED.status,brand=EXCLUDED.brand,model=EXCLUDED.model,serial_number=EXCLUDED.serial_number,mac_address=EXCLUDED.mac_address,asset_number=EXCLUDED.asset_number,firmware=EXCLUDED.firmware,comments=EXCLUDED.comments,source_updated_at=EXCLUDED.source_updated_at;
INSERT INTO cameras(device_id,form_factor) VALUES ('morjsqbqdwez8tx4','minibullet') ON CONFLICT (device_id) DO UPDATE SET form_factor=EXCLUDED.form_factor;
INSERT INTO cctv_devices (id,device_type,status,brand,model,serial_number,mac_address,asset_number,firmware,comments,source_updated_at) VALUES ('morjsqbq3s78qiqb','camera','revisar','Bosh','NBN-921-14IP',NULL,'00:04:63:3B:20:C6','NO',NULL,NULL,'2026-05-23T04:08:39.941Z') ON CONFLICT (id) DO UPDATE SET device_type=EXCLUDED.device_type,status=EXCLUDED.status,brand=EXCLUDED.brand,model=EXCLUDED.model,serial_number=EXCLUDED.serial_number,mac_address=EXCLUDED.mac_address,asset_number=EXCLUDED.asset_number,firmware=EXCLUDED.firmware,comments=EXCLUDED.comments,source_updated_at=EXCLUDED.source_updated_at;
INSERT INTO cameras(device_id,form_factor) VALUES ('morjsqbq3s78qiqb','minibullet') ON CONFLICT (device_id) DO UPDATE SET form_factor=EXCLUDED.form_factor;
INSERT INTO cctv_devices (id,device_type,status,brand,model,serial_number,mac_address,asset_number,firmware,comments,source_updated_at) VALUES ('morjsqbq9rh60e58','camera','revisar','Bosh','NBN-921-14IP',NULL,'00:04:63:3B:20:C8','NO',NULL,NULL,'2026-05-23T04:08:39.941Z') ON CONFLICT (id) DO UPDATE SET device_type=EXCLUDED.device_type,status=EXCLUDED.status,brand=EXCLUDED.brand,model=EXCLUDED.model,serial_number=EXCLUDED.serial_number,mac_address=EXCLUDED.mac_address,asset_number=EXCLUDED.asset_number,firmware=EXCLUDED.firmware,comments=EXCLUDED.comments,source_updated_at=EXCLUDED.source_updated_at;
INSERT INTO cameras(device_id,form_factor) VALUES ('morjsqbq9rh60e58','minibullet') ON CONFLICT (device_id) DO UPDATE SET form_factor=EXCLUDED.form_factor;
INSERT INTO cctv_devices (id,device_type,status,brand,model,serial_number,mac_address,asset_number,firmware,comments,source_updated_at) VALUES ('morjsqbq6eva5rqk','camera','revisar','Bosh','NBN-921-14IP',NULL,'00:04:63:3B:21:B5','NO',NULL,NULL,'2026-05-23T04:08:39.941Z') ON CONFLICT (id) DO UPDATE SET device_type=EXCLUDED.device_type,status=EXCLUDED.status,brand=EXCLUDED.brand,model=EXCLUDED.model,serial_number=EXCLUDED.serial_number,mac_address=EXCLUDED.mac_address,asset_number=EXCLUDED.asset_number,firmware=EXCLUDED.firmware,comments=EXCLUDED.comments,source_updated_at=EXCLUDED.source_updated_at;
INSERT INTO cameras(device_id,form_factor) VALUES ('morjsqbq6eva5rqk','minibullet') ON CONFLICT (device_id) DO UPDATE SET form_factor=EXCLUDED.form_factor;
INSERT INTO cctv_devices (id,device_type,status,brand,model,serial_number,mac_address,asset_number,firmware,comments,source_updated_at) VALUES ('morjsqbqhkjyvy3f','camera','revisar','Bosh','NBN-921-14IP',NULL,'00:07:5F:07:02:71','NO',NULL,NULL,'2026-05-23T04:08:39.941Z') ON CONFLICT (id) DO UPDATE SET device_type=EXCLUDED.device_type,status=EXCLUDED.status,brand=EXCLUDED.brand,model=EXCLUDED.model,serial_number=EXCLUDED.serial_number,mac_address=EXCLUDED.mac_address,asset_number=EXCLUDED.asset_number,firmware=EXCLUDED.firmware,comments=EXCLUDED.comments,source_updated_at=EXCLUDED.source_updated_at;
INSERT INTO cameras(device_id,form_factor) VALUES ('morjsqbqhkjyvy3f','minibullet') ON CONFLICT (device_id) DO UPDATE SET form_factor=EXCLUDED.form_factor;
INSERT INTO cctv_devices (id,device_type,status,brand,model,serial_number,mac_address,asset_number,firmware,comments,source_updated_at) VALUES ('morjsqbqqhgltcxk','camera','revisar','Hikvision','DS-2CD7133-E',NULL,'00:40:48:A5:1A:63','46162',NULL,NULL,'2026-05-23T04:08:39.941Z') ON CONFLICT (id) DO UPDATE SET device_type=EXCLUDED.device_type,status=EXCLUDED.status,brand=EXCLUDED.brand,model=EXCLUDED.model,serial_number=EXCLUDED.serial_number,mac_address=EXCLUDED.mac_address,asset_number=EXCLUDED.asset_number,firmware=EXCLUDED.firmware,comments=EXCLUDED.comments,source_updated_at=EXCLUDED.source_updated_at;
INSERT INTO cameras(device_id,form_factor) VALUES ('morjsqbqqhgltcxk','minidomo') ON CONFLICT (device_id) DO UPDATE SET form_factor=EXCLUDED.form_factor;
INSERT INTO cctv_devices (id,device_type,status,brand,model,serial_number,mac_address,asset_number,firmware,comments,source_updated_at) VALUES ('morjsqbqxjyb8k3i','camera','revisar','Hikvision','DS-2CD7133-E',NULL,'00:40:48:A5:1A:A3','NO',NULL,NULL,'2026-05-23T04:08:39.941Z') ON CONFLICT (id) DO UPDATE SET device_type=EXCLUDED.device_type,status=EXCLUDED.status,brand=EXCLUDED.brand,model=EXCLUDED.model,serial_number=EXCLUDED.serial_number,mac_address=EXCLUDED.mac_address,asset_number=EXCLUDED.asset_number,firmware=EXCLUDED.firmware,comments=EXCLUDED.comments,source_updated_at=EXCLUDED.source_updated_at;
INSERT INTO cameras(device_id,form_factor) VALUES ('morjsqbqxjyb8k3i','minidomo') ON CONFLICT (device_id) DO UPDATE SET form_factor=EXCLUDED.form_factor;
INSERT INTO cctv_devices (id,device_type,status,brand,model,serial_number,mac_address,asset_number,firmware,comments,source_updated_at) VALUES ('morjsqbq7d3d1czn','camera',NULL,'Hikvision','DS-2CD7153-E','0120120626BBRR409361194','00:40:48:A6:15:FA','PAT43626','V4.0.1',NULL,'2026-05-23T04:08:39.941Z') ON CONFLICT (id) DO UPDATE SET device_type=EXCLUDED.device_type,status=EXCLUDED.status,brand=EXCLUDED.brand,model=EXCLUDED.model,serial_number=EXCLUDED.serial_number,mac_address=EXCLUDED.mac_address,asset_number=EXCLUDED.asset_number,firmware=EXCLUDED.firmware,comments=EXCLUDED.comments,source_updated_at=EXCLUDED.source_updated_at;
INSERT INTO cameras(device_id,form_factor) VALUES ('morjsqbq7d3d1czn','minidomo') ON CONFLICT (device_id) DO UPDATE SET form_factor=EXCLUDED.form_factor;
INSERT INTO cctv_devices (id,device_type,status,brand,model,serial_number,mac_address,asset_number,firmware,comments,source_updated_at) VALUES ('morjsqbq2ajo2zn4','camera',NULL,'Hikvision','DS-2CD7153-E','0120120626BBRR409361208','00:40:48:A6:16:08','43621','V4.0.1',NULL,'2026-05-23T04:08:39.941Z') ON CONFLICT (id) DO UPDATE SET device_type=EXCLUDED.device_type,status=EXCLUDED.status,brand=EXCLUDED.brand,model=EXCLUDED.model,serial_number=EXCLUDED.serial_number,mac_address=EXCLUDED.mac_address,asset_number=EXCLUDED.asset_number,firmware=EXCLUDED.firmware,comments=EXCLUDED.comments,source_updated_at=EXCLUDED.source_updated_at;
INSERT INTO cameras(device_id,form_factor) VALUES ('morjsqbq2ajo2zn4','minidomo') ON CONFLICT (device_id) DO UPDATE SET form_factor=EXCLUDED.form_factor;
INSERT INTO cctv_devices (id,device_type,status,brand,model,serial_number,mac_address,asset_number,firmware,comments,source_updated_at) VALUES ('morjsqbqba49fsrq','camera','revisar','Hikvision','DS-2CD7153-E',NULL,'00:40:48:A6:16:12','NO',NULL,NULL,'2026-05-23T04:08:39.941Z') ON CONFLICT (id) DO UPDATE SET device_type=EXCLUDED.device_type,status=EXCLUDED.status,brand=EXCLUDED.brand,model=EXCLUDED.model,serial_number=EXCLUDED.serial_number,mac_address=EXCLUDED.mac_address,asset_number=EXCLUDED.asset_number,firmware=EXCLUDED.firmware,comments=EXCLUDED.comments,source_updated_at=EXCLUDED.source_updated_at;
INSERT INTO cameras(device_id,form_factor) VALUES ('morjsqbqba49fsrq','minidomo') ON CONFLICT (device_id) DO UPDATE SET form_factor=EXCLUDED.form_factor;
INSERT INTO cctv_devices (id,device_type,status,brand,model,serial_number,mac_address,asset_number,firmware,comments,source_updated_at) VALUES ('morjsqbq6l2obisz','camera','revisar','Hikvision','DS-2CD2123G0-I',NULL,'00:40:48:A6:16:19','NO',NULL,NULL,'2026-05-23T04:08:39.941Z') ON CONFLICT (id) DO UPDATE SET device_type=EXCLUDED.device_type,status=EXCLUDED.status,brand=EXCLUDED.brand,model=EXCLUDED.model,serial_number=EXCLUDED.serial_number,mac_address=EXCLUDED.mac_address,asset_number=EXCLUDED.asset_number,firmware=EXCLUDED.firmware,comments=EXCLUDED.comments,source_updated_at=EXCLUDED.source_updated_at;
INSERT INTO cameras(device_id,form_factor) VALUES ('morjsqbq6l2obisz','domo') ON CONFLICT (device_id) DO UPDATE SET form_factor=EXCLUDED.form_factor;
INSERT INTO cctv_devices (id,device_type,status,brand,model,serial_number,mac_address,asset_number,firmware,comments,source_updated_at) VALUES ('morjsqbqimb3fbrd','camera','revisar','Hikvision','DS-2CD7164-E',NULL,'00:40:48:A6:16:1F','43618',NULL,NULL,'2026-05-23T04:08:39.941Z') ON CONFLICT (id) DO UPDATE SET device_type=EXCLUDED.device_type,status=EXCLUDED.status,brand=EXCLUDED.brand,model=EXCLUDED.model,serial_number=EXCLUDED.serial_number,mac_address=EXCLUDED.mac_address,asset_number=EXCLUDED.asset_number,firmware=EXCLUDED.firmware,comments=EXCLUDED.comments,source_updated_at=EXCLUDED.source_updated_at;
INSERT INTO cameras(device_id,form_factor) VALUES ('morjsqbqimb3fbrd','minidomo') ON CONFLICT (device_id) DO UPDATE SET form_factor=EXCLUDED.form_factor;
INSERT INTO cctv_devices (id,device_type,status,brand,model,serial_number,mac_address,asset_number,firmware,comments,source_updated_at) VALUES ('morjsqbqqy781tx3','camera','revisar','Hikvision','DS-2CD7153-E',NULL,'00:40:48:A6:16:25','PAT43632',NULL,NULL,'2026-05-23T04:08:39.941Z') ON CONFLICT (id) DO UPDATE SET device_type=EXCLUDED.device_type,status=EXCLUDED.status,brand=EXCLUDED.brand,model=EXCLUDED.model,serial_number=EXCLUDED.serial_number,mac_address=EXCLUDED.mac_address,asset_number=EXCLUDED.asset_number,firmware=EXCLUDED.firmware,comments=EXCLUDED.comments,source_updated_at=EXCLUDED.source_updated_at;
INSERT INTO cameras(device_id,form_factor) VALUES ('morjsqbqqy781tx3','minidomo') ON CONFLICT (device_id) DO UPDATE SET form_factor=EXCLUDED.form_factor;
INSERT INTO cctv_devices (id,device_type,status,brand,model,serial_number,mac_address,asset_number,firmware,comments,source_updated_at) VALUES ('morjsqbqn8bcrcp0','camera','revisar','Hikvision','DS-2CD7153-E',NULL,'00:40:48:A6:16:2A','PAT43622',NULL,NULL,'2026-05-23T04:08:39.941Z') ON CONFLICT (id) DO UPDATE SET device_type=EXCLUDED.device_type,status=EXCLUDED.status,brand=EXCLUDED.brand,model=EXCLUDED.model,serial_number=EXCLUDED.serial_number,mac_address=EXCLUDED.mac_address,asset_number=EXCLUDED.asset_number,firmware=EXCLUDED.firmware,comments=EXCLUDED.comments,source_updated_at=EXCLUDED.source_updated_at;
INSERT INTO cameras(device_id,form_factor) VALUES ('morjsqbqn8bcrcp0','minidomo') ON CONFLICT (device_id) DO UPDATE SET form_factor=EXCLUDED.form_factor;
INSERT INTO cctv_devices (id,device_type,status,brand,model,serial_number,mac_address,asset_number,firmware,comments,source_updated_at) VALUES ('morjsqbqhne2pzmn','camera','revisar','Hikvision','DS-2CD7153-E',NULL,'00:40:48:A6:16:31','PAT43620',NULL,NULL,'2026-05-23T04:08:39.941Z') ON CONFLICT (id) DO UPDATE SET device_type=EXCLUDED.device_type,status=EXCLUDED.status,brand=EXCLUDED.brand,model=EXCLUDED.model,serial_number=EXCLUDED.serial_number,mac_address=EXCLUDED.mac_address,asset_number=EXCLUDED.asset_number,firmware=EXCLUDED.firmware,comments=EXCLUDED.comments,source_updated_at=EXCLUDED.source_updated_at;
INSERT INTO cameras(device_id,form_factor) VALUES ('morjsqbqhne2pzmn','minidomo') ON CONFLICT (device_id) DO UPDATE SET form_factor=EXCLUDED.form_factor;
INSERT INTO cctv_devices (id,device_type,status,brand,model,serial_number,mac_address,asset_number,firmware,comments,source_updated_at) VALUES ('morjsqbqmatjc6ga','camera',NULL,'Hikvision','DS-2CD7153-E','0120120626BBRR409361264','00:40:48:A6:16:40','43625','V4.0.1',NULL,'2026-05-23T04:08:39.941Z') ON CONFLICT (id) DO UPDATE SET device_type=EXCLUDED.device_type,status=EXCLUDED.status,brand=EXCLUDED.brand,model=EXCLUDED.model,serial_number=EXCLUDED.serial_number,mac_address=EXCLUDED.mac_address,asset_number=EXCLUDED.asset_number,firmware=EXCLUDED.firmware,comments=EXCLUDED.comments,source_updated_at=EXCLUDED.source_updated_at;
INSERT INTO cameras(device_id,form_factor) VALUES ('morjsqbqmatjc6ga','minidomo') ON CONFLICT (device_id) DO UPDATE SET form_factor=EXCLUDED.form_factor;
INSERT INTO cctv_devices (id,device_type,status,brand,model,serial_number,mac_address,asset_number,firmware,comments,source_updated_at) VALUES ('morjsqbqhaspwhho','camera','revisar','Hikvision','DS-2CD7153-E',NULL,'00:40:48:A6:16:4C','PAT43629',NULL,NULL,'2026-05-23T04:08:39.941Z') ON CONFLICT (id) DO UPDATE SET device_type=EXCLUDED.device_type,status=EXCLUDED.status,brand=EXCLUDED.brand,model=EXCLUDED.model,serial_number=EXCLUDED.serial_number,mac_address=EXCLUDED.mac_address,asset_number=EXCLUDED.asset_number,firmware=EXCLUDED.firmware,comments=EXCLUDED.comments,source_updated_at=EXCLUDED.source_updated_at;
INSERT INTO cameras(device_id,form_factor) VALUES ('morjsqbqhaspwhho','minidomo') ON CONFLICT (device_id) DO UPDATE SET form_factor=EXCLUDED.form_factor;
INSERT INTO cctv_devices (id,device_type,status,brand,model,serial_number,mac_address,asset_number,firmware,comments,source_updated_at) VALUES ('morjsqbq5l6e87ay','camera',NULL,'Hikvision','DS-2CD7153-E','0120120626BBRR409361300','00:40:48:A6:16:64','PAT43631','V4.0.1',NULL,'2026-05-23T04:08:39.941Z') ON CONFLICT (id) DO UPDATE SET device_type=EXCLUDED.device_type,status=EXCLUDED.status,brand=EXCLUDED.brand,model=EXCLUDED.model,serial_number=EXCLUDED.serial_number,mac_address=EXCLUDED.mac_address,asset_number=EXCLUDED.asset_number,firmware=EXCLUDED.firmware,comments=EXCLUDED.comments,source_updated_at=EXCLUDED.source_updated_at;
INSERT INTO cameras(device_id,form_factor) VALUES ('morjsqbq5l6e87ay','minidomo') ON CONFLICT (device_id) DO UPDATE SET form_factor=EXCLUDED.form_factor;
INSERT INTO cctv_devices (id,device_type,status,brand,model,serial_number,mac_address,asset_number,firmware,comments,source_updated_at) VALUES ('morjsqbqor46wbtp','camera','revisar','Hikvision','DS-2CD7153-E',NULL,'00:40:48:A6:16:8E','43630',NULL,NULL,'2026-05-23T04:08:39.941Z') ON CONFLICT (id) DO UPDATE SET device_type=EXCLUDED.device_type,status=EXCLUDED.status,brand=EXCLUDED.brand,model=EXCLUDED.model,serial_number=EXCLUDED.serial_number,mac_address=EXCLUDED.mac_address,asset_number=EXCLUDED.asset_number,firmware=EXCLUDED.firmware,comments=EXCLUDED.comments,source_updated_at=EXCLUDED.source_updated_at;
INSERT INTO cameras(device_id,form_factor) VALUES ('morjsqbqor46wbtp','minidomo') ON CONFLICT (device_id) DO UPDATE SET form_factor=EXCLUDED.form_factor;
INSERT INTO cctv_devices (id,device_type,status,brand,model,serial_number,mac_address,asset_number,firmware,comments,source_updated_at) VALUES ('morjsqbpzzvn4s1h','camera',NULL,'Dahua','DH-IPC-HDPW1230R1P-0280B-S5','9C03251PAG2936D','3C:E3:6B:EC:C7:68','NO','2.840.0000000.6.R,build:2023-01-11',NULL,'2026-06-25 14:10') ON CONFLICT (id) DO UPDATE SET device_type=EXCLUDED.device_type,status=EXCLUDED.status,brand=EXCLUDED.brand,model=EXCLUDED.model,serial_number=EXCLUDED.serial_number,mac_address=EXCLUDED.mac_address,asset_number=EXCLUDED.asset_number,firmware=EXCLUDED.firmware,comments=EXCLUDED.comments,source_updated_at=EXCLUDED.source_updated_at;
INSERT INTO cameras(device_id,form_factor) VALUES ('morjsqbpzzvn4s1h','domo') ON CONFLICT (device_id) DO UPDATE SET form_factor=EXCLUDED.form_factor;
INSERT INTO cctv_devices (id,device_type,status,brand,model,serial_number,mac_address,asset_number,firmware,comments,source_updated_at) VALUES ('morjsqbpr3oxu4p7','camera',NULL,'Dahua','DH-IPC-HDPW1230R1P-0280B-S5','9C03251PAG078DC','3C:E3:6B:EC:C7:76','NO','2.840.0000000.6.R,build:2023-01-11',NULL,'2026-06-25 14:10') ON CONFLICT (id) DO UPDATE SET device_type=EXCLUDED.device_type,status=EXCLUDED.status,brand=EXCLUDED.brand,model=EXCLUDED.model,serial_number=EXCLUDED.serial_number,mac_address=EXCLUDED.mac_address,asset_number=EXCLUDED.asset_number,firmware=EXCLUDED.firmware,comments=EXCLUDED.comments,source_updated_at=EXCLUDED.source_updated_at;
INSERT INTO cameras(device_id,form_factor) VALUES ('morjsqbpr3oxu4p7','domo') ON CONFLICT (device_id) DO UPDATE SET form_factor=EXCLUDED.form_factor;
INSERT INTO cctv_devices (id,device_type,status,brand,model,serial_number,mac_address,asset_number,firmware,comments,source_updated_at) VALUES ('morjsqbqsntumzcy','camera',NULL,'Dahua','DH-IPC-HDPW1230R1P-0280B-S5',NULL,'3C:E3:6B:EC:C7:DD','no',NULL,NULL,'2026-06-25T19:32:23.058Z') ON CONFLICT (id) DO UPDATE SET device_type=EXCLUDED.device_type,status=EXCLUDED.status,brand=EXCLUDED.brand,model=EXCLUDED.model,serial_number=EXCLUDED.serial_number,mac_address=EXCLUDED.mac_address,asset_number=EXCLUDED.asset_number,firmware=EXCLUDED.firmware,comments=EXCLUDED.comments,source_updated_at=EXCLUDED.source_updated_at;
INSERT INTO cameras(device_id,form_factor) VALUES ('morjsqbqsntumzcy','domo') ON CONFLICT (device_id) DO UPDATE SET form_factor=EXCLUDED.form_factor;
INSERT INTO cctv_devices (id,device_type,status,brand,model,serial_number,mac_address,asset_number,firmware,comments,source_updated_at) VALUES ('morjsqbp1np760uu','camera',NULL,'Dahua','DH-IPC-HDPW1230R1P-0280B-S5','9C03251PAGFE35C','3C:E3:6B:EC:C7:DE','NO','2.840.0000000.6.R,build:2023-01-11',NULL,'2026-06-25 14:10') ON CONFLICT (id) DO UPDATE SET device_type=EXCLUDED.device_type,status=EXCLUDED.status,brand=EXCLUDED.brand,model=EXCLUDED.model,serial_number=EXCLUDED.serial_number,mac_address=EXCLUDED.mac_address,asset_number=EXCLUDED.asset_number,firmware=EXCLUDED.firmware,comments=EXCLUDED.comments,source_updated_at=EXCLUDED.source_updated_at;
INSERT INTO cameras(device_id,form_factor) VALUES ('morjsqbp1np760uu','domo') ON CONFLICT (device_id) DO UPDATE SET form_factor=EXCLUDED.form_factor;
INSERT INTO cctv_devices (id,device_type,status,brand,model,serial_number,mac_address,asset_number,firmware,comments,source_updated_at) VALUES ('morjsqbpq21i8wf9','camera',NULL,'Dahua','DH-IPC-HDPW1230R1P-0280B-S5','9C03251PAG54CC4','3C:E3:6B:EC:C7:E4','NO','2.840.0000000.6.R,build:2023-01-11',NULL,'2026-06-25 14:10') ON CONFLICT (id) DO UPDATE SET device_type=EXCLUDED.device_type,status=EXCLUDED.status,brand=EXCLUDED.brand,model=EXCLUDED.model,serial_number=EXCLUDED.serial_number,mac_address=EXCLUDED.mac_address,asset_number=EXCLUDED.asset_number,firmware=EXCLUDED.firmware,comments=EXCLUDED.comments,source_updated_at=EXCLUDED.source_updated_at;
INSERT INTO cameras(device_id,form_factor) VALUES ('morjsqbpq21i8wf9','domo') ON CONFLICT (device_id) DO UPDATE SET form_factor=EXCLUDED.form_factor;
INSERT INTO cctv_devices (id,device_type,status,brand,model,serial_number,mac_address,asset_number,firmware,comments,source_updated_at) VALUES ('morjsqbpv0nscezk','camera',NULL,'Dahua','DH-IPC-HDPW1230R1P-0280B-S5','9C03251PAGB17F4','3C:E3:6B:EC:C7:E5','NO','2.840.0000000.6.R,build:2023-01-11',NULL,'2026-06-25 14:10') ON CONFLICT (id) DO UPDATE SET device_type=EXCLUDED.device_type,status=EXCLUDED.status,brand=EXCLUDED.brand,model=EXCLUDED.model,serial_number=EXCLUDED.serial_number,mac_address=EXCLUDED.mac_address,asset_number=EXCLUDED.asset_number,firmware=EXCLUDED.firmware,comments=EXCLUDED.comments,source_updated_at=EXCLUDED.source_updated_at;
INSERT INTO cameras(device_id,form_factor) VALUES ('morjsqbpv0nscezk','domo') ON CONFLICT (device_id) DO UPDATE SET form_factor=EXCLUDED.form_factor;
INSERT INTO cctv_devices (id,device_type,status,brand,model,serial_number,mac_address,asset_number,firmware,comments,source_updated_at) VALUES ('morjsqbpfs8veqxz','camera',NULL,'Dahua','DH-IPC-HDPW1230R1P-0280B-S5','9C03251PAG72E6C','3C:E3:6B:EC:C7:EB','NO','2.840.0000000.6.R,build:2023-01-11',NULL,'2026-06-25 14:10') ON CONFLICT (id) DO UPDATE SET device_type=EXCLUDED.device_type,status=EXCLUDED.status,brand=EXCLUDED.brand,model=EXCLUDED.model,serial_number=EXCLUDED.serial_number,mac_address=EXCLUDED.mac_address,asset_number=EXCLUDED.asset_number,firmware=EXCLUDED.firmware,comments=EXCLUDED.comments,source_updated_at=EXCLUDED.source_updated_at;
INSERT INTO cameras(device_id,form_factor) VALUES ('morjsqbpfs8veqxz','domo') ON CONFLICT (device_id) DO UPDATE SET form_factor=EXCLUDED.form_factor;
INSERT INTO cctv_devices (id,device_type,status,brand,model,serial_number,mac_address,asset_number,firmware,comments,source_updated_at) VALUES ('morjsqbphym85pk9','camera',NULL,'Hikvision','DS-2CD2112-I','20140820CCWR477157372','44:19:B6:67:F1:8D',NULL,'V5.2.0',NULL,'2026-05-23T04:08:39.941Z') ON CONFLICT (id) DO UPDATE SET device_type=EXCLUDED.device_type,status=EXCLUDED.status,brand=EXCLUDED.brand,model=EXCLUDED.model,serial_number=EXCLUDED.serial_number,mac_address=EXCLUDED.mac_address,asset_number=EXCLUDED.asset_number,firmware=EXCLUDED.firmware,comments=EXCLUDED.comments,source_updated_at=EXCLUDED.source_updated_at;
INSERT INTO cameras(device_id,form_factor) VALUES ('morjsqbphym85pk9','domo') ON CONFLICT (device_id) DO UPDATE SET form_factor=EXCLUDED.form_factor;
INSERT INTO cctv_devices (id,device_type,status,brand,model,serial_number,mac_address,asset_number,firmware,comments,source_updated_at) VALUES ('morjsqbq2l7quswu','camera','revisar','Hikvision','DS-2CD2112-I',NULL,'44:19:B6:67:F1:F7','NO',NULL,NULL,'2026-05-23T04:08:39.941Z') ON CONFLICT (id) DO UPDATE SET device_type=EXCLUDED.device_type,status=EXCLUDED.status,brand=EXCLUDED.brand,model=EXCLUDED.model,serial_number=EXCLUDED.serial_number,mac_address=EXCLUDED.mac_address,asset_number=EXCLUDED.asset_number,firmware=EXCLUDED.firmware,comments=EXCLUDED.comments,source_updated_at=EXCLUDED.source_updated_at;
INSERT INTO cameras(device_id,form_factor) VALUES ('morjsqbq2l7quswu','domo') ON CONFLICT (device_id) DO UPDATE SET form_factor=EXCLUDED.form_factor;
INSERT INTO cctv_devices (id,device_type,status,brand,model,serial_number,mac_address,asset_number,firmware,comments,source_updated_at) VALUES ('morjsqbq8ey8sie8','camera','descontinuado','Hikvision','DS-2CD2012-I',NULL,'44:19:B7:0E:49:EC','00050369',NULL,NULL,'2026-06-23T21:19:16.520Z') ON CONFLICT (id) DO UPDATE SET device_type=EXCLUDED.device_type,status=EXCLUDED.status,brand=EXCLUDED.brand,model=EXCLUDED.model,serial_number=EXCLUDED.serial_number,mac_address=EXCLUDED.mac_address,asset_number=EXCLUDED.asset_number,firmware=EXCLUDED.firmware,comments=EXCLUDED.comments,source_updated_at=EXCLUDED.source_updated_at;
INSERT INTO cameras(device_id,form_factor) VALUES ('morjsqbq8ey8sie8','minibullet') ON CONFLICT (device_id) DO UPDATE SET form_factor=EXCLUDED.form_factor;
INSERT INTO cctv_devices (id,device_type,status,brand,model,serial_number,mac_address,asset_number,firmware,comments,source_updated_at) VALUES ('morjsqbqnics31l1','nvr',NULL,'Hikvision','DS-9664NI-I16','1620170927CCRR102639631WCVU','4C:BD:8F:9A:25:FC','PAT102760','V4.61.000',NULL,'2026-06-24 16:52') ON CONFLICT (id) DO UPDATE SET device_type=EXCLUDED.device_type,status=EXCLUDED.status,brand=EXCLUDED.brand,model=EXCLUDED.model,serial_number=EXCLUDED.serial_number,mac_address=EXCLUDED.mac_address,asset_number=EXCLUDED.asset_number,firmware=EXCLUDED.firmware,comments=EXCLUDED.comments,source_updated_at=EXCLUDED.source_updated_at;
INSERT INTO cctv_devices (id,device_type,status,brand,model,serial_number,mac_address,asset_number,firmware,comments,source_updated_at) VALUES ('morjsqbq8w7sj6j3','nvr',NULL,'Hikvision','DS-9664NI-I16','1620170927CCRR102639659WCVU','4C:BD:8F:9A:26:18','PAT102762','V4.61.025',NULL,'2026-05-29T16:23:57.655Z') ON CONFLICT (id) DO UPDATE SET device_type=EXCLUDED.device_type,status=EXCLUDED.status,brand=EXCLUDED.brand,model=EXCLUDED.model,serial_number=EXCLUDED.serial_number,mac_address=EXCLUDED.mac_address,asset_number=EXCLUDED.asset_number,firmware=EXCLUDED.firmware,comments=EXCLUDED.comments,source_updated_at=EXCLUDED.source_updated_at;
INSERT INTO cctv_devices (id,device_type,status,brand,model,serial_number,mac_address,asset_number,firmware,comments,source_updated_at) VALUES ('morjsqbqnz1nlyp2','camera',NULL,'Hikvision','DS-2DE5430W-AE','20171009AAWR101083379','4C:BD:8F:F5:4C:B1',NULL,'V5.4.8',NULL,'2026-05-23T04:08:39.941Z') ON CONFLICT (id) DO UPDATE SET device_type=EXCLUDED.device_type,status=EXCLUDED.status,brand=EXCLUDED.brand,model=EXCLUDED.model,serial_number=EXCLUDED.serial_number,mac_address=EXCLUDED.mac_address,asset_number=EXCLUDED.asset_number,firmware=EXCLUDED.firmware,comments=EXCLUDED.comments,source_updated_at=EXCLUDED.source_updated_at;
INSERT INTO cameras(device_id,form_factor) VALUES ('morjsqbqnz1nlyp2','domo-ptz') ON CONFLICT (device_id) DO UPDATE SET form_factor=EXCLUDED.form_factor;
INSERT INTO cctv_devices (id,device_type,status,brand,model,serial_number,mac_address,asset_number,firmware,comments,source_updated_at) VALUES ('morjsqbqkpdg34q5','nvr',NULL,'Hikvision','DS-9664NI-I16','1620170927CCRR102639647WCVU','4C:BD:8F:9A:26:0C','PAT102763','V4.61.025',NULL,'2026-06-05T23:03:22.672Z') ON CONFLICT (id) DO UPDATE SET device_type=EXCLUDED.device_type,status=EXCLUDED.status,brand=EXCLUDED.brand,model=EXCLUDED.model,serial_number=EXCLUDED.serial_number,mac_address=EXCLUDED.mac_address,asset_number=EXCLUDED.asset_number,firmware=EXCLUDED.firmware,comments=EXCLUDED.comments,source_updated_at=EXCLUDED.source_updated_at;
INSERT INTO cctv_devices (id,device_type,status,brand,model,serial_number,mac_address,asset_number,firmware,comments,source_updated_at) VALUES ('morjsqbqmzdibu72','nvr',NULL,'Hikvision','DS-9664NI-I16','1620170927CCRR102639649WCVU','4C:BD:8F:9A:26:0E','PAT102761','V4.61.025',NULL,'2026-06-05T23:03:59.394Z') ON CONFLICT (id) DO UPDATE SET device_type=EXCLUDED.device_type,status=EXCLUDED.status,brand=EXCLUDED.brand,model=EXCLUDED.model,serial_number=EXCLUDED.serial_number,mac_address=EXCLUDED.mac_address,asset_number=EXCLUDED.asset_number,firmware=EXCLUDED.firmware,comments=EXCLUDED.comments,source_updated_at=EXCLUDED.source_updated_at;
INSERT INTO cctv_devices (id,device_type,status,brand,model,serial_number,mac_address,asset_number,firmware,comments,source_updated_at) VALUES ('morjsqbpbnge82lq','camera',NULL,'Hikvision','DS-2CD2625FWD-IZS','20180824AAWRC44002078','58:03:FB:75:B9:06','PAT102718','V5.6.821',NULL,'2026-05-23T04:08:39.941Z') ON CONFLICT (id) DO UPDATE SET device_type=EXCLUDED.device_type,status=EXCLUDED.status,brand=EXCLUDED.brand,model=EXCLUDED.model,serial_number=EXCLUDED.serial_number,mac_address=EXCLUDED.mac_address,asset_number=EXCLUDED.asset_number,firmware=EXCLUDED.firmware,comments=EXCLUDED.comments,source_updated_at=EXCLUDED.source_updated_at;
INSERT INTO cameras(device_id,form_factor) VALUES ('morjsqbpbnge82lq','bullet') ON CONFLICT (device_id) DO UPDATE SET form_factor=EXCLUDED.form_factor;
INSERT INTO cctv_devices (id,device_type,status,brand,model,serial_number,mac_address,asset_number,firmware,comments,source_updated_at) VALUES ('morjsqbp23wouuur','camera',NULL,'Hikvision','DS-2CD2625FHWD-IZS','20180108AAWR166497508','64:DB:8B:49:9C:8C','PAT102689','V5.6.821',NULL,'2026-05-23T04:08:39.941Z') ON CONFLICT (id) DO UPDATE SET device_type=EXCLUDED.device_type,status=EXCLUDED.status,brand=EXCLUDED.brand,model=EXCLUDED.model,serial_number=EXCLUDED.serial_number,mac_address=EXCLUDED.mac_address,asset_number=EXCLUDED.asset_number,firmware=EXCLUDED.firmware,comments=EXCLUDED.comments,source_updated_at=EXCLUDED.source_updated_at;
INSERT INTO cameras(device_id,form_factor) VALUES ('morjsqbp23wouuur','bullet') ON CONFLICT (device_id) DO UPDATE SET form_factor=EXCLUDED.form_factor;
INSERT INTO cctv_devices (id,device_type,status,brand,model,serial_number,mac_address,asset_number,firmware,comments,source_updated_at) VALUES ('morjsqbp85p2fu9b','camera',NULL,'Hikvision','DS-2CD2625FHWD-IZS','20180108AAWR166497512','64:DB:8B:49:9C:90','PAT102701','V5.6.821',NULL,'2026-05-23T04:08:39.941Z') ON CONFLICT (id) DO UPDATE SET device_type=EXCLUDED.device_type,status=EXCLUDED.status,brand=EXCLUDED.brand,model=EXCLUDED.model,serial_number=EXCLUDED.serial_number,mac_address=EXCLUDED.mac_address,asset_number=EXCLUDED.asset_number,firmware=EXCLUDED.firmware,comments=EXCLUDED.comments,source_updated_at=EXCLUDED.source_updated_at;
INSERT INTO cameras(device_id,form_factor) VALUES ('morjsqbp85p2fu9b','bullet') ON CONFLICT (device_id) DO UPDATE SET form_factor=EXCLUDED.form_factor;
INSERT INTO cctv_devices (id,device_type,status,brand,model,serial_number,mac_address,asset_number,firmware,comments,source_updated_at) VALUES ('morjsqbp844c0w6q','camera','averiado','Hikvision','DS-2CD2625FHWD-IZS',NULL,'64:DB:8B:49:9C:A8','PAT102607',NULL,NULL,'2026-06-19T23:20:41.052Z') ON CONFLICT (id) DO UPDATE SET device_type=EXCLUDED.device_type,status=EXCLUDED.status,brand=EXCLUDED.brand,model=EXCLUDED.model,serial_number=EXCLUDED.serial_number,mac_address=EXCLUDED.mac_address,asset_number=EXCLUDED.asset_number,firmware=EXCLUDED.firmware,comments=EXCLUDED.comments,source_updated_at=EXCLUDED.source_updated_at;
INSERT INTO cameras(device_id,form_factor) VALUES ('morjsqbp844c0w6q','bullet') ON CONFLICT (device_id) DO UPDATE SET form_factor=EXCLUDED.form_factor;
INSERT INTO cctv_devices (id,device_type,status,brand,model,serial_number,mac_address,asset_number,firmware,comments,source_updated_at) VALUES ('morjsqbpgs0ykg5n','camera',NULL,'Hikvision','DS-2CD2625FHWD-IZS','20180108AAWR166497555','64:DB:8B:49:9C:BB',NULL,'V5.6.821',NULL,'2026-06-19T23:14:01.481Z') ON CONFLICT (id) DO UPDATE SET device_type=EXCLUDED.device_type,status=EXCLUDED.status,brand=EXCLUDED.brand,model=EXCLUDED.model,serial_number=EXCLUDED.serial_number,mac_address=EXCLUDED.mac_address,asset_number=EXCLUDED.asset_number,firmware=EXCLUDED.firmware,comments=EXCLUDED.comments,source_updated_at=EXCLUDED.source_updated_at;
INSERT INTO cameras(device_id,form_factor) VALUES ('morjsqbpgs0ykg5n','bullet') ON CONFLICT (device_id) DO UPDATE SET form_factor=EXCLUDED.form_factor;
INSERT INTO cctv_devices (id,device_type,status,brand,model,serial_number,mac_address,asset_number,firmware,comments,source_updated_at) VALUES ('morjsqbp9ig2w0rw','camera',NULL,'Hikvision','DS-2CD2625FHWD-IZS','20180108AAWR166497607','64:DB:8B:49:9C:EF','PAT102620','V5.6.821',NULL,'2026-05-23T04:08:39.941Z') ON CONFLICT (id) DO UPDATE SET device_type=EXCLUDED.device_type,status=EXCLUDED.status,brand=EXCLUDED.brand,model=EXCLUDED.model,serial_number=EXCLUDED.serial_number,mac_address=EXCLUDED.mac_address,asset_number=EXCLUDED.asset_number,firmware=EXCLUDED.firmware,comments=EXCLUDED.comments,source_updated_at=EXCLUDED.source_updated_at;
INSERT INTO cameras(device_id,form_factor) VALUES ('morjsqbp9ig2w0rw','bullet') ON CONFLICT (device_id) DO UPDATE SET form_factor=EXCLUDED.form_factor;
INSERT INTO cctv_devices (id,device_type,status,brand,model,serial_number,mac_address,asset_number,firmware,comments,source_updated_at) VALUES ('morjsqbpyljbmhsv','camera',NULL,'Hikvision','DS-2CD2625FHWD-IZS','20180108AAWR166497609','64:DB:8B:49:9C:F1','PAT102688','V5.6.821',NULL,'2026-05-23T04:08:39.941Z') ON CONFLICT (id) DO UPDATE SET device_type=EXCLUDED.device_type,status=EXCLUDED.status,brand=EXCLUDED.brand,model=EXCLUDED.model,serial_number=EXCLUDED.serial_number,mac_address=EXCLUDED.mac_address,asset_number=EXCLUDED.asset_number,firmware=EXCLUDED.firmware,comments=EXCLUDED.comments,source_updated_at=EXCLUDED.source_updated_at;
INSERT INTO cameras(device_id,form_factor) VALUES ('morjsqbpyljbmhsv','bullet') ON CONFLICT (device_id) DO UPDATE SET form_factor=EXCLUDED.form_factor;
INSERT INTO cctv_devices (id,device_type,status,brand,model,serial_number,mac_address,asset_number,firmware,comments,source_updated_at) VALUES ('morjsqbpmc81wxow','camera',NULL,'Hikvision','DS-2CD2625FHWD-IZS','20180108AAWR166497626','64:DB:8B:49:9D:02','PAT102589','V5.6.821',NULL,'2026-05-23T04:08:39.941Z') ON CONFLICT (id) DO UPDATE SET device_type=EXCLUDED.device_type,status=EXCLUDED.status,brand=EXCLUDED.brand,model=EXCLUDED.model,serial_number=EXCLUDED.serial_number,mac_address=EXCLUDED.mac_address,asset_number=EXCLUDED.asset_number,firmware=EXCLUDED.firmware,comments=EXCLUDED.comments,source_updated_at=EXCLUDED.source_updated_at;
INSERT INTO cameras(device_id,form_factor) VALUES ('morjsqbpmc81wxow','bullet') ON CONFLICT (device_id) DO UPDATE SET form_factor=EXCLUDED.form_factor;
INSERT INTO cctv_devices (id,device_type,status,brand,model,serial_number,mac_address,asset_number,firmware,comments,source_updated_at) VALUES ('morjsqbprd3hajci','camera',NULL,'Hikvision','DS-2CD2625FHWD-IZS','20180108AAWR166497630','64:DB:8B:49:9D:06','PAT102603','V5.6.821',NULL,'2026-05-23T04:08:39.941Z') ON CONFLICT (id) DO UPDATE SET device_type=EXCLUDED.device_type,status=EXCLUDED.status,brand=EXCLUDED.brand,model=EXCLUDED.model,serial_number=EXCLUDED.serial_number,mac_address=EXCLUDED.mac_address,asset_number=EXCLUDED.asset_number,firmware=EXCLUDED.firmware,comments=EXCLUDED.comments,source_updated_at=EXCLUDED.source_updated_at;
INSERT INTO cameras(device_id,form_factor) VALUES ('morjsqbprd3hajci','bullet') ON CONFLICT (device_id) DO UPDATE SET form_factor=EXCLUDED.form_factor;
INSERT INTO cctv_devices (id,device_type,status,brand,model,serial_number,mac_address,asset_number,firmware,comments,source_updated_at) VALUES ('morjsqbprk85yur2','camera',NULL,'Hikvision','DS-2CD2625FHWD-IZS','20180108AAWR166497724','64:DB:8B:49:9D:64','PAT102604','V5.6.821',NULL,'2026-05-23T04:08:39.941Z') ON CONFLICT (id) DO UPDATE SET device_type=EXCLUDED.device_type,status=EXCLUDED.status,brand=EXCLUDED.brand,model=EXCLUDED.model,serial_number=EXCLUDED.serial_number,mac_address=EXCLUDED.mac_address,asset_number=EXCLUDED.asset_number,firmware=EXCLUDED.firmware,comments=EXCLUDED.comments,source_updated_at=EXCLUDED.source_updated_at;
INSERT INTO cameras(device_id,form_factor) VALUES ('morjsqbprk85yur2','bullet') ON CONFLICT (device_id) DO UPDATE SET form_factor=EXCLUDED.form_factor;
INSERT INTO cctv_devices (id,device_type,status,brand,model,serial_number,mac_address,asset_number,firmware,comments,source_updated_at) VALUES ('morjsqbpcqpwepc9','camera',NULL,'Hikvision','DS-2CD2625FWD-IZS',NULL,'64:DB:8B:49:9D:BF','PAT102699',NULL,NULL,'2026-06-19T22:58:38.160Z') ON CONFLICT (id) DO UPDATE SET device_type=EXCLUDED.device_type,status=EXCLUDED.status,brand=EXCLUDED.brand,model=EXCLUDED.model,serial_number=EXCLUDED.serial_number,mac_address=EXCLUDED.mac_address,asset_number=EXCLUDED.asset_number,firmware=EXCLUDED.firmware,comments=EXCLUDED.comments,source_updated_at=EXCLUDED.source_updated_at;
INSERT INTO cameras(device_id,form_factor) VALUES ('morjsqbpcqpwepc9','bullet') ON CONFLICT (device_id) DO UPDATE SET form_factor=EXCLUDED.form_factor;
INSERT INTO cctv_devices (id,device_type,status,brand,model,serial_number,mac_address,asset_number,firmware,comments,source_updated_at) VALUES ('morjsqbpx440l0j0','camera',NULL,'Hikvision','DS-2CD2625FHWD-IZS','20180109AAWR166497855','64:DB:8B:49:9D:E7','PAT102691','V5.6.821',NULL,'2026-05-23T04:08:39.941Z') ON CONFLICT (id) DO UPDATE SET device_type=EXCLUDED.device_type,status=EXCLUDED.status,brand=EXCLUDED.brand,model=EXCLUDED.model,serial_number=EXCLUDED.serial_number,mac_address=EXCLUDED.mac_address,asset_number=EXCLUDED.asset_number,firmware=EXCLUDED.firmware,comments=EXCLUDED.comments,source_updated_at=EXCLUDED.source_updated_at;
INSERT INTO cameras(device_id,form_factor) VALUES ('morjsqbpx440l0j0','bullet') ON CONFLICT (device_id) DO UPDATE SET form_factor=EXCLUDED.form_factor;
INSERT INTO cctv_devices (id,device_type,status,brand,model,serial_number,mac_address,asset_number,firmware,comments,source_updated_at) VALUES ('morjsqbpbjtvykjk','camera',NULL,'Hikvision','DS-2CD2625FHWD-IZS','20180109AAWR166497875','64:DB:8B:49:9D:FB','PAT102690','V5.6.821',NULL,'2026-05-23T04:08:39.941Z') ON CONFLICT (id) DO UPDATE SET device_type=EXCLUDED.device_type,status=EXCLUDED.status,brand=EXCLUDED.brand,model=EXCLUDED.model,serial_number=EXCLUDED.serial_number,mac_address=EXCLUDED.mac_address,asset_number=EXCLUDED.asset_number,firmware=EXCLUDED.firmware,comments=EXCLUDED.comments,source_updated_at=EXCLUDED.source_updated_at;
INSERT INTO cameras(device_id,form_factor) VALUES ('morjsqbpbjtvykjk','bullet') ON CONFLICT (device_id) DO UPDATE SET form_factor=EXCLUDED.form_factor;
INSERT INTO cctv_devices (id,device_type,status,brand,model,serial_number,mac_address,asset_number,firmware,comments,source_updated_at) VALUES ('morjsqbp9mzqfq97','camera','averiado','Hikvision','DS-2CD2625FHWD-IZS',NULL,'64:DB:8B:49:9E:82','PAT102636',NULL,NULL,'2026-06-19T22:45:53.259Z') ON CONFLICT (id) DO UPDATE SET device_type=EXCLUDED.device_type,status=EXCLUDED.status,brand=EXCLUDED.brand,model=EXCLUDED.model,serial_number=EXCLUDED.serial_number,mac_address=EXCLUDED.mac_address,asset_number=EXCLUDED.asset_number,firmware=EXCLUDED.firmware,comments=EXCLUDED.comments,source_updated_at=EXCLUDED.source_updated_at;
INSERT INTO cameras(device_id,form_factor) VALUES ('morjsqbp9mzqfq97','bullet') ON CONFLICT (device_id) DO UPDATE SET form_factor=EXCLUDED.form_factor;
INSERT INTO cctv_devices (id,device_type,status,brand,model,serial_number,mac_address,asset_number,firmware,comments,source_updated_at) VALUES ('morjsqbpm99x36r3','camera',NULL,'Hikvision','DS-2CD2625FHWD-IZS','20180108AAWR166498114','64:DB:8B:49:9E:EA','PAT102602','V5.6.821',NULL,'2026-05-23T04:08:39.941Z') ON CONFLICT (id) DO UPDATE SET device_type=EXCLUDED.device_type,status=EXCLUDED.status,brand=EXCLUDED.brand,model=EXCLUDED.model,serial_number=EXCLUDED.serial_number,mac_address=EXCLUDED.mac_address,asset_number=EXCLUDED.asset_number,firmware=EXCLUDED.firmware,comments=EXCLUDED.comments,source_updated_at=EXCLUDED.source_updated_at;
INSERT INTO cameras(device_id,form_factor) VALUES ('morjsqbpm99x36r3','bullet') ON CONFLICT (device_id) DO UPDATE SET form_factor=EXCLUDED.form_factor;
INSERT INTO cctv_devices (id,device_type,status,brand,model,serial_number,mac_address,asset_number,firmware,comments,source_updated_at) VALUES ('morjsqbpezdxlmtx','camera',NULL,'Hikvision','DS-2CD2625FHWD-IZS','20180108AAWR166498120','64:DB:8B:49:9E:F0','PAT102601','V5.6.821',NULL,'2026-05-23T04:08:39.941Z') ON CONFLICT (id) DO UPDATE SET device_type=EXCLUDED.device_type,status=EXCLUDED.status,brand=EXCLUDED.brand,model=EXCLUDED.model,serial_number=EXCLUDED.serial_number,mac_address=EXCLUDED.mac_address,asset_number=EXCLUDED.asset_number,firmware=EXCLUDED.firmware,comments=EXCLUDED.comments,source_updated_at=EXCLUDED.source_updated_at;
INSERT INTO cameras(device_id,form_factor) VALUES ('morjsqbpezdxlmtx','bullet') ON CONFLICT (device_id) DO UPDATE SET form_factor=EXCLUDED.form_factor;
INSERT INTO cctv_devices (id,device_type,status,brand,model,serial_number,mac_address,asset_number,firmware,comments,source_updated_at) VALUES ('morjsqbpu5rnco4h','camera',NULL,'Hikvision','DS-2CD2625FHWD-IZS','20180108AAWR166498126','64:DB:8B:49:9E:F6','PAT102656','V5.6.821',NULL,'2026-05-23T04:08:39.941Z') ON CONFLICT (id) DO UPDATE SET device_type=EXCLUDED.device_type,status=EXCLUDED.status,brand=EXCLUDED.brand,model=EXCLUDED.model,serial_number=EXCLUDED.serial_number,mac_address=EXCLUDED.mac_address,asset_number=EXCLUDED.asset_number,firmware=EXCLUDED.firmware,comments=EXCLUDED.comments,source_updated_at=EXCLUDED.source_updated_at;
INSERT INTO cameras(device_id,form_factor) VALUES ('morjsqbpu5rnco4h','bullet') ON CONFLICT (device_id) DO UPDATE SET form_factor=EXCLUDED.form_factor;
INSERT INTO cctv_devices (id,device_type,status,brand,model,serial_number,mac_address,asset_number,firmware,comments,source_updated_at) VALUES ('morjsqbpqxw0922p','camera',NULL,'Hikvision','DS-2CD2625FHWD-IZS','20180108AAWR166498133','64:DB:8B:49:9E:FD','PAT102648','V5.6.821',NULL,'2026-05-23T04:08:39.941Z') ON CONFLICT (id) DO UPDATE SET device_type=EXCLUDED.device_type,status=EXCLUDED.status,brand=EXCLUDED.brand,model=EXCLUDED.model,serial_number=EXCLUDED.serial_number,mac_address=EXCLUDED.mac_address,asset_number=EXCLUDED.asset_number,firmware=EXCLUDED.firmware,comments=EXCLUDED.comments,source_updated_at=EXCLUDED.source_updated_at;
INSERT INTO cameras(device_id,form_factor) VALUES ('morjsqbpqxw0922p','bullet') ON CONFLICT (device_id) DO UPDATE SET form_factor=EXCLUDED.form_factor;
INSERT INTO cctv_devices (id,device_type,status,brand,model,serial_number,mac_address,asset_number,firmware,comments,source_updated_at) VALUES ('morjsqbph1otjls1','camera',NULL,'Hikvision','DS-2CD2625FHWD-IZS','20180108AAWR166498144','64:DB:8B:49:9F:08','PAT102700','V5.6.821',NULL,'2026-05-23T04:08:39.941Z') ON CONFLICT (id) DO UPDATE SET device_type=EXCLUDED.device_type,status=EXCLUDED.status,brand=EXCLUDED.brand,model=EXCLUDED.model,serial_number=EXCLUDED.serial_number,mac_address=EXCLUDED.mac_address,asset_number=EXCLUDED.asset_number,firmware=EXCLUDED.firmware,comments=EXCLUDED.comments,source_updated_at=EXCLUDED.source_updated_at;
INSERT INTO cameras(device_id,form_factor) VALUES ('morjsqbph1otjls1','bullet') ON CONFLICT (device_id) DO UPDATE SET form_factor=EXCLUDED.form_factor;
INSERT INTO cctv_devices (id,device_type,status,brand,model,serial_number,mac_address,asset_number,firmware,comments,source_updated_at) VALUES ('morjsqbpyroc84qz','camera',NULL,'Hikvision','DS-2CD2625FHWD-IZS','20180108AAWR166498148','64:DB:8B:49:9F:0C','PAT102618','V5.6.821',NULL,'2026-05-23T04:08:39.941Z') ON CONFLICT (id) DO UPDATE SET device_type=EXCLUDED.device_type,status=EXCLUDED.status,brand=EXCLUDED.brand,model=EXCLUDED.model,serial_number=EXCLUDED.serial_number,mac_address=EXCLUDED.mac_address,asset_number=EXCLUDED.asset_number,firmware=EXCLUDED.firmware,comments=EXCLUDED.comments,source_updated_at=EXCLUDED.source_updated_at;
INSERT INTO cameras(device_id,form_factor) VALUES ('morjsqbpyroc84qz','bullet') ON CONFLICT (device_id) DO UPDATE SET form_factor=EXCLUDED.form_factor;
INSERT INTO cctv_devices (id,device_type,status,brand,model,serial_number,mac_address,asset_number,firmware,comments,source_updated_at) VALUES ('morjsqbp5dsa07u5','camera',NULL,'Hikvision','DS-2CD2625FHWD-IZS','20180108AAWR166498246','64:DB:8B:49:9F:6E','PAT102590','V5.6.821',NULL,'2026-05-23T04:08:39.941Z') ON CONFLICT (id) DO UPDATE SET device_type=EXCLUDED.device_type,status=EXCLUDED.status,brand=EXCLUDED.brand,model=EXCLUDED.model,serial_number=EXCLUDED.serial_number,mac_address=EXCLUDED.mac_address,asset_number=EXCLUDED.asset_number,firmware=EXCLUDED.firmware,comments=EXCLUDED.comments,source_updated_at=EXCLUDED.source_updated_at;
INSERT INTO cameras(device_id,form_factor) VALUES ('morjsqbp5dsa07u5','bullet') ON CONFLICT (device_id) DO UPDATE SET form_factor=EXCLUDED.form_factor;
INSERT INTO cctv_devices (id,device_type,status,brand,model,serial_number,mac_address,asset_number,firmware,comments,source_updated_at) VALUES ('morjsqbpn7zbqqbd','camera',NULL,'Hikvision','DS-2CD2625FHWD-IZS','20180108AAWR166498258','64:DB:8B:49:9F:7A','PAT102672','V5.6.821',NULL,'2026-05-23T04:08:39.941Z') ON CONFLICT (id) DO UPDATE SET device_type=EXCLUDED.device_type,status=EXCLUDED.status,brand=EXCLUDED.brand,model=EXCLUDED.model,serial_number=EXCLUDED.serial_number,mac_address=EXCLUDED.mac_address,asset_number=EXCLUDED.asset_number,firmware=EXCLUDED.firmware,comments=EXCLUDED.comments,source_updated_at=EXCLUDED.source_updated_at;
INSERT INTO cameras(device_id,form_factor) VALUES ('morjsqbpn7zbqqbd','bullet') ON CONFLICT (device_id) DO UPDATE SET form_factor=EXCLUDED.form_factor;
INSERT INTO cctv_devices (id,device_type,status,brand,model,serial_number,mac_address,asset_number,firmware,comments,source_updated_at) VALUES ('morjsqbpeyxe85if','camera',NULL,'Hikvision','DS-2CD2625FHWD-IZS','20180108AAWR166498278','64:DB:8B:49:9F:8E','PAT102670','V5.6.821',NULL,'2026-05-23T04:08:39.941Z') ON CONFLICT (id) DO UPDATE SET device_type=EXCLUDED.device_type,status=EXCLUDED.status,brand=EXCLUDED.brand,model=EXCLUDED.model,serial_number=EXCLUDED.serial_number,mac_address=EXCLUDED.mac_address,asset_number=EXCLUDED.asset_number,firmware=EXCLUDED.firmware,comments=EXCLUDED.comments,source_updated_at=EXCLUDED.source_updated_at;
INSERT INTO cameras(device_id,form_factor) VALUES ('morjsqbpeyxe85if','bullet') ON CONFLICT (device_id) DO UPDATE SET form_factor=EXCLUDED.form_factor;
INSERT INTO cctv_devices (id,device_type,status,brand,model,serial_number,mac_address,asset_number,firmware,comments,source_updated_at) VALUES ('morjsqbq5re5k0tq','camera',NULL,'Hikvision','DS-2DE5430W-AE','20180116AAWR172682152','64:DB:8B:62:6E:F4',NULL,'V5.4.8',NULL,'2026-05-23T04:08:39.941Z') ON CONFLICT (id) DO UPDATE SET device_type=EXCLUDED.device_type,status=EXCLUDED.status,brand=EXCLUDED.brand,model=EXCLUDED.model,serial_number=EXCLUDED.serial_number,mac_address=EXCLUDED.mac_address,asset_number=EXCLUDED.asset_number,firmware=EXCLUDED.firmware,comments=EXCLUDED.comments,source_updated_at=EXCLUDED.source_updated_at;
INSERT INTO cameras(device_id,form_factor) VALUES ('morjsqbq5re5k0tq','domo-ptz') ON CONFLICT (device_id) DO UPDATE SET form_factor=EXCLUDED.form_factor;
INSERT INTO cctv_devices (id,device_type,status,brand,model,serial_number,mac_address,asset_number,firmware,comments,source_updated_at) VALUES ('morjsqbqqquwiwqq','nvr',NULL,'Hikvision','DS-96128NI-I16','3220180423CCRRC17484926WCVLU','64:DB:8B:A9:7A:A7',NULL,'V4.51.127',NULL,'2026-06-26 16:42') ON CONFLICT (id) DO UPDATE SET device_type=EXCLUDED.device_type,status=EXCLUDED.status,brand=EXCLUDED.brand,model=EXCLUDED.model,serial_number=EXCLUDED.serial_number,mac_address=EXCLUDED.mac_address,asset_number=EXCLUDED.asset_number,firmware=EXCLUDED.firmware,comments=EXCLUDED.comments,source_updated_at=EXCLUDED.source_updated_at;
INSERT INTO cctv_devices (id,device_type,status,brand,model,serial_number,mac_address,asset_number,firmware,comments,source_updated_at) VALUES ('morjsqbqnzkrnvsu','nvr',NULL,'Hikvision','DS-7104NI-Q1/4P/M','0420190826CCRRD48850574WCVU','68:6D:BC:E7:AC:2A','PAT104671','V3.4.105',NULL,'2026-06-05T23:10:50.503Z') ON CONFLICT (id) DO UPDATE SET device_type=EXCLUDED.device_type,status=EXCLUDED.status,brand=EXCLUDED.brand,model=EXCLUDED.model,serial_number=EXCLUDED.serial_number,mac_address=EXCLUDED.mac_address,asset_number=EXCLUDED.asset_number,firmware=EXCLUDED.firmware,comments=EXCLUDED.comments,source_updated_at=EXCLUDED.source_updated_at;
INSERT INTO cctv_devices (id,device_type,status,brand,model,serial_number,mac_address,asset_number,firmware,comments,source_updated_at) VALUES ('morjsqbqvawaoz9a','nvr',NULL,'Hikvision','DS-7604',NULL,'8C:E7:48:3C:F5:71',NULL,NULL,NULL,'2026-05-23T04:08:39.941Z') ON CONFLICT (id) DO UPDATE SET device_type=EXCLUDED.device_type,status=EXCLUDED.status,brand=EXCLUDED.brand,model=EXCLUDED.model,serial_number=EXCLUDED.serial_number,mac_address=EXCLUDED.mac_address,asset_number=EXCLUDED.asset_number,firmware=EXCLUDED.firmware,comments=EXCLUDED.comments,source_updated_at=EXCLUDED.source_updated_at;
INSERT INTO cctv_devices (id,device_type,status,brand,model,serial_number,mac_address,asset_number,firmware,comments,source_updated_at) VALUES ('morjsqbqg7sok9az','camera',NULL,'Hikvision','DS-2CD7164-E','0120121026CCRR412272949','8C:E7:48:B6:4E:BA','NO','V4.0.1',NULL,'2026-06-25 14:10') ON CONFLICT (id) DO UPDATE SET device_type=EXCLUDED.device_type,status=EXCLUDED.status,brand=EXCLUDED.brand,model=EXCLUDED.model,serial_number=EXCLUDED.serial_number,mac_address=EXCLUDED.mac_address,asset_number=EXCLUDED.asset_number,firmware=EXCLUDED.firmware,comments=EXCLUDED.comments,source_updated_at=EXCLUDED.source_updated_at;
INSERT INTO cameras(device_id,form_factor) VALUES ('morjsqbqg7sok9az','minidomo') ON CONFLICT (device_id) DO UPDATE SET form_factor=EXCLUDED.form_factor;
INSERT INTO cctv_devices (id,device_type,status,brand,model,serial_number,mac_address,asset_number,firmware,comments,source_updated_at) VALUES ('morjsqbqvd838z4l','camera',NULL,'Hikvision','DS-2CD7164-E','0120121026CCRR412272956','8C:E7:48:B6:4E:C1','NO','V4.0.1',NULL,'2026-06-25 14:10') ON CONFLICT (id) DO UPDATE SET device_type=EXCLUDED.device_type,status=EXCLUDED.status,brand=EXCLUDED.brand,model=EXCLUDED.model,serial_number=EXCLUDED.serial_number,mac_address=EXCLUDED.mac_address,asset_number=EXCLUDED.asset_number,firmware=EXCLUDED.firmware,comments=EXCLUDED.comments,source_updated_at=EXCLUDED.source_updated_at;
INSERT INTO cameras(device_id,form_factor) VALUES ('morjsqbqvd838z4l','minidomo') ON CONFLICT (device_id) DO UPDATE SET form_factor=EXCLUDED.form_factor;
INSERT INTO cctv_devices (id,device_type,status,brand,model,serial_number,mac_address,asset_number,firmware,comments,source_updated_at) VALUES ('morjsqbqeuw8dghd','camera','revisar','Hikvision','DS-2CD7164-E',NULL,'8C:E7:48:D0:91:DC','NO',NULL,NULL,'2026-05-23T04:08:39.941Z') ON CONFLICT (id) DO UPDATE SET device_type=EXCLUDED.device_type,status=EXCLUDED.status,brand=EXCLUDED.brand,model=EXCLUDED.model,serial_number=EXCLUDED.serial_number,mac_address=EXCLUDED.mac_address,asset_number=EXCLUDED.asset_number,firmware=EXCLUDED.firmware,comments=EXCLUDED.comments,source_updated_at=EXCLUDED.source_updated_at;
INSERT INTO cameras(device_id,form_factor) VALUES ('morjsqbqeuw8dghd','minidomo') ON CONFLICT (device_id) DO UPDATE SET form_factor=EXCLUDED.form_factor;
INSERT INTO cctv_devices (id,device_type,status,brand,model,serial_number,mac_address,asset_number,firmware,comments,source_updated_at) VALUES ('morjsqbqf995k2km','camera','revisar','Hikvision','DS-2CD7164-E',NULL,'8C:E7:48:D0:92:0A','NO',NULL,NULL,'2026-05-23T04:08:39.941Z') ON CONFLICT (id) DO UPDATE SET device_type=EXCLUDED.device_type,status=EXCLUDED.status,brand=EXCLUDED.brand,model=EXCLUDED.model,serial_number=EXCLUDED.serial_number,mac_address=EXCLUDED.mac_address,asset_number=EXCLUDED.asset_number,firmware=EXCLUDED.firmware,comments=EXCLUDED.comments,source_updated_at=EXCLUDED.source_updated_at;
INSERT INTO cameras(device_id,form_factor) VALUES ('morjsqbqf995k2km','minidomo') ON CONFLICT (device_id) DO UPDATE SET form_factor=EXCLUDED.form_factor;
INSERT INTO cctv_devices (id,device_type,status,brand,model,serial_number,mac_address,asset_number,firmware,comments,source_updated_at) VALUES ('morjsqbqfx8ad33o','camera','revisar','Hikvision','DS-2CD7164-E',NULL,'8C:E7:48:D0:92:0D','43623',NULL,NULL,'2026-05-23T04:08:39.941Z') ON CONFLICT (id) DO UPDATE SET device_type=EXCLUDED.device_type,status=EXCLUDED.status,brand=EXCLUDED.brand,model=EXCLUDED.model,serial_number=EXCLUDED.serial_number,mac_address=EXCLUDED.mac_address,asset_number=EXCLUDED.asset_number,firmware=EXCLUDED.firmware,comments=EXCLUDED.comments,source_updated_at=EXCLUDED.source_updated_at;
INSERT INTO cameras(device_id,form_factor) VALUES ('morjsqbqfx8ad33o','minidomo') ON CONFLICT (device_id) DO UPDATE SET form_factor=EXCLUDED.form_factor;
INSERT INTO cctv_devices (id,device_type,status,brand,model,serial_number,mac_address,asset_number,firmware,comments,source_updated_at) VALUES ('morjsqbq3lr3g15i','camera','revisar','Hikvision','DS-2CD7164-E',NULL,'8C:E7:48:D0:92:0E','NO',NULL,NULL,'2026-05-23T04:08:39.941Z') ON CONFLICT (id) DO UPDATE SET device_type=EXCLUDED.device_type,status=EXCLUDED.status,brand=EXCLUDED.brand,model=EXCLUDED.model,serial_number=EXCLUDED.serial_number,mac_address=EXCLUDED.mac_address,asset_number=EXCLUDED.asset_number,firmware=EXCLUDED.firmware,comments=EXCLUDED.comments,source_updated_at=EXCLUDED.source_updated_at;
INSERT INTO cameras(device_id,form_factor) VALUES ('morjsqbq3lr3g15i','minidomo') ON CONFLICT (device_id) DO UPDATE SET form_factor=EXCLUDED.form_factor;
INSERT INTO cctv_devices (id,device_type,status,brand,model,serial_number,mac_address,asset_number,firmware,comments,source_updated_at) VALUES ('morjsqbqis195sef','camera','revisar','Hikvision','DS-2CD7164-E',NULL,'8C:E7:48:D0:92:16','NO',NULL,NULL,'2026-05-23T04:08:39.941Z') ON CONFLICT (id) DO UPDATE SET device_type=EXCLUDED.device_type,status=EXCLUDED.status,brand=EXCLUDED.brand,model=EXCLUDED.model,serial_number=EXCLUDED.serial_number,mac_address=EXCLUDED.mac_address,asset_number=EXCLUDED.asset_number,firmware=EXCLUDED.firmware,comments=EXCLUDED.comments,source_updated_at=EXCLUDED.source_updated_at;
INSERT INTO cameras(device_id,form_factor) VALUES ('morjsqbqis195sef','minidomo') ON CONFLICT (device_id) DO UPDATE SET form_factor=EXCLUDED.form_factor;
INSERT INTO cctv_devices (id,device_type,status,brand,model,serial_number,mac_address,asset_number,firmware,comments,source_updated_at) VALUES ('morjsqbq507po0wc','camera','revisar','Hikvision','DS-2CD7164-E',NULL,'8C:E7:48:D0:92:1B','NO',NULL,NULL,'2026-05-23T04:08:39.941Z') ON CONFLICT (id) DO UPDATE SET device_type=EXCLUDED.device_type,status=EXCLUDED.status,brand=EXCLUDED.brand,model=EXCLUDED.model,serial_number=EXCLUDED.serial_number,mac_address=EXCLUDED.mac_address,asset_number=EXCLUDED.asset_number,firmware=EXCLUDED.firmware,comments=EXCLUDED.comments,source_updated_at=EXCLUDED.source_updated_at;
INSERT INTO cameras(device_id,form_factor) VALUES ('morjsqbq507po0wc','minidomo') ON CONFLICT (device_id) DO UPDATE SET form_factor=EXCLUDED.form_factor;
INSERT INTO cctv_devices (id,device_type,status,brand,model,serial_number,mac_address,asset_number,firmware,comments,source_updated_at) VALUES ('morjsqbq3pz1xhp1','camera','revisar','Hikvision','DS-2CD7164-E',NULL,'8C:E7:48:D0:92:21','NO',NULL,NULL,'2026-05-23T04:08:39.941Z') ON CONFLICT (id) DO UPDATE SET device_type=EXCLUDED.device_type,status=EXCLUDED.status,brand=EXCLUDED.brand,model=EXCLUDED.model,serial_number=EXCLUDED.serial_number,mac_address=EXCLUDED.mac_address,asset_number=EXCLUDED.asset_number,firmware=EXCLUDED.firmware,comments=EXCLUDED.comments,source_updated_at=EXCLUDED.source_updated_at;
INSERT INTO cameras(device_id,form_factor) VALUES ('morjsqbq3pz1xhp1','minidomo') ON CONFLICT (device_id) DO UPDATE SET form_factor=EXCLUDED.form_factor;
INSERT INTO cctv_devices (id,device_type,status,brand,model,serial_number,mac_address,asset_number,firmware,comments,source_updated_at) VALUES ('morjsqbqopnsa5t9','camera','revisar','Hikvision','DS-2CD7164-E',NULL,'8C:E7:48:D0:92:22','NO',NULL,NULL,'2026-05-23T04:08:39.941Z') ON CONFLICT (id) DO UPDATE SET device_type=EXCLUDED.device_type,status=EXCLUDED.status,brand=EXCLUDED.brand,model=EXCLUDED.model,serial_number=EXCLUDED.serial_number,mac_address=EXCLUDED.mac_address,asset_number=EXCLUDED.asset_number,firmware=EXCLUDED.firmware,comments=EXCLUDED.comments,source_updated_at=EXCLUDED.source_updated_at;
INSERT INTO cameras(device_id,form_factor) VALUES ('morjsqbqopnsa5t9','minidomo') ON CONFLICT (device_id) DO UPDATE SET form_factor=EXCLUDED.form_factor;
INSERT INTO cctv_devices (id,device_type,status,brand,model,serial_number,mac_address,asset_number,firmware,comments,source_updated_at) VALUES ('morjsqbqygh5v5x9','camera','revisar','Hikvision','DS-2CD7164-E',NULL,'8C:E7:48:D0:92:2A','NO',NULL,NULL,'2026-05-23T04:08:39.941Z') ON CONFLICT (id) DO UPDATE SET device_type=EXCLUDED.device_type,status=EXCLUDED.status,brand=EXCLUDED.brand,model=EXCLUDED.model,serial_number=EXCLUDED.serial_number,mac_address=EXCLUDED.mac_address,asset_number=EXCLUDED.asset_number,firmware=EXCLUDED.firmware,comments=EXCLUDED.comments,source_updated_at=EXCLUDED.source_updated_at;
INSERT INTO cameras(device_id,form_factor) VALUES ('morjsqbqygh5v5x9','minidomo') ON CONFLICT (device_id) DO UPDATE SET form_factor=EXCLUDED.form_factor;
INSERT INTO cctv_devices (id,device_type,status,brand,model,serial_number,mac_address,asset_number,firmware,comments,source_updated_at) VALUES ('morjsqbqoa8d0yeu','camera','revisar','Hikvision','DS-2CD7164-E',NULL,'8C:E7:48:D0:92:44','NO',NULL,NULL,'2026-05-23T04:08:39.941Z') ON CONFLICT (id) DO UPDATE SET device_type=EXCLUDED.device_type,status=EXCLUDED.status,brand=EXCLUDED.brand,model=EXCLUDED.model,serial_number=EXCLUDED.serial_number,mac_address=EXCLUDED.mac_address,asset_number=EXCLUDED.asset_number,firmware=EXCLUDED.firmware,comments=EXCLUDED.comments,source_updated_at=EXCLUDED.source_updated_at;
INSERT INTO cameras(device_id,form_factor) VALUES ('morjsqbqoa8d0yeu','minidomo') ON CONFLICT (device_id) DO UPDATE SET form_factor=EXCLUDED.form_factor;
INSERT INTO cctv_devices (id,device_type,status,brand,model,serial_number,mac_address,asset_number,firmware,comments,source_updated_at) VALUES ('morjsqbqmcdndkzw','camera','revisar','Hikvision','DS-2CD7164-E',NULL,'8C:E7:48:D0:92:50','NO',NULL,NULL,'2026-05-23T04:08:39.941Z') ON CONFLICT (id) DO UPDATE SET device_type=EXCLUDED.device_type,status=EXCLUDED.status,brand=EXCLUDED.brand,model=EXCLUDED.model,serial_number=EXCLUDED.serial_number,mac_address=EXCLUDED.mac_address,asset_number=EXCLUDED.asset_number,firmware=EXCLUDED.firmware,comments=EXCLUDED.comments,source_updated_at=EXCLUDED.source_updated_at;
INSERT INTO cameras(device_id,form_factor) VALUES ('morjsqbqmcdndkzw','minidomo') ON CONFLICT (device_id) DO UPDATE SET form_factor=EXCLUDED.form_factor;
INSERT INTO cctv_devices (id,device_type,status,brand,model,serial_number,mac_address,asset_number,firmware,comments,source_updated_at) VALUES ('morjsqbqp0esekt3','camera','revisar','Hikvision','DS-2CD7164-E',NULL,'8C:E7:48:D0:92:59','NO',NULL,NULL,'2026-05-23T04:08:39.941Z') ON CONFLICT (id) DO UPDATE SET device_type=EXCLUDED.device_type,status=EXCLUDED.status,brand=EXCLUDED.brand,model=EXCLUDED.model,serial_number=EXCLUDED.serial_number,mac_address=EXCLUDED.mac_address,asset_number=EXCLUDED.asset_number,firmware=EXCLUDED.firmware,comments=EXCLUDED.comments,source_updated_at=EXCLUDED.source_updated_at;
INSERT INTO cameras(device_id,form_factor) VALUES ('morjsqbqp0esekt3','minidomo') ON CONFLICT (device_id) DO UPDATE SET form_factor=EXCLUDED.form_factor;
INSERT INTO cctv_devices (id,device_type,status,brand,model,serial_number,mac_address,asset_number,firmware,comments,source_updated_at) VALUES ('morjsqbqh56kkqbd','camera','revisar','Hikvision','DS-2CD7164-E',NULL,'8C:E7:48:D0:92:72','NO',NULL,NULL,'2026-05-23T04:08:39.941Z') ON CONFLICT (id) DO UPDATE SET device_type=EXCLUDED.device_type,status=EXCLUDED.status,brand=EXCLUDED.brand,model=EXCLUDED.model,serial_number=EXCLUDED.serial_number,mac_address=EXCLUDED.mac_address,asset_number=EXCLUDED.asset_number,firmware=EXCLUDED.firmware,comments=EXCLUDED.comments,source_updated_at=EXCLUDED.source_updated_at;
INSERT INTO cameras(device_id,form_factor) VALUES ('morjsqbqh56kkqbd','minidomo') ON CONFLICT (device_id) DO UPDATE SET form_factor=EXCLUDED.form_factor;
INSERT INTO cctv_devices (id,device_type,status,brand,model,serial_number,mac_address,asset_number,firmware,comments,source_updated_at) VALUES ('morjsqbqk4rw1871','camera','revisar','Hikvision','DS-2CD7164-E',NULL,'8C:E7:48:D0:92:75','NO',NULL,NULL,'2026-05-23T04:08:39.941Z') ON CONFLICT (id) DO UPDATE SET device_type=EXCLUDED.device_type,status=EXCLUDED.status,brand=EXCLUDED.brand,model=EXCLUDED.model,serial_number=EXCLUDED.serial_number,mac_address=EXCLUDED.mac_address,asset_number=EXCLUDED.asset_number,firmware=EXCLUDED.firmware,comments=EXCLUDED.comments,source_updated_at=EXCLUDED.source_updated_at;
INSERT INTO cameras(device_id,form_factor) VALUES ('morjsqbqk4rw1871','minidomo') ON CONFLICT (device_id) DO UPDATE SET form_factor=EXCLUDED.form_factor;
INSERT INTO cctv_devices (id,device_type,status,brand,model,serial_number,mac_address,asset_number,firmware,comments,source_updated_at) VALUES ('morjsqbq6mbl2il8','camera','revisar','Hikvision','DS-2CD7164-E',NULL,'8C:E7:48:D0:92:9A','NO',NULL,NULL,'2026-05-23T04:08:39.941Z') ON CONFLICT (id) DO UPDATE SET device_type=EXCLUDED.device_type,status=EXCLUDED.status,brand=EXCLUDED.brand,model=EXCLUDED.model,serial_number=EXCLUDED.serial_number,mac_address=EXCLUDED.mac_address,asset_number=EXCLUDED.asset_number,firmware=EXCLUDED.firmware,comments=EXCLUDED.comments,source_updated_at=EXCLUDED.source_updated_at;
INSERT INTO cameras(device_id,form_factor) VALUES ('morjsqbq6mbl2il8','minidomo') ON CONFLICT (device_id) DO UPDATE SET form_factor=EXCLUDED.form_factor;
INSERT INTO cctv_devices (id,device_type,status,brand,model,serial_number,mac_address,asset_number,firmware,comments,source_updated_at) VALUES ('morjsqbqfyp6rp3g','camera','revisar','Hikvision','DS-2CD7164-E',NULL,'8C:E7:48:D0:92:B3','NO',NULL,NULL,'2026-05-23T04:08:39.941Z') ON CONFLICT (id) DO UPDATE SET device_type=EXCLUDED.device_type,status=EXCLUDED.status,brand=EXCLUDED.brand,model=EXCLUDED.model,serial_number=EXCLUDED.serial_number,mac_address=EXCLUDED.mac_address,asset_number=EXCLUDED.asset_number,firmware=EXCLUDED.firmware,comments=EXCLUDED.comments,source_updated_at=EXCLUDED.source_updated_at;
INSERT INTO cameras(device_id,form_factor) VALUES ('morjsqbqfyp6rp3g','minidomo') ON CONFLICT (device_id) DO UPDATE SET form_factor=EXCLUDED.form_factor;
INSERT INTO cctv_devices (id,device_type,status,brand,model,serial_number,mac_address,asset_number,firmware,comments,source_updated_at) VALUES ('morjsqbqw018fofe','camera','revisar','Hikvision','DS-2CD7164-E',NULL,'8C:E7:48:D0:92:C3','NO',NULL,NULL,'2026-05-23T04:08:39.941Z') ON CONFLICT (id) DO UPDATE SET device_type=EXCLUDED.device_type,status=EXCLUDED.status,brand=EXCLUDED.brand,model=EXCLUDED.model,serial_number=EXCLUDED.serial_number,mac_address=EXCLUDED.mac_address,asset_number=EXCLUDED.asset_number,firmware=EXCLUDED.firmware,comments=EXCLUDED.comments,source_updated_at=EXCLUDED.source_updated_at;
INSERT INTO cameras(device_id,form_factor) VALUES ('morjsqbqw018fofe','minidomo') ON CONFLICT (device_id) DO UPDATE SET form_factor=EXCLUDED.form_factor;
INSERT INTO cctv_devices (id,device_type,status,brand,model,serial_number,mac_address,asset_number,firmware,comments,source_updated_at) VALUES ('morjsqbqrj3e732f','camera','revisar','Hikvision','DS-2CD7164-E',NULL,'8C:E7:48:D0:92:C9','NO',NULL,NULL,'2026-05-23T04:08:39.941Z') ON CONFLICT (id) DO UPDATE SET device_type=EXCLUDED.device_type,status=EXCLUDED.status,brand=EXCLUDED.brand,model=EXCLUDED.model,serial_number=EXCLUDED.serial_number,mac_address=EXCLUDED.mac_address,asset_number=EXCLUDED.asset_number,firmware=EXCLUDED.firmware,comments=EXCLUDED.comments,source_updated_at=EXCLUDED.source_updated_at;
INSERT INTO cameras(device_id,form_factor) VALUES ('morjsqbqrj3e732f','minidomo') ON CONFLICT (device_id) DO UPDATE SET form_factor=EXCLUDED.form_factor;
INSERT INTO cctv_devices (id,device_type,status,brand,model,serial_number,mac_address,asset_number,firmware,comments,source_updated_at) VALUES ('morjsqbqkjltnx34','camera','revisar','Hikvision','DS-2CD7164-E',NULL,'8C:E7:48:D0:92:CA','NO',NULL,NULL,'2026-05-23T04:08:39.941Z') ON CONFLICT (id) DO UPDATE SET device_type=EXCLUDED.device_type,status=EXCLUDED.status,brand=EXCLUDED.brand,model=EXCLUDED.model,serial_number=EXCLUDED.serial_number,mac_address=EXCLUDED.mac_address,asset_number=EXCLUDED.asset_number,firmware=EXCLUDED.firmware,comments=EXCLUDED.comments,source_updated_at=EXCLUDED.source_updated_at;
INSERT INTO cameras(device_id,form_factor) VALUES ('morjsqbqkjltnx34','minidomo') ON CONFLICT (device_id) DO UPDATE SET form_factor=EXCLUDED.form_factor;
INSERT INTO cctv_devices (id,device_type,status,brand,model,serial_number,mac_address,asset_number,firmware,comments,source_updated_at) VALUES ('morjsqbqxkl48yv8','camera','revisar','Hikvision','DS-2CD7164-E',NULL,'8C:E7:48:D0:92:CC','NO',NULL,NULL,'2026-05-23T04:08:39.941Z') ON CONFLICT (id) DO UPDATE SET device_type=EXCLUDED.device_type,status=EXCLUDED.status,brand=EXCLUDED.brand,model=EXCLUDED.model,serial_number=EXCLUDED.serial_number,mac_address=EXCLUDED.mac_address,asset_number=EXCLUDED.asset_number,firmware=EXCLUDED.firmware,comments=EXCLUDED.comments,source_updated_at=EXCLUDED.source_updated_at;
INSERT INTO cameras(device_id,form_factor) VALUES ('morjsqbqxkl48yv8','minidomo') ON CONFLICT (device_id) DO UPDATE SET form_factor=EXCLUDED.form_factor;
INSERT INTO cctv_devices (id,device_type,status,brand,model,serial_number,mac_address,asset_number,firmware,comments,source_updated_at) VALUES ('morjsqbq27oxxfl1','camera','revisar','Hikvision','DS-2CD7164-E',NULL,'8C:E7:48:D0:92:D5','NO',NULL,NULL,'2026-05-23T04:08:39.941Z') ON CONFLICT (id) DO UPDATE SET device_type=EXCLUDED.device_type,status=EXCLUDED.status,brand=EXCLUDED.brand,model=EXCLUDED.model,serial_number=EXCLUDED.serial_number,mac_address=EXCLUDED.mac_address,asset_number=EXCLUDED.asset_number,firmware=EXCLUDED.firmware,comments=EXCLUDED.comments,source_updated_at=EXCLUDED.source_updated_at;
INSERT INTO cameras(device_id,form_factor) VALUES ('morjsqbq27oxxfl1','minidomo') ON CONFLICT (device_id) DO UPDATE SET form_factor=EXCLUDED.form_factor;
INSERT INTO cctv_devices (id,device_type,status,brand,model,serial_number,mac_address,asset_number,firmware,comments,source_updated_at) VALUES ('morjsqbq28navf3g','camera','revisar','Hikvision','DS-2CD7164-E',NULL,'8C:E7:48:D0:92:DF','NO',NULL,NULL,'2026-05-23T04:08:39.941Z') ON CONFLICT (id) DO UPDATE SET device_type=EXCLUDED.device_type,status=EXCLUDED.status,brand=EXCLUDED.brand,model=EXCLUDED.model,serial_number=EXCLUDED.serial_number,mac_address=EXCLUDED.mac_address,asset_number=EXCLUDED.asset_number,firmware=EXCLUDED.firmware,comments=EXCLUDED.comments,source_updated_at=EXCLUDED.source_updated_at;
INSERT INTO cameras(device_id,form_factor) VALUES ('morjsqbq28navf3g','minidomo') ON CONFLICT (device_id) DO UPDATE SET form_factor=EXCLUDED.form_factor;
INSERT INTO cctv_devices (id,device_type,status,brand,model,serial_number,mac_address,asset_number,firmware,comments,source_updated_at) VALUES ('morjsqbq9fb8qag1','camera','revisar','Hikvision','DS-2CD7164-E',NULL,'8C:E7:48:D0:92:E3','NO',NULL,NULL,'2026-05-23T04:08:39.941Z') ON CONFLICT (id) DO UPDATE SET device_type=EXCLUDED.device_type,status=EXCLUDED.status,brand=EXCLUDED.brand,model=EXCLUDED.model,serial_number=EXCLUDED.serial_number,mac_address=EXCLUDED.mac_address,asset_number=EXCLUDED.asset_number,firmware=EXCLUDED.firmware,comments=EXCLUDED.comments,source_updated_at=EXCLUDED.source_updated_at;
INSERT INTO cameras(device_id,form_factor) VALUES ('morjsqbq9fb8qag1','minidomo') ON CONFLICT (device_id) DO UPDATE SET form_factor=EXCLUDED.form_factor;
INSERT INTO cctv_devices (id,device_type,status,brand,model,serial_number,mac_address,asset_number,firmware,comments,source_updated_at) VALUES ('morjsqbplcphqruc','camera',NULL,'Hikvision','DS-2CD2123G0-I','20180404AAWRC10866064','94:E1:AC:3B:60:34','PAT100660','V5.6.821',NULL,'2026-05-23T04:08:39.941Z') ON CONFLICT (id) DO UPDATE SET device_type=EXCLUDED.device_type,status=EXCLUDED.status,brand=EXCLUDED.brand,model=EXCLUDED.model,serial_number=EXCLUDED.serial_number,mac_address=EXCLUDED.mac_address,asset_number=EXCLUDED.asset_number,firmware=EXCLUDED.firmware,comments=EXCLUDED.comments,source_updated_at=EXCLUDED.source_updated_at;
INSERT INTO cameras(device_id,form_factor) VALUES ('morjsqbplcphqruc','domo') ON CONFLICT (device_id) DO UPDATE SET form_factor=EXCLUDED.form_factor;
INSERT INTO cctv_devices (id,device_type,status,brand,model,serial_number,mac_address,asset_number,firmware,comments,source_updated_at) VALUES ('morjsqbpo4kl61ij','camera',NULL,'Hikvision','DS-2CD2123G0-I','20180404AAWRC10866068','94:E1:AC:3B:60:38','PAT100663','V5.6.821',NULL,'2026-05-23T04:08:39.941Z') ON CONFLICT (id) DO UPDATE SET device_type=EXCLUDED.device_type,status=EXCLUDED.status,brand=EXCLUDED.brand,model=EXCLUDED.model,serial_number=EXCLUDED.serial_number,mac_address=EXCLUDED.mac_address,asset_number=EXCLUDED.asset_number,firmware=EXCLUDED.firmware,comments=EXCLUDED.comments,source_updated_at=EXCLUDED.source_updated_at;
INSERT INTO cameras(device_id,form_factor) VALUES ('morjsqbpo4kl61ij','domo') ON CONFLICT (device_id) DO UPDATE SET form_factor=EXCLUDED.form_factor;
INSERT INTO cctv_devices (id,device_type,status,brand,model,serial_number,mac_address,asset_number,firmware,comments,source_updated_at) VALUES ('morjsqbp0sy8kxls','camera',NULL,'Hikvision','DS-2CD2123G0-I','20180404AAWRC10866072','94:E1:AC:3B:60:3C','PAT100647','V5.6.821',NULL,'2026-05-23T04:08:39.941Z') ON CONFLICT (id) DO UPDATE SET device_type=EXCLUDED.device_type,status=EXCLUDED.status,brand=EXCLUDED.brand,model=EXCLUDED.model,serial_number=EXCLUDED.serial_number,mac_address=EXCLUDED.mac_address,asset_number=EXCLUDED.asset_number,firmware=EXCLUDED.firmware,comments=EXCLUDED.comments,source_updated_at=EXCLUDED.source_updated_at;
INSERT INTO cameras(device_id,form_factor) VALUES ('morjsqbp0sy8kxls','domo') ON CONFLICT (device_id) DO UPDATE SET form_factor=EXCLUDED.form_factor;
INSERT INTO cctv_devices (id,device_type,status,brand,model,serial_number,mac_address,asset_number,firmware,comments,source_updated_at) VALUES ('morjsqbqsnlw2ngy','camera',NULL,'Hikvision','DS-2CD2123G0-I',NULL,'94:E1:AC:3B:60:3D','PAT100648',NULL,NULL,'2026-05-23T04:08:39.941Z') ON CONFLICT (id) DO UPDATE SET device_type=EXCLUDED.device_type,status=EXCLUDED.status,brand=EXCLUDED.brand,model=EXCLUDED.model,serial_number=EXCLUDED.serial_number,mac_address=EXCLUDED.mac_address,asset_number=EXCLUDED.asset_number,firmware=EXCLUDED.firmware,comments=EXCLUDED.comments,source_updated_at=EXCLUDED.source_updated_at;
INSERT INTO cameras(device_id,form_factor) VALUES ('morjsqbqsnlw2ngy','domo') ON CONFLICT (device_id) DO UPDATE SET form_factor=EXCLUDED.form_factor;
INSERT INTO cctv_devices (id,device_type,status,brand,model,serial_number,mac_address,asset_number,firmware,comments,source_updated_at) VALUES ('morjsqbp82yxbirs','camera',NULL,'Hikvision','DS-2CD2123G0-I','20180404AAWRC10866074','94:E1:AC:3B:60:3E','PAT100646','V5.6.821',NULL,'2026-05-23T04:08:39.941Z') ON CONFLICT (id) DO UPDATE SET device_type=EXCLUDED.device_type,status=EXCLUDED.status,brand=EXCLUDED.brand,model=EXCLUDED.model,serial_number=EXCLUDED.serial_number,mac_address=EXCLUDED.mac_address,asset_number=EXCLUDED.asset_number,firmware=EXCLUDED.firmware,comments=EXCLUDED.comments,source_updated_at=EXCLUDED.source_updated_at;
INSERT INTO cameras(device_id,form_factor) VALUES ('morjsqbp82yxbirs','domo') ON CONFLICT (device_id) DO UPDATE SET form_factor=EXCLUDED.form_factor;
INSERT INTO cctv_devices (id,device_type,status,brand,model,serial_number,mac_address,asset_number,firmware,comments,source_updated_at) VALUES ('morjsqbpehb8l9co','camera',NULL,'Hikvision','DS-2CD2123G0-I','20180404AAWRC10866075','94:E1:AC:3B:60:3F','PAT100659','V5.6.821',NULL,'2026-05-23T04:08:39.941Z') ON CONFLICT (id) DO UPDATE SET device_type=EXCLUDED.device_type,status=EXCLUDED.status,brand=EXCLUDED.brand,model=EXCLUDED.model,serial_number=EXCLUDED.serial_number,mac_address=EXCLUDED.mac_address,asset_number=EXCLUDED.asset_number,firmware=EXCLUDED.firmware,comments=EXCLUDED.comments,source_updated_at=EXCLUDED.source_updated_at;
INSERT INTO cameras(device_id,form_factor) VALUES ('morjsqbpehb8l9co','domo') ON CONFLICT (device_id) DO UPDATE SET form_factor=EXCLUDED.form_factor;
INSERT INTO cctv_devices (id,device_type,status,brand,model,serial_number,mac_address,asset_number,firmware,comments,source_updated_at) VALUES ('morjsqbp3z3gyu2x','camera',NULL,'Hikvision','DS-2CD2123G0-I','20180404AAWRC10866078','94:E1:AC:3B:60:42','PAT100649','V5.6.821',NULL,'2026-05-23T04:08:39.941Z') ON CONFLICT (id) DO UPDATE SET device_type=EXCLUDED.device_type,status=EXCLUDED.status,brand=EXCLUDED.brand,model=EXCLUDED.model,serial_number=EXCLUDED.serial_number,mac_address=EXCLUDED.mac_address,asset_number=EXCLUDED.asset_number,firmware=EXCLUDED.firmware,comments=EXCLUDED.comments,source_updated_at=EXCLUDED.source_updated_at;
INSERT INTO cameras(device_id,form_factor) VALUES ('morjsqbp3z3gyu2x','domo') ON CONFLICT (device_id) DO UPDATE SET form_factor=EXCLUDED.form_factor;
INSERT INTO cctv_devices (id,device_type,status,brand,model,serial_number,mac_address,asset_number,firmware,comments,source_updated_at) VALUES ('morjsqbp5ky425ae','camera',NULL,'Hikvision','DS-2CD2123G0-I','20180404AAWRC10866089','94:E1:AC:3B:60:4D','PAT100650','V5.6.821',NULL,'2026-05-23T04:08:39.941Z') ON CONFLICT (id) DO UPDATE SET device_type=EXCLUDED.device_type,status=EXCLUDED.status,brand=EXCLUDED.brand,model=EXCLUDED.model,serial_number=EXCLUDED.serial_number,mac_address=EXCLUDED.mac_address,asset_number=EXCLUDED.asset_number,firmware=EXCLUDED.firmware,comments=EXCLUDED.comments,source_updated_at=EXCLUDED.source_updated_at;
INSERT INTO cameras(device_id,form_factor) VALUES ('morjsqbp5ky425ae','domo') ON CONFLICT (device_id) DO UPDATE SET form_factor=EXCLUDED.form_factor;
INSERT INTO cctv_devices (id,device_type,status,brand,model,serial_number,mac_address,asset_number,firmware,comments,source_updated_at) VALUES ('morjsqbpqgxb41od','camera',NULL,'Hikvision','DS-2CD2123G0-I','20180404AAWRC10866101','94:E1:AC:3B:60:59','PAT100652','V5.6.821',NULL,'2026-05-23T04:08:39.941Z') ON CONFLICT (id) DO UPDATE SET device_type=EXCLUDED.device_type,status=EXCLUDED.status,brand=EXCLUDED.brand,model=EXCLUDED.model,serial_number=EXCLUDED.serial_number,mac_address=EXCLUDED.mac_address,asset_number=EXCLUDED.asset_number,firmware=EXCLUDED.firmware,comments=EXCLUDED.comments,source_updated_at=EXCLUDED.source_updated_at;
INSERT INTO cameras(device_id,form_factor) VALUES ('morjsqbpqgxb41od','domo') ON CONFLICT (device_id) DO UPDATE SET form_factor=EXCLUDED.form_factor;
INSERT INTO cctv_devices (id,device_type,status,brand,model,serial_number,mac_address,asset_number,firmware,comments,source_updated_at) VALUES ('morjsqbq16esc7nr','camera',NULL,'Hikvision','DS-2CD2123G0-I',NULL,'94:E1:AC:3B:60:5C','PAT100661',NULL,NULL,'2026-05-23T04:08:39.941Z') ON CONFLICT (id) DO UPDATE SET device_type=EXCLUDED.device_type,status=EXCLUDED.status,brand=EXCLUDED.brand,model=EXCLUDED.model,serial_number=EXCLUDED.serial_number,mac_address=EXCLUDED.mac_address,asset_number=EXCLUDED.asset_number,firmware=EXCLUDED.firmware,comments=EXCLUDED.comments,source_updated_at=EXCLUDED.source_updated_at;
INSERT INTO cameras(device_id,form_factor) VALUES ('morjsqbq16esc7nr','domo') ON CONFLICT (device_id) DO UPDATE SET form_factor=EXCLUDED.form_factor;
INSERT INTO cctv_devices (id,device_type,status,brand,model,serial_number,mac_address,asset_number,firmware,comments,source_updated_at) VALUES ('morjsqbpp01y7u3r','camera',NULL,'Hikvision','DS-2CD2123G0-I','20180404AAWRC10866125','94:E1:AC:3B:60:71',NULL,'V5.6.821',NULL,'2026-05-23T04:08:39.941Z') ON CONFLICT (id) DO UPDATE SET device_type=EXCLUDED.device_type,status=EXCLUDED.status,brand=EXCLUDED.brand,model=EXCLUDED.model,serial_number=EXCLUDED.serial_number,mac_address=EXCLUDED.mac_address,asset_number=EXCLUDED.asset_number,firmware=EXCLUDED.firmware,comments=EXCLUDED.comments,source_updated_at=EXCLUDED.source_updated_at;
INSERT INTO cameras(device_id,form_factor) VALUES ('morjsqbpp01y7u3r','domo') ON CONFLICT (device_id) DO UPDATE SET form_factor=EXCLUDED.form_factor;
INSERT INTO cctv_devices (id,device_type,status,brand,model,serial_number,mac_address,asset_number,firmware,comments,source_updated_at) VALUES ('morjsqbqk4f054g2','camera',NULL,'Hikvision','DS-2CD2020F-IW','20180330AAWRC12792079','94:E1:AC:4B:E3:9E','PAT100777','V5.4.81',NULL,'2026-05-23T04:08:39.941Z') ON CONFLICT (id) DO UPDATE SET device_type=EXCLUDED.device_type,status=EXCLUDED.status,brand=EXCLUDED.brand,model=EXCLUDED.model,serial_number=EXCLUDED.serial_number,mac_address=EXCLUDED.mac_address,asset_number=EXCLUDED.asset_number,firmware=EXCLUDED.firmware,comments=EXCLUDED.comments,source_updated_at=EXCLUDED.source_updated_at;
INSERT INTO cameras(device_id,form_factor) VALUES ('morjsqbqk4f054g2','minibullet') ON CONFLICT (device_id) DO UPDATE SET form_factor=EXCLUDED.form_factor;
INSERT INTO cctv_devices (id,device_type,status,brand,model,serial_number,mac_address,asset_number,firmware,comments,source_updated_at) VALUES ('morjsqbqjdkadyju','camera','revisar','Hikvision','DS-2CD2020F-IW',NULL,'94:E1:AC:4B:E3:B1','NO',NULL,NULL,'2026-05-23T04:08:39.941Z') ON CONFLICT (id) DO UPDATE SET device_type=EXCLUDED.device_type,status=EXCLUDED.status,brand=EXCLUDED.brand,model=EXCLUDED.model,serial_number=EXCLUDED.serial_number,mac_address=EXCLUDED.mac_address,asset_number=EXCLUDED.asset_number,firmware=EXCLUDED.firmware,comments=EXCLUDED.comments,source_updated_at=EXCLUDED.source_updated_at;
INSERT INTO cameras(device_id,form_factor) VALUES ('morjsqbqjdkadyju','minibullet') ON CONFLICT (device_id) DO UPDATE SET form_factor=EXCLUDED.form_factor;
INSERT INTO cctv_devices (id,device_type,status,brand,model,serial_number,mac_address,asset_number,firmware,comments,source_updated_at) VALUES ('morjsqbq5mqzl8xx','camera','revisar','Hikvision','DS-2CD2020F-IW',NULL,'94:E1:AC:4B:E3:BC','NO',NULL,NULL,'2026-06-23T21:13:55.283Z') ON CONFLICT (id) DO UPDATE SET device_type=EXCLUDED.device_type,status=EXCLUDED.status,brand=EXCLUDED.brand,model=EXCLUDED.model,serial_number=EXCLUDED.serial_number,mac_address=EXCLUDED.mac_address,asset_number=EXCLUDED.asset_number,firmware=EXCLUDED.firmware,comments=EXCLUDED.comments,source_updated_at=EXCLUDED.source_updated_at;
INSERT INTO cameras(device_id,form_factor) VALUES ('morjsqbq5mqzl8xx','minibullet') ON CONFLICT (device_id) DO UPDATE SET form_factor=EXCLUDED.form_factor;
INSERT INTO cctv_devices (id,device_type,status,brand,model,serial_number,mac_address,asset_number,firmware,comments,source_updated_at) VALUES ('morjsqbq9tw7c3kb','camera','revisar','Hikvision','DS-2CD2020F-IW',NULL,'94:E1:AC:4B:E3:C0','PAT100782',NULL,NULL,'2026-05-23T04:08:39.941Z') ON CONFLICT (id) DO UPDATE SET device_type=EXCLUDED.device_type,status=EXCLUDED.status,brand=EXCLUDED.brand,model=EXCLUDED.model,serial_number=EXCLUDED.serial_number,mac_address=EXCLUDED.mac_address,asset_number=EXCLUDED.asset_number,firmware=EXCLUDED.firmware,comments=EXCLUDED.comments,source_updated_at=EXCLUDED.source_updated_at;
INSERT INTO cameras(device_id,form_factor) VALUES ('morjsqbq9tw7c3kb','minibullet') ON CONFLICT (device_id) DO UPDATE SET form_factor=EXCLUDED.form_factor;
INSERT INTO cctv_devices (id,device_type,status,brand,model,serial_number,mac_address,asset_number,firmware,comments,source_updated_at) VALUES ('morjsqbqy2rkhafk','camera',NULL,'Hikvision','DS-2CD2020F-IW','20180330AAWRC12792130','94:E1:AC:4B:E3:D1','PAT100780','V5.4.81',NULL,'2026-05-23T04:08:39.941Z') ON CONFLICT (id) DO UPDATE SET device_type=EXCLUDED.device_type,status=EXCLUDED.status,brand=EXCLUDED.brand,model=EXCLUDED.model,serial_number=EXCLUDED.serial_number,mac_address=EXCLUDED.mac_address,asset_number=EXCLUDED.asset_number,firmware=EXCLUDED.firmware,comments=EXCLUDED.comments,source_updated_at=EXCLUDED.source_updated_at;
INSERT INTO cameras(device_id,form_factor) VALUES ('morjsqbqy2rkhafk','minibullet') ON CONFLICT (device_id) DO UPDATE SET form_factor=EXCLUDED.form_factor;
INSERT INTO cctv_devices (id,device_type,status,brand,model,serial_number,mac_address,asset_number,firmware,comments,source_updated_at) VALUES ('morjsqbq58ftpj5z','camera',NULL,'Hikvision','DS-2CD2023G0-I','20180625AAWRC30292551','94:E1:AC:DB:D5:0D',NULL,'V5.6.821',NULL,'2026-05-23T04:08:39.941Z') ON CONFLICT (id) DO UPDATE SET device_type=EXCLUDED.device_type,status=EXCLUDED.status,brand=EXCLUDED.brand,model=EXCLUDED.model,serial_number=EXCLUDED.serial_number,mac_address=EXCLUDED.mac_address,asset_number=EXCLUDED.asset_number,firmware=EXCLUDED.firmware,comments=EXCLUDED.comments,source_updated_at=EXCLUDED.source_updated_at;
INSERT INTO cameras(device_id,form_factor) VALUES ('morjsqbq58ftpj5z','minibullet') ON CONFLICT (device_id) DO UPDATE SET form_factor=EXCLUDED.form_factor;
INSERT INTO cctv_devices (id,device_type,status,brand,model,serial_number,mac_address,asset_number,firmware,comments,source_updated_at) VALUES ('morjsqbqncxj30ny','camera',NULL,'Hikvision','DS-2CD2023G0-I','20180625AAWRC30292554','94:E1:AC:DB:D5:10','PAT100654','V5.6.821',NULL,'2026-05-23T04:08:39.941Z') ON CONFLICT (id) DO UPDATE SET device_type=EXCLUDED.device_type,status=EXCLUDED.status,brand=EXCLUDED.brand,model=EXCLUDED.model,serial_number=EXCLUDED.serial_number,mac_address=EXCLUDED.mac_address,asset_number=EXCLUDED.asset_number,firmware=EXCLUDED.firmware,comments=EXCLUDED.comments,source_updated_at=EXCLUDED.source_updated_at;
INSERT INTO cameras(device_id,form_factor) VALUES ('morjsqbqncxj30ny','minibullet') ON CONFLICT (device_id) DO UPDATE SET form_factor=EXCLUDED.form_factor;
INSERT INTO cctv_devices (id,device_type,status,brand,model,serial_number,mac_address,asset_number,firmware,comments,source_updated_at) VALUES ('morjsqbqqzva78bz','camera',NULL,'Hikvision','DS-2CD2023G0-I','20180626AAWRC30292728','94:E1:AC:DB:D5:BE','PAT100655','V5.6.821',NULL,'2026-05-23T04:08:39.941Z') ON CONFLICT (id) DO UPDATE SET device_type=EXCLUDED.device_type,status=EXCLUDED.status,brand=EXCLUDED.brand,model=EXCLUDED.model,serial_number=EXCLUDED.serial_number,mac_address=EXCLUDED.mac_address,asset_number=EXCLUDED.asset_number,firmware=EXCLUDED.firmware,comments=EXCLUDED.comments,source_updated_at=EXCLUDED.source_updated_at;
INSERT INTO cameras(device_id,form_factor) VALUES ('morjsqbqqzva78bz','minibullet') ON CONFLICT (device_id) DO UPDATE SET form_factor=EXCLUDED.form_factor;
INSERT INTO cctv_devices (id,device_type,status,brand,model,serial_number,mac_address,asset_number,firmware,comments,source_updated_at) VALUES ('morjsqbqcdvxmixn','camera',NULL,'Hikvision','DS-2CD2023G0-I','20180626AAWRC30292752','94:E1:AC:DB:D5:D6','PAT100657','V5.6.821',NULL,'2026-05-23T04:08:39.941Z') ON CONFLICT (id) DO UPDATE SET device_type=EXCLUDED.device_type,status=EXCLUDED.status,brand=EXCLUDED.brand,model=EXCLUDED.model,serial_number=EXCLUDED.serial_number,mac_address=EXCLUDED.mac_address,asset_number=EXCLUDED.asset_number,firmware=EXCLUDED.firmware,comments=EXCLUDED.comments,source_updated_at=EXCLUDED.source_updated_at;
INSERT INTO cameras(device_id,form_factor) VALUES ('morjsqbqcdvxmixn','minibullet') ON CONFLICT (device_id) DO UPDATE SET form_factor=EXCLUDED.form_factor;
INSERT INTO cctv_devices (id,device_type,status,brand,model,serial_number,mac_address,asset_number,firmware,comments,source_updated_at) VALUES ('morjsqbqbfr14t6o','camera',NULL,'Hikvision','DS-2CD2023G0-I','20180626AAWRC30292781','94:E1:AC:DB:D5:F3','PAT100656','V5.6.821',NULL,'2026-05-23T04:08:39.941Z') ON CONFLICT (id) DO UPDATE SET device_type=EXCLUDED.device_type,status=EXCLUDED.status,brand=EXCLUDED.brand,model=EXCLUDED.model,serial_number=EXCLUDED.serial_number,mac_address=EXCLUDED.mac_address,asset_number=EXCLUDED.asset_number,firmware=EXCLUDED.firmware,comments=EXCLUDED.comments,source_updated_at=EXCLUDED.source_updated_at;
INSERT INTO cameras(device_id,form_factor) VALUES ('morjsqbqbfr14t6o','minibullet') ON CONFLICT (device_id) DO UPDATE SET form_factor=EXCLUDED.form_factor;
INSERT INTO cctv_devices (id,device_type,status,brand,model,serial_number,mac_address,asset_number,firmware,comments,source_updated_at) VALUES ('morjsqbq6bq00c6h','camera',NULL,'Hikvision','DS-2CD2023G0-I','20180626AAWRC30292917','94:E1:AC:DB:D6:7B','PAT100658','V5.6.821',NULL,'2026-05-23T04:08:39.941Z') ON CONFLICT (id) DO UPDATE SET device_type=EXCLUDED.device_type,status=EXCLUDED.status,brand=EXCLUDED.brand,model=EXCLUDED.model,serial_number=EXCLUDED.serial_number,mac_address=EXCLUDED.mac_address,asset_number=EXCLUDED.asset_number,firmware=EXCLUDED.firmware,comments=EXCLUDED.comments,source_updated_at=EXCLUDED.source_updated_at;
INSERT INTO cameras(device_id,form_factor) VALUES ('morjsqbq6bq00c6h','minibullet') ON CONFLICT (device_id) DO UPDATE SET form_factor=EXCLUDED.form_factor;
INSERT INTO cctv_devices (id,device_type,status,brand,model,serial_number,mac_address,asset_number,firmware,comments,source_updated_at) VALUES ('morjsqbqhklqjqfo','camera',NULL,'Hikvision','DS-2CD2023G0-I','20180626AAWRC30292967','94:E1:AC:DB:D6:AD','PAT100662','V5.6.821',NULL,'2026-05-23T04:08:39.941Z') ON CONFLICT (id) DO UPDATE SET device_type=EXCLUDED.device_type,status=EXCLUDED.status,brand=EXCLUDED.brand,model=EXCLUDED.model,serial_number=EXCLUDED.serial_number,mac_address=EXCLUDED.mac_address,asset_number=EXCLUDED.asset_number,firmware=EXCLUDED.firmware,comments=EXCLUDED.comments,source_updated_at=EXCLUDED.source_updated_at;
INSERT INTO cameras(device_id,form_factor) VALUES ('morjsqbqhklqjqfo','minibullet') ON CONFLICT (device_id) DO UPDATE SET form_factor=EXCLUDED.form_factor;
INSERT INTO cctv_devices (id,device_type,status,brand,model,serial_number,mac_address,asset_number,firmware,comments,source_updated_at) VALUES ('morjsqbppbgyqudp','camera',NULL,'Hikvision','DS-2CD2625FWD-IZS','20180702AAWRC31807910','94:E1:AC:E6:48:FF','PAT102640','V5.6.821',NULL,'2026-05-23T04:08:39.941Z') ON CONFLICT (id) DO UPDATE SET device_type=EXCLUDED.device_type,status=EXCLUDED.status,brand=EXCLUDED.brand,model=EXCLUDED.model,serial_number=EXCLUDED.serial_number,mac_address=EXCLUDED.mac_address,asset_number=EXCLUDED.asset_number,firmware=EXCLUDED.firmware,comments=EXCLUDED.comments,source_updated_at=EXCLUDED.source_updated_at;
INSERT INTO cameras(device_id,form_factor) VALUES ('morjsqbppbgyqudp','bullet') ON CONFLICT (device_id) DO UPDATE SET form_factor=EXCLUDED.form_factor;
INSERT INTO cctv_devices (id,device_type,status,brand,model,serial_number,mac_address,asset_number,firmware,comments,source_updated_at) VALUES ('morjsqbpqpddm249','camera',NULL,'Hikvision','DS-2CD2625FWD-IZS','20180702AAWRC31807914','94:E1:AC:E6:49:03','PAT102705','V5.6.821',NULL,'2026-05-23T04:08:39.941Z') ON CONFLICT (id) DO UPDATE SET device_type=EXCLUDED.device_type,status=EXCLUDED.status,brand=EXCLUDED.brand,model=EXCLUDED.model,serial_number=EXCLUDED.serial_number,mac_address=EXCLUDED.mac_address,asset_number=EXCLUDED.asset_number,firmware=EXCLUDED.firmware,comments=EXCLUDED.comments,source_updated_at=EXCLUDED.source_updated_at;
INSERT INTO cameras(device_id,form_factor) VALUES ('morjsqbpqpddm249','bullet') ON CONFLICT (device_id) DO UPDATE SET form_factor=EXCLUDED.form_factor;
INSERT INTO cctv_devices (id,device_type,status,brand,model,serial_number,mac_address,asset_number,firmware,comments,source_updated_at) VALUES ('morjsqbponsp7ar3','camera',NULL,'Hikvision','DS-2CD2625FWD-IZS','20180702AAWRC31807916','94:E1:AC:E6:49:05','PAT102629','V5.6.821',NULL,'2026-05-23T04:08:39.941Z') ON CONFLICT (id) DO UPDATE SET device_type=EXCLUDED.device_type,status=EXCLUDED.status,brand=EXCLUDED.brand,model=EXCLUDED.model,serial_number=EXCLUDED.serial_number,mac_address=EXCLUDED.mac_address,asset_number=EXCLUDED.asset_number,firmware=EXCLUDED.firmware,comments=EXCLUDED.comments,source_updated_at=EXCLUDED.source_updated_at;
INSERT INTO cameras(device_id,form_factor) VALUES ('morjsqbponsp7ar3','bullet') ON CONFLICT (device_id) DO UPDATE SET form_factor=EXCLUDED.form_factor;
INSERT INTO cctv_devices (id,device_type,status,brand,model,serial_number,mac_address,asset_number,firmware,comments,source_updated_at) VALUES ('morjsqbpqth5eaii','camera',NULL,'Hikvision','DS-2CD2625FWD-IZS','20180702AAWRC31807920','94:E1:AC:E6:49:09','PAT102591','V5.6.821',NULL,'2026-05-23T04:08:39.941Z') ON CONFLICT (id) DO UPDATE SET device_type=EXCLUDED.device_type,status=EXCLUDED.status,brand=EXCLUDED.brand,model=EXCLUDED.model,serial_number=EXCLUDED.serial_number,mac_address=EXCLUDED.mac_address,asset_number=EXCLUDED.asset_number,firmware=EXCLUDED.firmware,comments=EXCLUDED.comments,source_updated_at=EXCLUDED.source_updated_at;
INSERT INTO cameras(device_id,form_factor) VALUES ('morjsqbpqth5eaii','bullet') ON CONFLICT (device_id) DO UPDATE SET form_factor=EXCLUDED.form_factor;
INSERT INTO cctv_devices (id,device_type,status,brand,model,serial_number,mac_address,asset_number,firmware,comments,source_updated_at) VALUES ('morjsqbpbt2szotu','camera',NULL,'Hikvision','DS-2CD2625FWD-IZS','20180702AAWRC31807946','94:E1:AC:E6:49:23','PAT102613','V5.6.821',NULL,'2026-05-23T04:08:39.941Z') ON CONFLICT (id) DO UPDATE SET device_type=EXCLUDED.device_type,status=EXCLUDED.status,brand=EXCLUDED.brand,model=EXCLUDED.model,serial_number=EXCLUDED.serial_number,mac_address=EXCLUDED.mac_address,asset_number=EXCLUDED.asset_number,firmware=EXCLUDED.firmware,comments=EXCLUDED.comments,source_updated_at=EXCLUDED.source_updated_at;
INSERT INTO cameras(device_id,form_factor) VALUES ('morjsqbpbt2szotu','bullet') ON CONFLICT (device_id) DO UPDATE SET form_factor=EXCLUDED.form_factor;
INSERT INTO cctv_devices (id,device_type,status,brand,model,serial_number,mac_address,asset_number,firmware,comments,source_updated_at) VALUES ('morjsqbpmf05cs5h','camera',NULL,'Hikvision','DS-2CD2625FWD-IZS','20180702AAWRC31807949','94:E1:AC:E6:49:26','PAT102671','V5.6.821',NULL,'2026-05-23T04:08:39.941Z') ON CONFLICT (id) DO UPDATE SET device_type=EXCLUDED.device_type,status=EXCLUDED.status,brand=EXCLUDED.brand,model=EXCLUDED.model,serial_number=EXCLUDED.serial_number,mac_address=EXCLUDED.mac_address,asset_number=EXCLUDED.asset_number,firmware=EXCLUDED.firmware,comments=EXCLUDED.comments,source_updated_at=EXCLUDED.source_updated_at;
INSERT INTO cameras(device_id,form_factor) VALUES ('morjsqbpmf05cs5h','bullet') ON CONFLICT (device_id) DO UPDATE SET form_factor=EXCLUDED.form_factor;
INSERT INTO cctv_devices (id,device_type,status,brand,model,serial_number,mac_address,asset_number,firmware,comments,source_updated_at) VALUES ('morjsqbpjeq0hboc','camera',NULL,'Hikvision','DS-2CD2625FWD-IZS','20180702AAWRC31807952','94:E1:AC:E6:49:29','PAT102647','V5.6.821',NULL,'2026-05-23T04:08:39.941Z') ON CONFLICT (id) DO UPDATE SET device_type=EXCLUDED.device_type,status=EXCLUDED.status,brand=EXCLUDED.brand,model=EXCLUDED.model,serial_number=EXCLUDED.serial_number,mac_address=EXCLUDED.mac_address,asset_number=EXCLUDED.asset_number,firmware=EXCLUDED.firmware,comments=EXCLUDED.comments,source_updated_at=EXCLUDED.source_updated_at;
INSERT INTO cameras(device_id,form_factor) VALUES ('morjsqbpjeq0hboc','bullet') ON CONFLICT (device_id) DO UPDATE SET form_factor=EXCLUDED.form_factor;
INSERT INTO cctv_devices (id,device_type,status,brand,model,serial_number,mac_address,asset_number,firmware,comments,source_updated_at) VALUES ('morjsqbpzlnf9rk5','camera',NULL,'Hikvision','DS-2CD2625FWD-IZS','20180702AAWRC31807958','94:E1:AC:E6:49:2F','PAT102619','V5.6.821',NULL,'2026-05-23T04:08:39.941Z') ON CONFLICT (id) DO UPDATE SET device_type=EXCLUDED.device_type,status=EXCLUDED.status,brand=EXCLUDED.brand,model=EXCLUDED.model,serial_number=EXCLUDED.serial_number,mac_address=EXCLUDED.mac_address,asset_number=EXCLUDED.asset_number,firmware=EXCLUDED.firmware,comments=EXCLUDED.comments,source_updated_at=EXCLUDED.source_updated_at;
INSERT INTO cameras(device_id,form_factor) VALUES ('morjsqbpzlnf9rk5','bullet') ON CONFLICT (device_id) DO UPDATE SET form_factor=EXCLUDED.form_factor;
INSERT INTO cctv_devices (id,device_type,status,brand,model,serial_number,mac_address,asset_number,firmware,comments,source_updated_at) VALUES ('morjsqbpg047n432','camera',NULL,'Hikvision','DS-2CD2625FWD-IZS','20180702AAWRC31807973','94:E1:AC:E6:49:3E','PAT102646','V5.6.821',NULL,'2026-05-23T04:08:39.941Z') ON CONFLICT (id) DO UPDATE SET device_type=EXCLUDED.device_type,status=EXCLUDED.status,brand=EXCLUDED.brand,model=EXCLUDED.model,serial_number=EXCLUDED.serial_number,mac_address=EXCLUDED.mac_address,asset_number=EXCLUDED.asset_number,firmware=EXCLUDED.firmware,comments=EXCLUDED.comments,source_updated_at=EXCLUDED.source_updated_at;
INSERT INTO cameras(device_id,form_factor) VALUES ('morjsqbpg047n432','bullet') ON CONFLICT (device_id) DO UPDATE SET form_factor=EXCLUDED.form_factor;
INSERT INTO cctv_devices (id,device_type,status,brand,model,serial_number,mac_address,asset_number,firmware,comments,source_updated_at) VALUES ('morjsqbpbtqtdka8','camera',NULL,'Hikvision','DS-2CD2625FWD-IZS','20180702AAWRC31807974','94:E1:AC:E6:49:3F','PAT102697','V5.6.821',NULL,'2026-05-23T04:08:39.941Z') ON CONFLICT (id) DO UPDATE SET device_type=EXCLUDED.device_type,status=EXCLUDED.status,brand=EXCLUDED.brand,model=EXCLUDED.model,serial_number=EXCLUDED.serial_number,mac_address=EXCLUDED.mac_address,asset_number=EXCLUDED.asset_number,firmware=EXCLUDED.firmware,comments=EXCLUDED.comments,source_updated_at=EXCLUDED.source_updated_at;
INSERT INTO cameras(device_id,form_factor) VALUES ('morjsqbpbtqtdka8','bullet') ON CONFLICT (device_id) DO UPDATE SET form_factor=EXCLUDED.form_factor;
INSERT INTO cctv_devices (id,device_type,status,brand,model,serial_number,mac_address,asset_number,firmware,comments,source_updated_at) VALUES ('morjsqbpxptev4z5','camera',NULL,'Hikvision','DS-2CD2625FWD-IZS','20180702AAWRC31807993','94:E1:AC:E6:49:52','PAT102639','V5.6.821',NULL,'2026-05-23T04:08:39.941Z') ON CONFLICT (id) DO UPDATE SET device_type=EXCLUDED.device_type,status=EXCLUDED.status,brand=EXCLUDED.brand,model=EXCLUDED.model,serial_number=EXCLUDED.serial_number,mac_address=EXCLUDED.mac_address,asset_number=EXCLUDED.asset_number,firmware=EXCLUDED.firmware,comments=EXCLUDED.comments,source_updated_at=EXCLUDED.source_updated_at;
INSERT INTO cameras(device_id,form_factor) VALUES ('morjsqbpxptev4z5','bullet') ON CONFLICT (device_id) DO UPDATE SET form_factor=EXCLUDED.form_factor;
INSERT INTO cctv_devices (id,device_type,status,brand,model,serial_number,mac_address,asset_number,firmware,comments,source_updated_at) VALUES ('morjsqbp98hminpc','camera',NULL,'Hikvision','DS-2CD2625FWD-IZS','20180702AAWRC31807999','94:E1:AC:E6:49:58','PAT102594','V5.6.821',NULL,'2026-05-23T04:08:39.941Z') ON CONFLICT (id) DO UPDATE SET device_type=EXCLUDED.device_type,status=EXCLUDED.status,brand=EXCLUDED.brand,model=EXCLUDED.model,serial_number=EXCLUDED.serial_number,mac_address=EXCLUDED.mac_address,asset_number=EXCLUDED.asset_number,firmware=EXCLUDED.firmware,comments=EXCLUDED.comments,source_updated_at=EXCLUDED.source_updated_at;
INSERT INTO cameras(device_id,form_factor) VALUES ('morjsqbp98hminpc','bullet') ON CONFLICT (device_id) DO UPDATE SET form_factor=EXCLUDED.form_factor;
INSERT INTO cctv_devices (id,device_type,status,brand,model,serial_number,mac_address,asset_number,firmware,comments,source_updated_at) VALUES ('morjsqbpzf4c7mhq','camera',NULL,'Hikvision','DS-2CD2625FWD-IZS','20180702AAWRC31808003','94:E1:AC:E6:49:5C','PAT102593','V5.6.821',NULL,'2026-05-23T04:08:39.941Z') ON CONFLICT (id) DO UPDATE SET device_type=EXCLUDED.device_type,status=EXCLUDED.status,brand=EXCLUDED.brand,model=EXCLUDED.model,serial_number=EXCLUDED.serial_number,mac_address=EXCLUDED.mac_address,asset_number=EXCLUDED.asset_number,firmware=EXCLUDED.firmware,comments=EXCLUDED.comments,source_updated_at=EXCLUDED.source_updated_at;
INSERT INTO cameras(device_id,form_factor) VALUES ('morjsqbpzf4c7mhq','bullet') ON CONFLICT (device_id) DO UPDATE SET form_factor=EXCLUDED.form_factor;
INSERT INTO cctv_devices (id,device_type,status,brand,model,serial_number,mac_address,asset_number,firmware,comments,source_updated_at) VALUES ('morjsqbpzu0afnjl','camera',NULL,'Hikvision','DS-2CD2625FWD-IZS','20180702AAWRC31808013','94:E1:AC:E6:49:66','PAT102713','V5.6.821',NULL,'2026-05-23T04:08:39.941Z') ON CONFLICT (id) DO UPDATE SET device_type=EXCLUDED.device_type,status=EXCLUDED.status,brand=EXCLUDED.brand,model=EXCLUDED.model,serial_number=EXCLUDED.serial_number,mac_address=EXCLUDED.mac_address,asset_number=EXCLUDED.asset_number,firmware=EXCLUDED.firmware,comments=EXCLUDED.comments,source_updated_at=EXCLUDED.source_updated_at;
INSERT INTO cameras(device_id,form_factor) VALUES ('morjsqbpzu0afnjl','bullet') ON CONFLICT (device_id) DO UPDATE SET form_factor=EXCLUDED.form_factor;
INSERT INTO cctv_devices (id,device_type,status,brand,model,serial_number,mac_address,asset_number,firmware,comments,source_updated_at) VALUES ('morjsqbpevdd7mnp','camera',NULL,'Hikvision','DS-2CD2625FWD-IZS','20180702AAWRC31808014','94:E1:AC:E6:49:67','PAT102581','V5.6.821',NULL,'2026-05-23T04:08:39.941Z') ON CONFLICT (id) DO UPDATE SET device_type=EXCLUDED.device_type,status=EXCLUDED.status,brand=EXCLUDED.brand,model=EXCLUDED.model,serial_number=EXCLUDED.serial_number,mac_address=EXCLUDED.mac_address,asset_number=EXCLUDED.asset_number,firmware=EXCLUDED.firmware,comments=EXCLUDED.comments,source_updated_at=EXCLUDED.source_updated_at;
INSERT INTO cameras(device_id,form_factor) VALUES ('morjsqbpevdd7mnp','bullet') ON CONFLICT (device_id) DO UPDATE SET form_factor=EXCLUDED.form_factor;
INSERT INTO cctv_devices (id,device_type,status,brand,model,serial_number,mac_address,asset_number,firmware,comments,source_updated_at) VALUES ('morjsqbp347fyp95','camera',NULL,'Hikvision','DS-2CD2625FWD-IZS','20180702AAWRC31808016','94:E1:AC:E6:49:69','PAT102729','V5.6.821',NULL,'2026-05-23T04:08:39.941Z') ON CONFLICT (id) DO UPDATE SET device_type=EXCLUDED.device_type,status=EXCLUDED.status,brand=EXCLUDED.brand,model=EXCLUDED.model,serial_number=EXCLUDED.serial_number,mac_address=EXCLUDED.mac_address,asset_number=EXCLUDED.asset_number,firmware=EXCLUDED.firmware,comments=EXCLUDED.comments,source_updated_at=EXCLUDED.source_updated_at;
INSERT INTO cameras(device_id,form_factor) VALUES ('morjsqbp347fyp95','bullet') ON CONFLICT (device_id) DO UPDATE SET form_factor=EXCLUDED.form_factor;
INSERT INTO cctv_devices (id,device_type,status,brand,model,serial_number,mac_address,asset_number,firmware,comments,source_updated_at) VALUES ('morjsqbpfki4nwdf','camera',NULL,'Hikvision','DS-2CD2625FWD-IZS','20180702AAWRC31808021','94:E1:AC:E6:49:6E','PAT102721','V5.6.821',NULL,'2026-05-23T04:08:39.941Z') ON CONFLICT (id) DO UPDATE SET device_type=EXCLUDED.device_type,status=EXCLUDED.status,brand=EXCLUDED.brand,model=EXCLUDED.model,serial_number=EXCLUDED.serial_number,mac_address=EXCLUDED.mac_address,asset_number=EXCLUDED.asset_number,firmware=EXCLUDED.firmware,comments=EXCLUDED.comments,source_updated_at=EXCLUDED.source_updated_at;
INSERT INTO cameras(device_id,form_factor) VALUES ('morjsqbpfki4nwdf','bullet') ON CONFLICT (device_id) DO UPDATE SET form_factor=EXCLUDED.form_factor;
INSERT INTO cctv_devices (id,device_type,status,brand,model,serial_number,mac_address,asset_number,firmware,comments,source_updated_at) VALUES ('morjsqbphbyx7lsx','camera',NULL,'Hikvision','DS-2CD2625FWD-IZS','20180702AAWRC31808025','94:E1:AC:E6:49:72','PAT102728','V5.6.821',NULL,'2026-05-23T04:08:39.941Z') ON CONFLICT (id) DO UPDATE SET device_type=EXCLUDED.device_type,status=EXCLUDED.status,brand=EXCLUDED.brand,model=EXCLUDED.model,serial_number=EXCLUDED.serial_number,mac_address=EXCLUDED.mac_address,asset_number=EXCLUDED.asset_number,firmware=EXCLUDED.firmware,comments=EXCLUDED.comments,source_updated_at=EXCLUDED.source_updated_at;
INSERT INTO cameras(device_id,form_factor) VALUES ('morjsqbphbyx7lsx','bullet') ON CONFLICT (device_id) DO UPDATE SET form_factor=EXCLUDED.form_factor;
INSERT INTO cctv_devices (id,device_type,status,brand,model,serial_number,mac_address,asset_number,firmware,comments,source_updated_at) VALUES ('morjsqbpnokpmdp3','camera',NULL,'Hikvision','DS-2CD2625FWD-IZS','20180702AAWRC31808028','94:E1:AC:E6:49:75','PAT102635','V5.6.821',NULL,'2026-05-23T04:08:39.941Z') ON CONFLICT (id) DO UPDATE SET device_type=EXCLUDED.device_type,status=EXCLUDED.status,brand=EXCLUDED.brand,model=EXCLUDED.model,serial_number=EXCLUDED.serial_number,mac_address=EXCLUDED.mac_address,asset_number=EXCLUDED.asset_number,firmware=EXCLUDED.firmware,comments=EXCLUDED.comments,source_updated_at=EXCLUDED.source_updated_at;
INSERT INTO cameras(device_id,form_factor) VALUES ('morjsqbpnokpmdp3','bullet') ON CONFLICT (device_id) DO UPDATE SET form_factor=EXCLUDED.form_factor;
INSERT INTO cctv_devices (id,device_type,status,brand,model,serial_number,mac_address,asset_number,firmware,comments,source_updated_at) VALUES ('morjsqbpipjk1iou','camera',NULL,'Hikvision','DS-2CD2625FWD-IZS','20180702AAWRC31808031','94:E1:AC:E6:49:78','PAT102626','V5.6.821',NULL,'2026-05-23T04:08:39.941Z') ON CONFLICT (id) DO UPDATE SET device_type=EXCLUDED.device_type,status=EXCLUDED.status,brand=EXCLUDED.brand,model=EXCLUDED.model,serial_number=EXCLUDED.serial_number,mac_address=EXCLUDED.mac_address,asset_number=EXCLUDED.asset_number,firmware=EXCLUDED.firmware,comments=EXCLUDED.comments,source_updated_at=EXCLUDED.source_updated_at;
INSERT INTO cameras(device_id,form_factor) VALUES ('morjsqbpipjk1iou','bullet') ON CONFLICT (device_id) DO UPDATE SET form_factor=EXCLUDED.form_factor;
INSERT INTO cctv_devices (id,device_type,status,brand,model,serial_number,mac_address,asset_number,firmware,comments,source_updated_at) VALUES ('morjsqbpp0dhseuw','camera',NULL,'Hikvision','DS-2CD2625FWD-IZS','20180702AAWRC31808035','94:E1:AC:E6:49:7C','PAT102714','V5.6.821',NULL,'2026-05-23T04:08:39.941Z') ON CONFLICT (id) DO UPDATE SET device_type=EXCLUDED.device_type,status=EXCLUDED.status,brand=EXCLUDED.brand,model=EXCLUDED.model,serial_number=EXCLUDED.serial_number,mac_address=EXCLUDED.mac_address,asset_number=EXCLUDED.asset_number,firmware=EXCLUDED.firmware,comments=EXCLUDED.comments,source_updated_at=EXCLUDED.source_updated_at;
INSERT INTO cameras(device_id,form_factor) VALUES ('morjsqbpp0dhseuw','bullet') ON CONFLICT (device_id) DO UPDATE SET form_factor=EXCLUDED.form_factor;
INSERT INTO cctv_devices (id,device_type,status,brand,model,serial_number,mac_address,asset_number,firmware,comments,source_updated_at) VALUES ('morjsqbpkj5tohhe','camera',NULL,'Hikvision','DS-2CD2625FWD-IZS','20180702AAWRC31808039','94:E1:AC:E6:49:80','PAT102643','V5.6.821',NULL,'2026-05-23T04:08:39.941Z') ON CONFLICT (id) DO UPDATE SET device_type=EXCLUDED.device_type,status=EXCLUDED.status,brand=EXCLUDED.brand,model=EXCLUDED.model,serial_number=EXCLUDED.serial_number,mac_address=EXCLUDED.mac_address,asset_number=EXCLUDED.asset_number,firmware=EXCLUDED.firmware,comments=EXCLUDED.comments,source_updated_at=EXCLUDED.source_updated_at;
INSERT INTO cameras(device_id,form_factor) VALUES ('morjsqbpkj5tohhe','bullet') ON CONFLICT (device_id) DO UPDATE SET form_factor=EXCLUDED.form_factor;
INSERT INTO cctv_devices (id,device_type,status,brand,model,serial_number,mac_address,asset_number,firmware,comments,source_updated_at) VALUES ('morjsqbpmvx7i7ei','camera',NULL,'Hikvision','DS-2CD2625FWD-IZS','20180702AAWRC31808040','94:E1:AC:E6:49:81','PAT102678','V5.6.821',NULL,'2026-05-23T04:08:39.941Z') ON CONFLICT (id) DO UPDATE SET device_type=EXCLUDED.device_type,status=EXCLUDED.status,brand=EXCLUDED.brand,model=EXCLUDED.model,serial_number=EXCLUDED.serial_number,mac_address=EXCLUDED.mac_address,asset_number=EXCLUDED.asset_number,firmware=EXCLUDED.firmware,comments=EXCLUDED.comments,source_updated_at=EXCLUDED.source_updated_at;
INSERT INTO cameras(device_id,form_factor) VALUES ('morjsqbpmvx7i7ei','bullet') ON CONFLICT (device_id) DO UPDATE SET form_factor=EXCLUDED.form_factor;
INSERT INTO cctv_devices (id,device_type,status,brand,model,serial_number,mac_address,asset_number,firmware,comments,source_updated_at) VALUES ('morjsqbpkr1ba1qc','camera',NULL,'Hikvision','DS-2CD2625FWD-IZS','20180702AAWRC31808045','94:E1:AC:E6:49:86','PAT102649','V5.6.821',NULL,'2026-05-23T04:08:39.941Z') ON CONFLICT (id) DO UPDATE SET device_type=EXCLUDED.device_type,status=EXCLUDED.status,brand=EXCLUDED.brand,model=EXCLUDED.model,serial_number=EXCLUDED.serial_number,mac_address=EXCLUDED.mac_address,asset_number=EXCLUDED.asset_number,firmware=EXCLUDED.firmware,comments=EXCLUDED.comments,source_updated_at=EXCLUDED.source_updated_at;
INSERT INTO cameras(device_id,form_factor) VALUES ('morjsqbpkr1ba1qc','bullet') ON CONFLICT (device_id) DO UPDATE SET form_factor=EXCLUDED.form_factor;
INSERT INTO cctv_devices (id,device_type,status,brand,model,serial_number,mac_address,asset_number,firmware,comments,source_updated_at) VALUES ('morjsqbpzsrdzeb2','camera',NULL,'Hikvision','DS-2CD2625FWD-IZS','20180702AAWRC31808049','94:E1:AC:E6:49:8A','PAT102610','V5.6.821',NULL,'2026-05-23T04:08:39.941Z') ON CONFLICT (id) DO UPDATE SET device_type=EXCLUDED.device_type,status=EXCLUDED.status,brand=EXCLUDED.brand,model=EXCLUDED.model,serial_number=EXCLUDED.serial_number,mac_address=EXCLUDED.mac_address,asset_number=EXCLUDED.asset_number,firmware=EXCLUDED.firmware,comments=EXCLUDED.comments,source_updated_at=EXCLUDED.source_updated_at;
INSERT INTO cameras(device_id,form_factor) VALUES ('morjsqbpzsrdzeb2','bullet') ON CONFLICT (device_id) DO UPDATE SET form_factor=EXCLUDED.form_factor;
INSERT INTO cctv_devices (id,device_type,status,brand,model,serial_number,mac_address,asset_number,firmware,comments,source_updated_at) VALUES ('morjsqbphhr85c1m','camera',NULL,'Hikvision','DS-2CD2625FWD-IZS','20180702AAWRC31808054','94:E1:AC:E6:49:8F','PAT102645','V5.6.821',NULL,'2026-05-23T04:08:39.941Z') ON CONFLICT (id) DO UPDATE SET device_type=EXCLUDED.device_type,status=EXCLUDED.status,brand=EXCLUDED.brand,model=EXCLUDED.model,serial_number=EXCLUDED.serial_number,mac_address=EXCLUDED.mac_address,asset_number=EXCLUDED.asset_number,firmware=EXCLUDED.firmware,comments=EXCLUDED.comments,source_updated_at=EXCLUDED.source_updated_at;
INSERT INTO cameras(device_id,form_factor) VALUES ('morjsqbphhr85c1m','bullet') ON CONFLICT (device_id) DO UPDATE SET form_factor=EXCLUDED.form_factor;
INSERT INTO cctv_devices (id,device_type,status,brand,model,serial_number,mac_address,asset_number,firmware,comments,source_updated_at) VALUES ('morjsqbpi7t19j7n','camera',NULL,'Hikvision','DS-2CD2625FWD-IZS','20180702AAWRC31808056','94:E1:AC:E6:49:91','PAT102584','V5.6.821',NULL,'2026-05-23T04:08:39.941Z') ON CONFLICT (id) DO UPDATE SET device_type=EXCLUDED.device_type,status=EXCLUDED.status,brand=EXCLUDED.brand,model=EXCLUDED.model,serial_number=EXCLUDED.serial_number,mac_address=EXCLUDED.mac_address,asset_number=EXCLUDED.asset_number,firmware=EXCLUDED.firmware,comments=EXCLUDED.comments,source_updated_at=EXCLUDED.source_updated_at;
INSERT INTO cameras(device_id,form_factor) VALUES ('morjsqbpi7t19j7n','bullet') ON CONFLICT (device_id) DO UPDATE SET form_factor=EXCLUDED.form_factor;
INSERT INTO cctv_devices (id,device_type,status,brand,model,serial_number,mac_address,asset_number,firmware,comments,source_updated_at) VALUES ('morjsqbp8lsqzm4y','camera',NULL,'Hikvision','DS-2CD2625FWD-IZS','20180702AAWRC31808057','94:E1:AC:E6:49:92','PAT102624','V5.6.821',NULL,'2026-05-23T04:08:39.941Z') ON CONFLICT (id) DO UPDATE SET device_type=EXCLUDED.device_type,status=EXCLUDED.status,brand=EXCLUDED.brand,model=EXCLUDED.model,serial_number=EXCLUDED.serial_number,mac_address=EXCLUDED.mac_address,asset_number=EXCLUDED.asset_number,firmware=EXCLUDED.firmware,comments=EXCLUDED.comments,source_updated_at=EXCLUDED.source_updated_at;
INSERT INTO cameras(device_id,form_factor) VALUES ('morjsqbp8lsqzm4y','bullet') ON CONFLICT (device_id) DO UPDATE SET form_factor=EXCLUDED.form_factor;
INSERT INTO cctv_devices (id,device_type,status,brand,model,serial_number,mac_address,asset_number,firmware,comments,source_updated_at) VALUES ('morjsqbpi1rp4fbe','camera',NULL,'Hikvision','DS-2CD2625FWD-IZS','20180702AAWRC31808085','94:E1:AC:E6:49:AE','PAT102717','V5.6.821',NULL,'2026-05-23T04:08:39.941Z') ON CONFLICT (id) DO UPDATE SET device_type=EXCLUDED.device_type,status=EXCLUDED.status,brand=EXCLUDED.brand,model=EXCLUDED.model,serial_number=EXCLUDED.serial_number,mac_address=EXCLUDED.mac_address,asset_number=EXCLUDED.asset_number,firmware=EXCLUDED.firmware,comments=EXCLUDED.comments,source_updated_at=EXCLUDED.source_updated_at;
INSERT INTO cameras(device_id,form_factor) VALUES ('morjsqbpi1rp4fbe','bullet') ON CONFLICT (device_id) DO UPDATE SET form_factor=EXCLUDED.form_factor;
INSERT INTO cctv_devices (id,device_type,status,brand,model,serial_number,mac_address,asset_number,firmware,comments,source_updated_at) VALUES ('morjsqbp3asra3ht','camera',NULL,'Hikvision','DS-2CD2625FWD-IZS','20180702AAWRC31808088','94:E1:AC:E6:49:B1','PAT102663','V5.6.821',NULL,'2026-05-23T04:08:39.941Z') ON CONFLICT (id) DO UPDATE SET device_type=EXCLUDED.device_type,status=EXCLUDED.status,brand=EXCLUDED.brand,model=EXCLUDED.model,serial_number=EXCLUDED.serial_number,mac_address=EXCLUDED.mac_address,asset_number=EXCLUDED.asset_number,firmware=EXCLUDED.firmware,comments=EXCLUDED.comments,source_updated_at=EXCLUDED.source_updated_at;
INSERT INTO cameras(device_id,form_factor) VALUES ('morjsqbp3asra3ht','bullet') ON CONFLICT (device_id) DO UPDATE SET form_factor=EXCLUDED.form_factor;
INSERT INTO cctv_devices (id,device_type,status,brand,model,serial_number,mac_address,asset_number,firmware,comments,source_updated_at) VALUES ('morjsqbp2tkf22q0','camera',NULL,'Hikvision','DS-2CD2625FWD-IZS','20180702AAWRC31808091','94:E1:AC:E6:49:B4','PAT102710','V5.6.821',NULL,'2026-05-23T04:08:39.941Z') ON CONFLICT (id) DO UPDATE SET device_type=EXCLUDED.device_type,status=EXCLUDED.status,brand=EXCLUDED.brand,model=EXCLUDED.model,serial_number=EXCLUDED.serial_number,mac_address=EXCLUDED.mac_address,asset_number=EXCLUDED.asset_number,firmware=EXCLUDED.firmware,comments=EXCLUDED.comments,source_updated_at=EXCLUDED.source_updated_at;
INSERT INTO cameras(device_id,form_factor) VALUES ('morjsqbp2tkf22q0','bullet') ON CONFLICT (device_id) DO UPDATE SET form_factor=EXCLUDED.form_factor;
INSERT INTO cctv_devices (id,device_type,status,brand,model,serial_number,mac_address,asset_number,firmware,comments,source_updated_at) VALUES ('morjsqbpzuvjhans','camera',NULL,'Hikvision','DS-2CD2625FWD-IZS','20180702AAWRC31808096','94:E1:AC:E6:49:B9','PAT102681','V5.6.821',NULL,'2026-05-23T04:08:39.941Z') ON CONFLICT (id) DO UPDATE SET device_type=EXCLUDED.device_type,status=EXCLUDED.status,brand=EXCLUDED.brand,model=EXCLUDED.model,serial_number=EXCLUDED.serial_number,mac_address=EXCLUDED.mac_address,asset_number=EXCLUDED.asset_number,firmware=EXCLUDED.firmware,comments=EXCLUDED.comments,source_updated_at=EXCLUDED.source_updated_at;
INSERT INTO cameras(device_id,form_factor) VALUES ('morjsqbpzuvjhans','bullet') ON CONFLICT (device_id) DO UPDATE SET form_factor=EXCLUDED.form_factor;
INSERT INTO cctv_devices (id,device_type,status,brand,model,serial_number,mac_address,asset_number,firmware,comments,source_updated_at) VALUES ('morjsqbpz1shex91','camera',NULL,'Hikvision','DS-2CD2625FWD-IZS','20180702AAWRC31808105','94:E1:AC:E6:49:C2','PAT102586','V5.6.821',NULL,'2026-05-23T04:08:39.941Z') ON CONFLICT (id) DO UPDATE SET device_type=EXCLUDED.device_type,status=EXCLUDED.status,brand=EXCLUDED.brand,model=EXCLUDED.model,serial_number=EXCLUDED.serial_number,mac_address=EXCLUDED.mac_address,asset_number=EXCLUDED.asset_number,firmware=EXCLUDED.firmware,comments=EXCLUDED.comments,source_updated_at=EXCLUDED.source_updated_at;
INSERT INTO cameras(device_id,form_factor) VALUES ('morjsqbpz1shex91','bullet') ON CONFLICT (device_id) DO UPDATE SET form_factor=EXCLUDED.form_factor;
INSERT INTO cctv_devices (id,device_type,status,brand,model,serial_number,mac_address,asset_number,firmware,comments,source_updated_at) VALUES ('morjsqbpjidec66g','camera',NULL,'Hikvision','DS-2CD2625FWD-IZS','20180702AAWRC31808109','94:E1:AC:E6:49:C6','PAT102637','V5.6.821',NULL,'2026-05-23T04:08:39.941Z') ON CONFLICT (id) DO UPDATE SET device_type=EXCLUDED.device_type,status=EXCLUDED.status,brand=EXCLUDED.brand,model=EXCLUDED.model,serial_number=EXCLUDED.serial_number,mac_address=EXCLUDED.mac_address,asset_number=EXCLUDED.asset_number,firmware=EXCLUDED.firmware,comments=EXCLUDED.comments,source_updated_at=EXCLUDED.source_updated_at;
INSERT INTO cameras(device_id,form_factor) VALUES ('morjsqbpjidec66g','bullet') ON CONFLICT (device_id) DO UPDATE SET form_factor=EXCLUDED.form_factor;
INSERT INTO cctv_devices (id,device_type,status,brand,model,serial_number,mac_address,asset_number,firmware,comments,source_updated_at) VALUES ('morjsqbpgo4a5dzj','camera',NULL,'Hikvision','DS-2CD2625FWD-IZS','20180702AAWRC31808112','94:E1:AC:E6:49:C9','PAT102623','V5.6.821',NULL,'2026-05-23T04:08:39.941Z') ON CONFLICT (id) DO UPDATE SET device_type=EXCLUDED.device_type,status=EXCLUDED.status,brand=EXCLUDED.brand,model=EXCLUDED.model,serial_number=EXCLUDED.serial_number,mac_address=EXCLUDED.mac_address,asset_number=EXCLUDED.asset_number,firmware=EXCLUDED.firmware,comments=EXCLUDED.comments,source_updated_at=EXCLUDED.source_updated_at;
INSERT INTO cameras(device_id,form_factor) VALUES ('morjsqbpgo4a5dzj','bullet') ON CONFLICT (device_id) DO UPDATE SET form_factor=EXCLUDED.form_factor;
INSERT INTO cctv_devices (id,device_type,status,brand,model,serial_number,mac_address,asset_number,firmware,comments,source_updated_at) VALUES ('morjsqbpj6cm7n6k','camera',NULL,'Hikvision','DS-2CD2625FWD-IZS','20180702AAWRC31808113','94:E1:AC:E6:49:CA','PAT102711','V5.6.821',NULL,'2026-05-23T04:08:39.941Z') ON CONFLICT (id) DO UPDATE SET device_type=EXCLUDED.device_type,status=EXCLUDED.status,brand=EXCLUDED.brand,model=EXCLUDED.model,serial_number=EXCLUDED.serial_number,mac_address=EXCLUDED.mac_address,asset_number=EXCLUDED.asset_number,firmware=EXCLUDED.firmware,comments=EXCLUDED.comments,source_updated_at=EXCLUDED.source_updated_at;
INSERT INTO cameras(device_id,form_factor) VALUES ('morjsqbpj6cm7n6k','bullet') ON CONFLICT (device_id) DO UPDATE SET form_factor=EXCLUDED.form_factor;
INSERT INTO cctv_devices (id,device_type,status,brand,model,serial_number,mac_address,asset_number,firmware,comments,source_updated_at) VALUES ('morjsqbprlm4h1ny','camera',NULL,'Hikvision','DS-2CD2625FWD-IZS','20180702AAWRC31808117','94:E1:AC:E6:49:CE','PAT102633','V5.6.821',NULL,'2026-05-23T04:08:39.941Z') ON CONFLICT (id) DO UPDATE SET device_type=EXCLUDED.device_type,status=EXCLUDED.status,brand=EXCLUDED.brand,model=EXCLUDED.model,serial_number=EXCLUDED.serial_number,mac_address=EXCLUDED.mac_address,asset_number=EXCLUDED.asset_number,firmware=EXCLUDED.firmware,comments=EXCLUDED.comments,source_updated_at=EXCLUDED.source_updated_at;
INSERT INTO cameras(device_id,form_factor) VALUES ('morjsqbprlm4h1ny','bullet') ON CONFLICT (device_id) DO UPDATE SET form_factor=EXCLUDED.form_factor;
INSERT INTO cctv_devices (id,device_type,status,brand,model,serial_number,mac_address,asset_number,firmware,comments,source_updated_at) VALUES ('morjsqbpxfheg940','camera',NULL,'Hikvision','DS-2CD2625FWD-IZS','20180702AAWRC31808120','94:E1:AC:E6:49:D1','PAT102580','V5.6.821',NULL,'2026-05-23T04:08:39.941Z') ON CONFLICT (id) DO UPDATE SET device_type=EXCLUDED.device_type,status=EXCLUDED.status,brand=EXCLUDED.brand,model=EXCLUDED.model,serial_number=EXCLUDED.serial_number,mac_address=EXCLUDED.mac_address,asset_number=EXCLUDED.asset_number,firmware=EXCLUDED.firmware,comments=EXCLUDED.comments,source_updated_at=EXCLUDED.source_updated_at;
INSERT INTO cameras(device_id,form_factor) VALUES ('morjsqbpxfheg940','bullet') ON CONFLICT (device_id) DO UPDATE SET form_factor=EXCLUDED.form_factor;
INSERT INTO cctv_devices (id,device_type,status,brand,model,serial_number,mac_address,asset_number,firmware,comments,source_updated_at) VALUES ('morjsqbp2xfugo7f','camera',NULL,'Hikvision','DS-2CD2625FWD-IZS','20180702AAWRC31808125','94:E1:AC:E6:49:D6','PAT102622','V5.6.821',NULL,'2026-05-23T04:08:39.941Z') ON CONFLICT (id) DO UPDATE SET device_type=EXCLUDED.device_type,status=EXCLUDED.status,brand=EXCLUDED.brand,model=EXCLUDED.model,serial_number=EXCLUDED.serial_number,mac_address=EXCLUDED.mac_address,asset_number=EXCLUDED.asset_number,firmware=EXCLUDED.firmware,comments=EXCLUDED.comments,source_updated_at=EXCLUDED.source_updated_at;
INSERT INTO cameras(device_id,form_factor) VALUES ('morjsqbp2xfugo7f','bullet') ON CONFLICT (device_id) DO UPDATE SET form_factor=EXCLUDED.form_factor;
INSERT INTO cctv_devices (id,device_type,status,brand,model,serial_number,mac_address,asset_number,firmware,comments,source_updated_at) VALUES ('morjsqbp2yoh5igp','camera',NULL,'Hikvision','DS-2CD2625FWD-IZS','20180702AAWRC31808126','94:E1:AC:E6:49:D7','PAT102662','V5.6.821',NULL,'2026-05-23T04:08:39.941Z') ON CONFLICT (id) DO UPDATE SET device_type=EXCLUDED.device_type,status=EXCLUDED.status,brand=EXCLUDED.brand,model=EXCLUDED.model,serial_number=EXCLUDED.serial_number,mac_address=EXCLUDED.mac_address,asset_number=EXCLUDED.asset_number,firmware=EXCLUDED.firmware,comments=EXCLUDED.comments,source_updated_at=EXCLUDED.source_updated_at;
INSERT INTO cameras(device_id,form_factor) VALUES ('morjsqbp2yoh5igp','bullet') ON CONFLICT (device_id) DO UPDATE SET form_factor=EXCLUDED.form_factor;
INSERT INTO cctv_devices (id,device_type,status,brand,model,serial_number,mac_address,asset_number,firmware,comments,source_updated_at) VALUES ('morjsqbp0cndazrr','camera',NULL,'Hikvision','DS-2CD2625FWD-IZS','20180702AAWRC31808127','94:E1:AC:E6:49:D8','PAT102698','V5.6.821',NULL,'2026-05-23T04:08:39.941Z') ON CONFLICT (id) DO UPDATE SET device_type=EXCLUDED.device_type,status=EXCLUDED.status,brand=EXCLUDED.brand,model=EXCLUDED.model,serial_number=EXCLUDED.serial_number,mac_address=EXCLUDED.mac_address,asset_number=EXCLUDED.asset_number,firmware=EXCLUDED.firmware,comments=EXCLUDED.comments,source_updated_at=EXCLUDED.source_updated_at;
INSERT INTO cameras(device_id,form_factor) VALUES ('morjsqbp0cndazrr','bullet') ON CONFLICT (device_id) DO UPDATE SET form_factor=EXCLUDED.form_factor;
INSERT INTO cctv_devices (id,device_type,status,brand,model,serial_number,mac_address,asset_number,firmware,comments,source_updated_at) VALUES ('morjsqbpvp1qufnn','camera',NULL,'Hikvision','DS-2CD2625FWD-IZS','20180702AAWRC31808129','94:E1:AC:E6:49:DA','PAT102571','V5.6.821',NULL,'2026-05-23T04:08:39.941Z') ON CONFLICT (id) DO UPDATE SET device_type=EXCLUDED.device_type,status=EXCLUDED.status,brand=EXCLUDED.brand,model=EXCLUDED.model,serial_number=EXCLUDED.serial_number,mac_address=EXCLUDED.mac_address,asset_number=EXCLUDED.asset_number,firmware=EXCLUDED.firmware,comments=EXCLUDED.comments,source_updated_at=EXCLUDED.source_updated_at;
INSERT INTO cameras(device_id,form_factor) VALUES ('morjsqbpvp1qufnn','bullet') ON CONFLICT (device_id) DO UPDATE SET form_factor=EXCLUDED.form_factor;
INSERT INTO cctv_devices (id,device_type,status,brand,model,serial_number,mac_address,asset_number,firmware,comments,source_updated_at) VALUES ('morjsqbpteiikk62','camera',NULL,'Hikvision','DS-2CD2625FWD-IZS','20180702AAWRC31808136','94:E1:AC:E6:49:E1','PAT102716','V5.6.821',NULL,'2026-05-23T04:08:39.941Z') ON CONFLICT (id) DO UPDATE SET device_type=EXCLUDED.device_type,status=EXCLUDED.status,brand=EXCLUDED.brand,model=EXCLUDED.model,serial_number=EXCLUDED.serial_number,mac_address=EXCLUDED.mac_address,asset_number=EXCLUDED.asset_number,firmware=EXCLUDED.firmware,comments=EXCLUDED.comments,source_updated_at=EXCLUDED.source_updated_at;
INSERT INTO cameras(device_id,form_factor) VALUES ('morjsqbpteiikk62','bullet') ON CONFLICT (device_id) DO UPDATE SET form_factor=EXCLUDED.form_factor;
INSERT INTO cctv_devices (id,device_type,status,brand,model,serial_number,mac_address,asset_number,firmware,comments,source_updated_at) VALUES ('morjsqbpdtsdyegc','camera',NULL,'Hikvision','DS-2CD2625FWD-IZS','20180702AAWRC31808137','94:E1:AC:E6:49:E2','PAT102686','V5.6.821',NULL,'2026-05-23T04:08:39.941Z') ON CONFLICT (id) DO UPDATE SET device_type=EXCLUDED.device_type,status=EXCLUDED.status,brand=EXCLUDED.brand,model=EXCLUDED.model,serial_number=EXCLUDED.serial_number,mac_address=EXCLUDED.mac_address,asset_number=EXCLUDED.asset_number,firmware=EXCLUDED.firmware,comments=EXCLUDED.comments,source_updated_at=EXCLUDED.source_updated_at;
INSERT INTO cameras(device_id,form_factor) VALUES ('morjsqbpdtsdyegc','bullet') ON CONFLICT (device_id) DO UPDATE SET form_factor=EXCLUDED.form_factor;
INSERT INTO cctv_devices (id,device_type,status,brand,model,serial_number,mac_address,asset_number,firmware,comments,source_updated_at) VALUES ('morjsqbpjxh4f7r7','camera',NULL,'Hikvision','DS-2CD2625FWD-IZS','20180702AAWRC31808139','94:E1:AC:E6:49:E4','PAT102634','V5.6.821',NULL,'2026-05-23T04:08:39.941Z') ON CONFLICT (id) DO UPDATE SET device_type=EXCLUDED.device_type,status=EXCLUDED.status,brand=EXCLUDED.brand,model=EXCLUDED.model,serial_number=EXCLUDED.serial_number,mac_address=EXCLUDED.mac_address,asset_number=EXCLUDED.asset_number,firmware=EXCLUDED.firmware,comments=EXCLUDED.comments,source_updated_at=EXCLUDED.source_updated_at;
INSERT INTO cameras(device_id,form_factor) VALUES ('morjsqbpjxh4f7r7','bullet') ON CONFLICT (device_id) DO UPDATE SET form_factor=EXCLUDED.form_factor;
INSERT INTO cctv_devices (id,device_type,status,brand,model,serial_number,mac_address,asset_number,firmware,comments,source_updated_at) VALUES ('morjsqbpfnnau1ai','camera',NULL,'Hikvision','DS-2CD2625FWD-IZS','20180702AAWRC31808145','94:E1:AC:E6:49:EA','PAT102707','V5.6.821',NULL,'2026-05-23T04:08:39.941Z') ON CONFLICT (id) DO UPDATE SET device_type=EXCLUDED.device_type,status=EXCLUDED.status,brand=EXCLUDED.brand,model=EXCLUDED.model,serial_number=EXCLUDED.serial_number,mac_address=EXCLUDED.mac_address,asset_number=EXCLUDED.asset_number,firmware=EXCLUDED.firmware,comments=EXCLUDED.comments,source_updated_at=EXCLUDED.source_updated_at;
INSERT INTO cameras(device_id,form_factor) VALUES ('morjsqbpfnnau1ai','bullet') ON CONFLICT (device_id) DO UPDATE SET form_factor=EXCLUDED.form_factor;
INSERT INTO cctv_devices (id,device_type,status,brand,model,serial_number,mac_address,asset_number,firmware,comments,source_updated_at) VALUES ('morjsqbpkb1s58hs','camera',NULL,'Hikvision','DS-2CD2625FWD-IZS','20180702AAWRC31808146','94:E1:AC:E6:49:EB','PAT102611','V5.6.821',NULL,'2026-05-23T04:08:39.941Z') ON CONFLICT (id) DO UPDATE SET device_type=EXCLUDED.device_type,status=EXCLUDED.status,brand=EXCLUDED.brand,model=EXCLUDED.model,serial_number=EXCLUDED.serial_number,mac_address=EXCLUDED.mac_address,asset_number=EXCLUDED.asset_number,firmware=EXCLUDED.firmware,comments=EXCLUDED.comments,source_updated_at=EXCLUDED.source_updated_at;
INSERT INTO cameras(device_id,form_factor) VALUES ('morjsqbpkb1s58hs','bullet') ON CONFLICT (device_id) DO UPDATE SET form_factor=EXCLUDED.form_factor;
INSERT INTO cctv_devices (id,device_type,status,brand,model,serial_number,mac_address,asset_number,firmware,comments,source_updated_at) VALUES ('morjsqbpowmrlmxf','camera',NULL,'Hikvision','DS-2CD2625FWD-IZS','20180702AAWRC31808148','94:E1:AC:E6:49:ED','PAT102666','V5.6.821',NULL,'2026-05-23T04:08:39.941Z') ON CONFLICT (id) DO UPDATE SET device_type=EXCLUDED.device_type,status=EXCLUDED.status,brand=EXCLUDED.brand,model=EXCLUDED.model,serial_number=EXCLUDED.serial_number,mac_address=EXCLUDED.mac_address,asset_number=EXCLUDED.asset_number,firmware=EXCLUDED.firmware,comments=EXCLUDED.comments,source_updated_at=EXCLUDED.source_updated_at;
INSERT INTO cameras(device_id,form_factor) VALUES ('morjsqbpowmrlmxf','bullet') ON CONFLICT (device_id) DO UPDATE SET form_factor=EXCLUDED.form_factor;
INSERT INTO cctv_devices (id,device_type,status,brand,model,serial_number,mac_address,asset_number,firmware,comments,source_updated_at) VALUES ('morjsqbpn26322pf','camera',NULL,'Hikvision','DS-2CD2625FWD-IZS','20180702AAWRC31808155','94:E1:AC:E6:49:F4','PAT102709','V5.6.821',NULL,'2026-05-23T04:08:39.941Z') ON CONFLICT (id) DO UPDATE SET device_type=EXCLUDED.device_type,status=EXCLUDED.status,brand=EXCLUDED.brand,model=EXCLUDED.model,serial_number=EXCLUDED.serial_number,mac_address=EXCLUDED.mac_address,asset_number=EXCLUDED.asset_number,firmware=EXCLUDED.firmware,comments=EXCLUDED.comments,source_updated_at=EXCLUDED.source_updated_at;
INSERT INTO cameras(device_id,form_factor) VALUES ('morjsqbpn26322pf','bullet') ON CONFLICT (device_id) DO UPDATE SET form_factor=EXCLUDED.form_factor;
INSERT INTO cctv_devices (id,device_type,status,brand,model,serial_number,mac_address,asset_number,firmware,comments,source_updated_at) VALUES ('morjsqbp2e98cpo9','camera',NULL,'Hikvision','DS-2CD2625FWD-IZS','20180702AAWRC31808157','94:E1:AC:E6:49:F6','PAT102715','V5.6.821',NULL,'2026-05-23T04:08:39.941Z') ON CONFLICT (id) DO UPDATE SET device_type=EXCLUDED.device_type,status=EXCLUDED.status,brand=EXCLUDED.brand,model=EXCLUDED.model,serial_number=EXCLUDED.serial_number,mac_address=EXCLUDED.mac_address,asset_number=EXCLUDED.asset_number,firmware=EXCLUDED.firmware,comments=EXCLUDED.comments,source_updated_at=EXCLUDED.source_updated_at;
INSERT INTO cameras(device_id,form_factor) VALUES ('morjsqbp2e98cpo9','bullet') ON CONFLICT (device_id) DO UPDATE SET form_factor=EXCLUDED.form_factor;
INSERT INTO cctv_devices (id,device_type,status,brand,model,serial_number,mac_address,asset_number,firmware,comments,source_updated_at) VALUES ('morjsqbpbawdtx8o','camera',NULL,'Hikvision','DS-2CD2625FWD-IZS','20180702AAWRC31808159','94:E1:AC:E6:49:F8','PAT102615','V5.6.821',NULL,'2026-05-23T04:08:39.941Z') ON CONFLICT (id) DO UPDATE SET device_type=EXCLUDED.device_type,status=EXCLUDED.status,brand=EXCLUDED.brand,model=EXCLUDED.model,serial_number=EXCLUDED.serial_number,mac_address=EXCLUDED.mac_address,asset_number=EXCLUDED.asset_number,firmware=EXCLUDED.firmware,comments=EXCLUDED.comments,source_updated_at=EXCLUDED.source_updated_at;
INSERT INTO cameras(device_id,form_factor) VALUES ('morjsqbpbawdtx8o','bullet') ON CONFLICT (device_id) DO UPDATE SET form_factor=EXCLUDED.form_factor;
INSERT INTO cctv_devices (id,device_type,status,brand,model,serial_number,mac_address,asset_number,firmware,comments,source_updated_at) VALUES ('morjsqbpdmn29b6j','camera',NULL,'Hikvision','DS-2CD2625FWD-IZS','20180702AAWRC31808160','94:E1:AC:E6:49:F9','PAT102683','V5.6.821',NULL,'2026-05-23T04:08:39.941Z') ON CONFLICT (id) DO UPDATE SET device_type=EXCLUDED.device_type,status=EXCLUDED.status,brand=EXCLUDED.brand,model=EXCLUDED.model,serial_number=EXCLUDED.serial_number,mac_address=EXCLUDED.mac_address,asset_number=EXCLUDED.asset_number,firmware=EXCLUDED.firmware,comments=EXCLUDED.comments,source_updated_at=EXCLUDED.source_updated_at;
INSERT INTO cameras(device_id,form_factor) VALUES ('morjsqbpdmn29b6j','bullet') ON CONFLICT (device_id) DO UPDATE SET form_factor=EXCLUDED.form_factor;
INSERT INTO cctv_devices (id,device_type,status,brand,model,serial_number,mac_address,asset_number,firmware,comments,source_updated_at) VALUES ('morjsqbpo5a7dklb','camera',NULL,'Hikvision','DS-2CD2625FWD-IZS','20180702AAWRC31808163','94:E1:AC:E6:49:FC','PAT102706','V5.6.821',NULL,'2026-05-23T04:08:39.941Z') ON CONFLICT (id) DO UPDATE SET device_type=EXCLUDED.device_type,status=EXCLUDED.status,brand=EXCLUDED.brand,model=EXCLUDED.model,serial_number=EXCLUDED.serial_number,mac_address=EXCLUDED.mac_address,asset_number=EXCLUDED.asset_number,firmware=EXCLUDED.firmware,comments=EXCLUDED.comments,source_updated_at=EXCLUDED.source_updated_at;
INSERT INTO cameras(device_id,form_factor) VALUES ('morjsqbpo5a7dklb','bullet') ON CONFLICT (device_id) DO UPDATE SET form_factor=EXCLUDED.form_factor;
INSERT INTO cctv_devices (id,device_type,status,brand,model,serial_number,mac_address,asset_number,firmware,comments,source_updated_at) VALUES ('morjsqbp19mnegql','camera',NULL,'Hikvision','DS-2CD2625FWD-IZS','20180702AAWRC31808166','94:E1:AC:E6:49:FF','PAT102631','V5.6.821',NULL,'2026-05-23T04:08:39.941Z') ON CONFLICT (id) DO UPDATE SET device_type=EXCLUDED.device_type,status=EXCLUDED.status,brand=EXCLUDED.brand,model=EXCLUDED.model,serial_number=EXCLUDED.serial_number,mac_address=EXCLUDED.mac_address,asset_number=EXCLUDED.asset_number,firmware=EXCLUDED.firmware,comments=EXCLUDED.comments,source_updated_at=EXCLUDED.source_updated_at;
INSERT INTO cameras(device_id,form_factor) VALUES ('morjsqbp19mnegql','bullet') ON CONFLICT (device_id) DO UPDATE SET form_factor=EXCLUDED.form_factor;
INSERT INTO cctv_devices (id,device_type,status,brand,model,serial_number,mac_address,asset_number,firmware,comments,source_updated_at) VALUES ('morjsqbpp0dpdl74','camera',NULL,'Hikvision','DS-2CD2625FWD-IZS','20180702AAWRC31808167','94:E1:AC:E6:4A:00','PAT102684','V5.6.821',NULL,'2026-05-23T04:08:39.941Z') ON CONFLICT (id) DO UPDATE SET device_type=EXCLUDED.device_type,status=EXCLUDED.status,brand=EXCLUDED.brand,model=EXCLUDED.model,serial_number=EXCLUDED.serial_number,mac_address=EXCLUDED.mac_address,asset_number=EXCLUDED.asset_number,firmware=EXCLUDED.firmware,comments=EXCLUDED.comments,source_updated_at=EXCLUDED.source_updated_at;
INSERT INTO cameras(device_id,form_factor) VALUES ('morjsqbpp0dpdl74','bullet') ON CONFLICT (device_id) DO UPDATE SET form_factor=EXCLUDED.form_factor;
INSERT INTO cctv_devices (id,device_type,status,brand,model,serial_number,mac_address,asset_number,firmware,comments,source_updated_at) VALUES ('morjsqbp3f1x95uf','camera','averiado','Hikvision','DS-2CD2625FWD-IZS',NULL,'94:E1:AC:E6:4A:01','PAT102638',NULL,NULL,'2026-06-19T22:58:25.258Z') ON CONFLICT (id) DO UPDATE SET device_type=EXCLUDED.device_type,status=EXCLUDED.status,brand=EXCLUDED.brand,model=EXCLUDED.model,serial_number=EXCLUDED.serial_number,mac_address=EXCLUDED.mac_address,asset_number=EXCLUDED.asset_number,firmware=EXCLUDED.firmware,comments=EXCLUDED.comments,source_updated_at=EXCLUDED.source_updated_at;
INSERT INTO cameras(device_id,form_factor) VALUES ('morjsqbp3f1x95uf','bullet') ON CONFLICT (device_id) DO UPDATE SET form_factor=EXCLUDED.form_factor;
INSERT INTO cctv_devices (id,device_type,status,brand,model,serial_number,mac_address,asset_number,firmware,comments,source_updated_at) VALUES ('morjsqbp29mbei9r','camera',NULL,'Hikvision','DS-2CD2625FWD-IZS','20180702AAWRC31808181','94:E1:AC:E6:4A:0E','PAT102632','V5.6.821',NULL,'2026-05-23T04:08:39.941Z') ON CONFLICT (id) DO UPDATE SET device_type=EXCLUDED.device_type,status=EXCLUDED.status,brand=EXCLUDED.brand,model=EXCLUDED.model,serial_number=EXCLUDED.serial_number,mac_address=EXCLUDED.mac_address,asset_number=EXCLUDED.asset_number,firmware=EXCLUDED.firmware,comments=EXCLUDED.comments,source_updated_at=EXCLUDED.source_updated_at;
INSERT INTO cameras(device_id,form_factor) VALUES ('morjsqbp29mbei9r','bullet') ON CONFLICT (device_id) DO UPDATE SET form_factor=EXCLUDED.form_factor;
INSERT INTO cctv_devices (id,device_type,status,brand,model,serial_number,mac_address,asset_number,firmware,comments,source_updated_at) VALUES ('morjsqbpckvaug1e','camera',NULL,'Hikvision','DS-2CD2625FWD-IZS','20180702AAWRC31808190','94:E1:AC:E6:4A:17','PAT102612','V5.6.821',NULL,'2026-05-23T04:08:39.941Z') ON CONFLICT (id) DO UPDATE SET device_type=EXCLUDED.device_type,status=EXCLUDED.status,brand=EXCLUDED.brand,model=EXCLUDED.model,serial_number=EXCLUDED.serial_number,mac_address=EXCLUDED.mac_address,asset_number=EXCLUDED.asset_number,firmware=EXCLUDED.firmware,comments=EXCLUDED.comments,source_updated_at=EXCLUDED.source_updated_at;
INSERT INTO cameras(device_id,form_factor) VALUES ('morjsqbpckvaug1e','bullet') ON CONFLICT (device_id) DO UPDATE SET form_factor=EXCLUDED.form_factor;
INSERT INTO cctv_devices (id,device_type,status,brand,model,serial_number,mac_address,asset_number,firmware,comments,source_updated_at) VALUES ('morjsqbppberhaxh','camera',NULL,'Hikvision','DS-2CD2625FWD-IZS','20180702AAWRC31808191','94:E1:AC:E6:4A:18','PAT102665','V5.6.821',NULL,'2026-05-23T04:08:39.941Z') ON CONFLICT (id) DO UPDATE SET device_type=EXCLUDED.device_type,status=EXCLUDED.status,brand=EXCLUDED.brand,model=EXCLUDED.model,serial_number=EXCLUDED.serial_number,mac_address=EXCLUDED.mac_address,asset_number=EXCLUDED.asset_number,firmware=EXCLUDED.firmware,comments=EXCLUDED.comments,source_updated_at=EXCLUDED.source_updated_at;
INSERT INTO cameras(device_id,form_factor) VALUES ('morjsqbppberhaxh','bullet') ON CONFLICT (device_id) DO UPDATE SET form_factor=EXCLUDED.form_factor;
INSERT INTO cctv_devices (id,device_type,status,brand,model,serial_number,mac_address,asset_number,firmware,comments,source_updated_at) VALUES ('morjsqbpjynuvnb0','camera',NULL,'Hikvision','DS-2CD2625FWD-IZS','20180702AAWRC31808196','94:E1:AC:E6:4A:1D','PAT102696','V5.6.821',NULL,'2026-06-19T20:15:10.146Z') ON CONFLICT (id) DO UPDATE SET device_type=EXCLUDED.device_type,status=EXCLUDED.status,brand=EXCLUDED.brand,model=EXCLUDED.model,serial_number=EXCLUDED.serial_number,mac_address=EXCLUDED.mac_address,asset_number=EXCLUDED.asset_number,firmware=EXCLUDED.firmware,comments=EXCLUDED.comments,source_updated_at=EXCLUDED.source_updated_at;
INSERT INTO cameras(device_id,form_factor) VALUES ('morjsqbpjynuvnb0','bullet') ON CONFLICT (device_id) DO UPDATE SET form_factor=EXCLUDED.form_factor;
INSERT INTO cctv_devices (id,device_type,status,brand,model,serial_number,mac_address,asset_number,firmware,comments,source_updated_at) VALUES ('morjsqbptuxe0adl','camera',NULL,'Hikvision','DS-2CD2625FWD-IZS','20180702AAWRC31808200','94:E1:AC:E6:4A:21','PAT102679','V5.6.821',NULL,'2026-05-23T04:08:39.941Z') ON CONFLICT (id) DO UPDATE SET device_type=EXCLUDED.device_type,status=EXCLUDED.status,brand=EXCLUDED.brand,model=EXCLUDED.model,serial_number=EXCLUDED.serial_number,mac_address=EXCLUDED.mac_address,asset_number=EXCLUDED.asset_number,firmware=EXCLUDED.firmware,comments=EXCLUDED.comments,source_updated_at=EXCLUDED.source_updated_at;
INSERT INTO cameras(device_id,form_factor) VALUES ('morjsqbptuxe0adl','bullet') ON CONFLICT (device_id) DO UPDATE SET form_factor=EXCLUDED.form_factor;
INSERT INTO cctv_devices (id,device_type,status,brand,model,serial_number,mac_address,asset_number,firmware,comments,source_updated_at) VALUES ('morjsqbpr33rqi4l','camera',NULL,'Hikvision','DS-2CD2625FWD-IZS','20180702AAWRC31808204','94:E1:AC:E6:4A:25','PAT102650','V5.6.821',NULL,'2026-05-23T04:08:39.941Z') ON CONFLICT (id) DO UPDATE SET device_type=EXCLUDED.device_type,status=EXCLUDED.status,brand=EXCLUDED.brand,model=EXCLUDED.model,serial_number=EXCLUDED.serial_number,mac_address=EXCLUDED.mac_address,asset_number=EXCLUDED.asset_number,firmware=EXCLUDED.firmware,comments=EXCLUDED.comments,source_updated_at=EXCLUDED.source_updated_at;
INSERT INTO cameras(device_id,form_factor) VALUES ('morjsqbpr33rqi4l','bullet') ON CONFLICT (device_id) DO UPDATE SET form_factor=EXCLUDED.form_factor;
INSERT INTO cctv_devices (id,device_type,status,brand,model,serial_number,mac_address,asset_number,firmware,comments,source_updated_at) VALUES ('morjsqbpmz1imj5s','camera',NULL,'Hikvision','DS-2CD2625FWD-IZS','20180702AAWRC31808206','94:E1:AC:E6:4A:27','PAT102628','V5.6.821',NULL,'2026-05-23T04:08:39.941Z') ON CONFLICT (id) DO UPDATE SET device_type=EXCLUDED.device_type,status=EXCLUDED.status,brand=EXCLUDED.brand,model=EXCLUDED.model,serial_number=EXCLUDED.serial_number,mac_address=EXCLUDED.mac_address,asset_number=EXCLUDED.asset_number,firmware=EXCLUDED.firmware,comments=EXCLUDED.comments,source_updated_at=EXCLUDED.source_updated_at;
INSERT INTO cameras(device_id,form_factor) VALUES ('morjsqbpmz1imj5s','bullet') ON CONFLICT (device_id) DO UPDATE SET form_factor=EXCLUDED.form_factor;
INSERT INTO cctv_devices (id,device_type,status,brand,model,serial_number,mac_address,asset_number,firmware,comments,source_updated_at) VALUES ('morjsqbpa15hzk85','camera',NULL,'Hikvision','DS-2CD2625FWD-IZS','20180702AAWRC31808215','94:E1:AC:E6:4A:30','PAT102685','V5.6.821',NULL,'2026-05-23T04:08:39.941Z') ON CONFLICT (id) DO UPDATE SET device_type=EXCLUDED.device_type,status=EXCLUDED.status,brand=EXCLUDED.brand,model=EXCLUDED.model,serial_number=EXCLUDED.serial_number,mac_address=EXCLUDED.mac_address,asset_number=EXCLUDED.asset_number,firmware=EXCLUDED.firmware,comments=EXCLUDED.comments,source_updated_at=EXCLUDED.source_updated_at;
INSERT INTO cameras(device_id,form_factor) VALUES ('morjsqbpa15hzk85','bullet') ON CONFLICT (device_id) DO UPDATE SET form_factor=EXCLUDED.form_factor;
INSERT INTO cctv_devices (id,device_type,status,brand,model,serial_number,mac_address,asset_number,firmware,comments,source_updated_at) VALUES ('morjsqbplxjuf4mv','camera','averiado','Hikvision','DS-2CD2625FWD-IZS',NULL,'94:E1:AC:E6:4A:32','PAT102600',NULL,NULL,'2026-06-19T23:19:27.781Z') ON CONFLICT (id) DO UPDATE SET device_type=EXCLUDED.device_type,status=EXCLUDED.status,brand=EXCLUDED.brand,model=EXCLUDED.model,serial_number=EXCLUDED.serial_number,mac_address=EXCLUDED.mac_address,asset_number=EXCLUDED.asset_number,firmware=EXCLUDED.firmware,comments=EXCLUDED.comments,source_updated_at=EXCLUDED.source_updated_at;
INSERT INTO cameras(device_id,form_factor) VALUES ('morjsqbplxjuf4mv','bullet') ON CONFLICT (device_id) DO UPDATE SET form_factor=EXCLUDED.form_factor;
INSERT INTO cctv_devices (id,device_type,status,brand,model,serial_number,mac_address,asset_number,firmware,comments,source_updated_at) VALUES ('morjsqbpddd9i04q','camera',NULL,'Hikvision','DS-2CD2625FWD-IZS','20180702AAWRC31808218','94:E1:AC:E6:4A:33','PAT102682','V5.6.821',NULL,'2026-05-23T04:08:39.941Z') ON CONFLICT (id) DO UPDATE SET device_type=EXCLUDED.device_type,status=EXCLUDED.status,brand=EXCLUDED.brand,model=EXCLUDED.model,serial_number=EXCLUDED.serial_number,mac_address=EXCLUDED.mac_address,asset_number=EXCLUDED.asset_number,firmware=EXCLUDED.firmware,comments=EXCLUDED.comments,source_updated_at=EXCLUDED.source_updated_at;
INSERT INTO cameras(device_id,form_factor) VALUES ('morjsqbpddd9i04q','bullet') ON CONFLICT (device_id) DO UPDATE SET form_factor=EXCLUDED.form_factor;
INSERT INTO cctv_devices (id,device_type,status,brand,model,serial_number,mac_address,asset_number,firmware,comments,source_updated_at) VALUES ('morjsqbpicp170pc','camera',NULL,'Hikvision','DS-2CD2625FWD-IZS','20180702AAWRC31808231','94:E1:AC:E6:4A:40','PAT102712','V5.6.821',NULL,'2026-05-23T04:08:39.941Z') ON CONFLICT (id) DO UPDATE SET device_type=EXCLUDED.device_type,status=EXCLUDED.status,brand=EXCLUDED.brand,model=EXCLUDED.model,serial_number=EXCLUDED.serial_number,mac_address=EXCLUDED.mac_address,asset_number=EXCLUDED.asset_number,firmware=EXCLUDED.firmware,comments=EXCLUDED.comments,source_updated_at=EXCLUDED.source_updated_at;
INSERT INTO cameras(device_id,form_factor) VALUES ('morjsqbpicp170pc','bullet') ON CONFLICT (device_id) DO UPDATE SET form_factor=EXCLUDED.form_factor;
INSERT INTO cctv_devices (id,device_type,status,brand,model,serial_number,mac_address,asset_number,firmware,comments,source_updated_at) VALUES ('morjsqbp2mqx36cc','camera',NULL,'Hikvision','DS-2CD2625FWD-IZS','20180702AAWRC31808245','94:E1:AC:E6:4A:4E','PAT102669','V5.6.821',NULL,'2026-05-23T04:08:39.941Z') ON CONFLICT (id) DO UPDATE SET device_type=EXCLUDED.device_type,status=EXCLUDED.status,brand=EXCLUDED.brand,model=EXCLUDED.model,serial_number=EXCLUDED.serial_number,mac_address=EXCLUDED.mac_address,asset_number=EXCLUDED.asset_number,firmware=EXCLUDED.firmware,comments=EXCLUDED.comments,source_updated_at=EXCLUDED.source_updated_at;
INSERT INTO cameras(device_id,form_factor) VALUES ('morjsqbp2mqx36cc','bullet') ON CONFLICT (device_id) DO UPDATE SET form_factor=EXCLUDED.form_factor;
INSERT INTO cctv_devices (id,device_type,status,brand,model,serial_number,mac_address,asset_number,firmware,comments,source_updated_at) VALUES ('morjsqbpwwbkeybj','camera',NULL,'Hikvision','DS-2CD2625FWD-IZS','20180702AAWRC31808248','94:E1:AC:E6:4A:51','PAT102609','V5.6.821',NULL,'2026-05-23T04:08:39.941Z') ON CONFLICT (id) DO UPDATE SET device_type=EXCLUDED.device_type,status=EXCLUDED.status,brand=EXCLUDED.brand,model=EXCLUDED.model,serial_number=EXCLUDED.serial_number,mac_address=EXCLUDED.mac_address,asset_number=EXCLUDED.asset_number,firmware=EXCLUDED.firmware,comments=EXCLUDED.comments,source_updated_at=EXCLUDED.source_updated_at;
INSERT INTO cameras(device_id,form_factor) VALUES ('morjsqbpwwbkeybj','bullet') ON CONFLICT (device_id) DO UPDATE SET form_factor=EXCLUDED.form_factor;
INSERT INTO cctv_devices (id,device_type,status,brand,model,serial_number,mac_address,asset_number,firmware,comments,source_updated_at) VALUES ('morjsqbpqrfygdtb','camera',NULL,'Hikvision','DS-2CD2625FWD-IZS','20180702AAWRC31808263','94:E1:AC:E6:4A:60','PAT102695','V5.6.821',NULL,'2026-05-23T04:08:39.941Z') ON CONFLICT (id) DO UPDATE SET device_type=EXCLUDED.device_type,status=EXCLUDED.status,brand=EXCLUDED.brand,model=EXCLUDED.model,serial_number=EXCLUDED.serial_number,mac_address=EXCLUDED.mac_address,asset_number=EXCLUDED.asset_number,firmware=EXCLUDED.firmware,comments=EXCLUDED.comments,source_updated_at=EXCLUDED.source_updated_at;
INSERT INTO cameras(device_id,form_factor) VALUES ('morjsqbpqrfygdtb','bullet') ON CONFLICT (device_id) DO UPDATE SET form_factor=EXCLUDED.form_factor;
INSERT INTO cctv_devices (id,device_type,status,brand,model,serial_number,mac_address,asset_number,firmware,comments,source_updated_at) VALUES ('morjsqbpoh6gfvhp','camera',NULL,'Hikvision','DS-2CD2625FWD-IZS','20180702AAWRC31808265','94:E1:AC:E6:4A:62','PAT102642','V5.6.821',NULL,'2026-05-23T04:08:39.941Z') ON CONFLICT (id) DO UPDATE SET device_type=EXCLUDED.device_type,status=EXCLUDED.status,brand=EXCLUDED.brand,model=EXCLUDED.model,serial_number=EXCLUDED.serial_number,mac_address=EXCLUDED.mac_address,asset_number=EXCLUDED.asset_number,firmware=EXCLUDED.firmware,comments=EXCLUDED.comments,source_updated_at=EXCLUDED.source_updated_at;
INSERT INTO cameras(device_id,form_factor) VALUES ('morjsqbpoh6gfvhp','bullet') ON CONFLICT (device_id) DO UPDATE SET form_factor=EXCLUDED.form_factor;
INSERT INTO cctv_devices (id,device_type,status,brand,model,serial_number,mac_address,asset_number,firmware,comments,source_updated_at) VALUES ('morjsqbpqvk1gdz8','camera',NULL,'Hikvision','DS-2CD2625FWD-IZS','20180702AAWRC31808278','94:E1:AC:E6:4A:6F','PAT102625','V5.6.821',NULL,'2026-05-23T04:08:39.941Z') ON CONFLICT (id) DO UPDATE SET device_type=EXCLUDED.device_type,status=EXCLUDED.status,brand=EXCLUDED.brand,model=EXCLUDED.model,serial_number=EXCLUDED.serial_number,mac_address=EXCLUDED.mac_address,asset_number=EXCLUDED.asset_number,firmware=EXCLUDED.firmware,comments=EXCLUDED.comments,source_updated_at=EXCLUDED.source_updated_at;
INSERT INTO cameras(device_id,form_factor) VALUES ('morjsqbpqvk1gdz8','bullet') ON CONFLICT (device_id) DO UPDATE SET form_factor=EXCLUDED.form_factor;
INSERT INTO cctv_devices (id,device_type,status,brand,model,serial_number,mac_address,asset_number,firmware,comments,source_updated_at) VALUES ('morjsqbph10z8nwm','camera',NULL,'Hikvision','DS-2CD2625FWD-IZS','20180702AAWRC31808282','94:E1:AC:E6:4A:73','PAT102704','V5.6.821',NULL,'2026-05-23T04:08:39.941Z') ON CONFLICT (id) DO UPDATE SET device_type=EXCLUDED.device_type,status=EXCLUDED.status,brand=EXCLUDED.brand,model=EXCLUDED.model,serial_number=EXCLUDED.serial_number,mac_address=EXCLUDED.mac_address,asset_number=EXCLUDED.asset_number,firmware=EXCLUDED.firmware,comments=EXCLUDED.comments,source_updated_at=EXCLUDED.source_updated_at;
INSERT INTO cameras(device_id,form_factor) VALUES ('morjsqbph10z8nwm','bullet') ON CONFLICT (device_id) DO UPDATE SET form_factor=EXCLUDED.form_factor;
INSERT INTO cctv_devices (id,device_type,status,brand,model,serial_number,mac_address,asset_number,firmware,comments,source_updated_at) VALUES ('morjsqbpb8zncy1t','camera',NULL,'Hikvision','DS-2CD2625FWD-IZS','20180702AAWRC31808283','94:E1:AC:E6:4A:74','PAT102677','V5.6.821',NULL,'2026-05-23T04:08:39.941Z') ON CONFLICT (id) DO UPDATE SET device_type=EXCLUDED.device_type,status=EXCLUDED.status,brand=EXCLUDED.brand,model=EXCLUDED.model,serial_number=EXCLUDED.serial_number,mac_address=EXCLUDED.mac_address,asset_number=EXCLUDED.asset_number,firmware=EXCLUDED.firmware,comments=EXCLUDED.comments,source_updated_at=EXCLUDED.source_updated_at;
INSERT INTO cameras(device_id,form_factor) VALUES ('morjsqbpb8zncy1t','bullet') ON CONFLICT (device_id) DO UPDATE SET form_factor=EXCLUDED.form_factor;
INSERT INTO cctv_devices (id,device_type,status,brand,model,serial_number,mac_address,asset_number,firmware,comments,source_updated_at) VALUES ('morjsqbpx36klfnp','camera',NULL,'Hikvision','DS-2CD2625FWD-IZS','20180702AAWRC31808286','94:E1:AC:E6:4A:77','PAT102630','V5.6.821',NULL,'2026-05-23T04:08:39.941Z') ON CONFLICT (id) DO UPDATE SET device_type=EXCLUDED.device_type,status=EXCLUDED.status,brand=EXCLUDED.brand,model=EXCLUDED.model,serial_number=EXCLUDED.serial_number,mac_address=EXCLUDED.mac_address,asset_number=EXCLUDED.asset_number,firmware=EXCLUDED.firmware,comments=EXCLUDED.comments,source_updated_at=EXCLUDED.source_updated_at;
INSERT INTO cameras(device_id,form_factor) VALUES ('morjsqbpx36klfnp','bullet') ON CONFLICT (device_id) DO UPDATE SET form_factor=EXCLUDED.form_factor;
INSERT INTO cctv_devices (id,device_type,status,brand,model,serial_number,mac_address,asset_number,firmware,comments,source_updated_at) VALUES ('morjsqbpfs9jofeh','camera',NULL,'Hikvision','DS-2CD2625FWD-IZS','20180702AAWRC31808288','94:E1:AC:E6:4A:79','PAT102592','V5.6.821',NULL,'2026-05-23T04:08:39.941Z') ON CONFLICT (id) DO UPDATE SET device_type=EXCLUDED.device_type,status=EXCLUDED.status,brand=EXCLUDED.brand,model=EXCLUDED.model,serial_number=EXCLUDED.serial_number,mac_address=EXCLUDED.mac_address,asset_number=EXCLUDED.asset_number,firmware=EXCLUDED.firmware,comments=EXCLUDED.comments,source_updated_at=EXCLUDED.source_updated_at;
INSERT INTO cameras(device_id,form_factor) VALUES ('morjsqbpfs9jofeh','bullet') ON CONFLICT (device_id) DO UPDATE SET form_factor=EXCLUDED.form_factor;
INSERT INTO cctv_devices (id,device_type,status,brand,model,serial_number,mac_address,asset_number,firmware,comments,source_updated_at) VALUES ('morjsqbpo3qbwpg1','camera',NULL,'Hikvision','DS-2CD2625FWD-IZS','20180702AAWRC31808291','94:E1:AC:E6:4A:7C','PAT102708','V5.6.821',NULL,'2026-05-23T04:08:39.941Z') ON CONFLICT (id) DO UPDATE SET device_type=EXCLUDED.device_type,status=EXCLUDED.status,brand=EXCLUDED.brand,model=EXCLUDED.model,serial_number=EXCLUDED.serial_number,mac_address=EXCLUDED.mac_address,asset_number=EXCLUDED.asset_number,firmware=EXCLUDED.firmware,comments=EXCLUDED.comments,source_updated_at=EXCLUDED.source_updated_at;
INSERT INTO cameras(device_id,form_factor) VALUES ('morjsqbpo3qbwpg1','bullet') ON CONFLICT (device_id) DO UPDATE SET form_factor=EXCLUDED.form_factor;
INSERT INTO cctv_devices (id,device_type,status,brand,model,serial_number,mac_address,asset_number,firmware,comments,source_updated_at) VALUES ('morjsqbpynlp4a9s','camera',NULL,'Hikvision','DS-2CD2625FWD-IZS','20180702AAWRC31808294','94:E1:AC:E6:4A:7F','PAT102664','V5.6.821',NULL,'2026-05-23T04:08:39.941Z') ON CONFLICT (id) DO UPDATE SET device_type=EXCLUDED.device_type,status=EXCLUDED.status,brand=EXCLUDED.brand,model=EXCLUDED.model,serial_number=EXCLUDED.serial_number,mac_address=EXCLUDED.mac_address,asset_number=EXCLUDED.asset_number,firmware=EXCLUDED.firmware,comments=EXCLUDED.comments,source_updated_at=EXCLUDED.source_updated_at;
INSERT INTO cameras(device_id,form_factor) VALUES ('morjsqbpynlp4a9s','bullet') ON CONFLICT (device_id) DO UPDATE SET form_factor=EXCLUDED.form_factor;
INSERT INTO cctv_devices (id,device_type,status,brand,model,serial_number,mac_address,asset_number,firmware,comments,source_updated_at) VALUES ('morjsqbp07rnd72k','camera',NULL,'Hikvision','DS-2CD2625FWD-IZS','20180702AAWRC31808299','94:E1:AC:E6:4A:84','PAT102676','V5.6.821',NULL,'2026-05-23T04:08:39.941Z') ON CONFLICT (id) DO UPDATE SET device_type=EXCLUDED.device_type,status=EXCLUDED.status,brand=EXCLUDED.brand,model=EXCLUDED.model,serial_number=EXCLUDED.serial_number,mac_address=EXCLUDED.mac_address,asset_number=EXCLUDED.asset_number,firmware=EXCLUDED.firmware,comments=EXCLUDED.comments,source_updated_at=EXCLUDED.source_updated_at;
INSERT INTO cameras(device_id,form_factor) VALUES ('morjsqbp07rnd72k','bullet') ON CONFLICT (device_id) DO UPDATE SET form_factor=EXCLUDED.form_factor;
INSERT INTO cctv_devices (id,device_type,status,brand,model,serial_number,mac_address,asset_number,firmware,comments,source_updated_at) VALUES ('morjsqbpi8s2vrk0','camera',NULL,'Hikvision','DS-2CD2625FWD-IZS','20180702AAWRC31808309','94:E1:AC:E6:4A:8E','PAT102720','V5.6.821',NULL,'2026-05-23T04:08:39.941Z') ON CONFLICT (id) DO UPDATE SET device_type=EXCLUDED.device_type,status=EXCLUDED.status,brand=EXCLUDED.brand,model=EXCLUDED.model,serial_number=EXCLUDED.serial_number,mac_address=EXCLUDED.mac_address,asset_number=EXCLUDED.asset_number,firmware=EXCLUDED.firmware,comments=EXCLUDED.comments,source_updated_at=EXCLUDED.source_updated_at;
INSERT INTO cameras(device_id,form_factor) VALUES ('morjsqbpi8s2vrk0','bullet') ON CONFLICT (device_id) DO UPDATE SET form_factor=EXCLUDED.form_factor;
INSERT INTO cctv_devices (id,device_type,status,brand,model,serial_number,mac_address,asset_number,firmware,comments,source_updated_at) VALUES ('morjsqbpbf7hxwtv','camera',NULL,'Hikvision','DS-2CD2625FWD-IZS','20180702AAWRC31808315','94:E1:AC:E6:4A:94','PAT102627','V5.6.821',NULL,'2026-05-23T04:08:39.941Z') ON CONFLICT (id) DO UPDATE SET device_type=EXCLUDED.device_type,status=EXCLUDED.status,brand=EXCLUDED.brand,model=EXCLUDED.model,serial_number=EXCLUDED.serial_number,mac_address=EXCLUDED.mac_address,asset_number=EXCLUDED.asset_number,firmware=EXCLUDED.firmware,comments=EXCLUDED.comments,source_updated_at=EXCLUDED.source_updated_at;
INSERT INTO cameras(device_id,form_factor) VALUES ('morjsqbpbf7hxwtv','bullet') ON CONFLICT (device_id) DO UPDATE SET form_factor=EXCLUDED.form_factor;
INSERT INTO cctv_devices (id,device_type,status,brand,model,serial_number,mac_address,asset_number,firmware,comments,source_updated_at) VALUES ('morjsqbp52m80cpw','camera',NULL,'Hikvision','DS-2CD2625FWD-IZS','20180702AAWRC31808318','94:E1:AC:E6:4A:97','PAT102582','V5.6.821',NULL,'2026-05-23T04:08:39.941Z') ON CONFLICT (id) DO UPDATE SET device_type=EXCLUDED.device_type,status=EXCLUDED.status,brand=EXCLUDED.brand,model=EXCLUDED.model,serial_number=EXCLUDED.serial_number,mac_address=EXCLUDED.mac_address,asset_number=EXCLUDED.asset_number,firmware=EXCLUDED.firmware,comments=EXCLUDED.comments,source_updated_at=EXCLUDED.source_updated_at;
INSERT INTO cameras(device_id,form_factor) VALUES ('morjsqbp52m80cpw','bullet') ON CONFLICT (device_id) DO UPDATE SET form_factor=EXCLUDED.form_factor;
INSERT INTO cctv_devices (id,device_type,status,brand,model,serial_number,mac_address,asset_number,firmware,comments,source_updated_at) VALUES ('morjsqbpzoo0c4ua','camera',NULL,'Hikvision','DS-2CD2625FWD-IZS','20180702AAWRC31808323','94:E1:AC:E6:4A:9C','PAT102644','V5.6.821',NULL,'2026-05-23T04:08:39.941Z') ON CONFLICT (id) DO UPDATE SET device_type=EXCLUDED.device_type,status=EXCLUDED.status,brand=EXCLUDED.brand,model=EXCLUDED.model,serial_number=EXCLUDED.serial_number,mac_address=EXCLUDED.mac_address,asset_number=EXCLUDED.asset_number,firmware=EXCLUDED.firmware,comments=EXCLUDED.comments,source_updated_at=EXCLUDED.source_updated_at;
INSERT INTO cameras(device_id,form_factor) VALUES ('morjsqbpzoo0c4ua','bullet') ON CONFLICT (device_id) DO UPDATE SET form_factor=EXCLUDED.form_factor;
INSERT INTO cctv_devices (id,device_type,status,brand,model,serial_number,mac_address,asset_number,firmware,comments,source_updated_at) VALUES ('morjsqbpuxz1814q','camera',NULL,'Hikvision','DS-2CD2625FWD-IZS','20180702AAWRC31808334','94:E1:AC:E6:4A:A7','PAT102719','V5.6.821',NULL,'2026-05-23T04:08:39.941Z') ON CONFLICT (id) DO UPDATE SET device_type=EXCLUDED.device_type,status=EXCLUDED.status,brand=EXCLUDED.brand,model=EXCLUDED.model,serial_number=EXCLUDED.serial_number,mac_address=EXCLUDED.mac_address,asset_number=EXCLUDED.asset_number,firmware=EXCLUDED.firmware,comments=EXCLUDED.comments,source_updated_at=EXCLUDED.source_updated_at;
INSERT INTO cameras(device_id,form_factor) VALUES ('morjsqbpuxz1814q','bullet') ON CONFLICT (device_id) DO UPDATE SET form_factor=EXCLUDED.form_factor;
INSERT INTO cctv_devices (id,device_type,status,brand,model,serial_number,mac_address,asset_number,firmware,comments,source_updated_at) VALUES ('morjsqbp5kwkg7dg','camera',NULL,'Hikvision','DS-2CD2625FWD-IZS','20180702AAWRC31808338','94:E1:AC:E6:4A:AB','PAT102667','V5.6.821',NULL,'2026-05-23T04:08:39.941Z') ON CONFLICT (id) DO UPDATE SET device_type=EXCLUDED.device_type,status=EXCLUDED.status,brand=EXCLUDED.brand,model=EXCLUDED.model,serial_number=EXCLUDED.serial_number,mac_address=EXCLUDED.mac_address,asset_number=EXCLUDED.asset_number,firmware=EXCLUDED.firmware,comments=EXCLUDED.comments,source_updated_at=EXCLUDED.source_updated_at;
INSERT INTO cameras(device_id,form_factor) VALUES ('morjsqbp5kwkg7dg','bullet') ON CONFLICT (device_id) DO UPDATE SET form_factor=EXCLUDED.form_factor;
INSERT INTO cctv_devices (id,device_type,status,brand,model,serial_number,mac_address,asset_number,firmware,comments,source_updated_at) VALUES ('morjsqbpiprujjpx','camera',NULL,'Hikvision','DS-2CD2625FWD-IZS','20180702AAWRC31808347','94:E1:AC:E6:4A:B4','PAT102614','V5.6.821',NULL,'2026-05-23T04:08:39.941Z') ON CONFLICT (id) DO UPDATE SET device_type=EXCLUDED.device_type,status=EXCLUDED.status,brand=EXCLUDED.brand,model=EXCLUDED.model,serial_number=EXCLUDED.serial_number,mac_address=EXCLUDED.mac_address,asset_number=EXCLUDED.asset_number,firmware=EXCLUDED.firmware,comments=EXCLUDED.comments,source_updated_at=EXCLUDED.source_updated_at;
INSERT INTO cameras(device_id,form_factor) VALUES ('morjsqbpiprujjpx','bullet') ON CONFLICT (device_id) DO UPDATE SET form_factor=EXCLUDED.form_factor;
INSERT INTO cctv_devices (id,device_type,status,brand,model,serial_number,mac_address,asset_number,firmware,comments,source_updated_at) VALUES ('morjsqbpjd0rla9v','camera',NULL,'Hikvision','DS-2CD2625FWD-IZS','20180702AAWRC31808350','94:E1:AC:E6:4A:B7','PAT102687','V5.6.821',NULL,'2026-05-23T04:08:39.941Z') ON CONFLICT (id) DO UPDATE SET device_type=EXCLUDED.device_type,status=EXCLUDED.status,brand=EXCLUDED.brand,model=EXCLUDED.model,serial_number=EXCLUDED.serial_number,mac_address=EXCLUDED.mac_address,asset_number=EXCLUDED.asset_number,firmware=EXCLUDED.firmware,comments=EXCLUDED.comments,source_updated_at=EXCLUDED.source_updated_at;
INSERT INTO cameras(device_id,form_factor) VALUES ('morjsqbpjd0rla9v','bullet') ON CONFLICT (device_id) DO UPDATE SET form_factor=EXCLUDED.form_factor;
INSERT INTO cctv_devices (id,device_type,status,brand,model,serial_number,mac_address,asset_number,firmware,comments,source_updated_at) VALUES ('morjsqbpzv39q66u','camera',NULL,'Hikvision','DS-2CD2625FWD-IZS','20180702AAWRC31808351','94:E1:AC:E6:4A:B8','PAT102641','V5.6.821',NULL,'2026-05-23T04:08:39.941Z') ON CONFLICT (id) DO UPDATE SET device_type=EXCLUDED.device_type,status=EXCLUDED.status,brand=EXCLUDED.brand,model=EXCLUDED.model,serial_number=EXCLUDED.serial_number,mac_address=EXCLUDED.mac_address,asset_number=EXCLUDED.asset_number,firmware=EXCLUDED.firmware,comments=EXCLUDED.comments,source_updated_at=EXCLUDED.source_updated_at;
INSERT INTO cameras(device_id,form_factor) VALUES ('morjsqbpzv39q66u','bullet') ON CONFLICT (device_id) DO UPDATE SET form_factor=EXCLUDED.form_factor;
INSERT INTO cctv_devices (id,device_type,status,brand,model,serial_number,mac_address,asset_number,firmware,comments,source_updated_at) VALUES ('morjsqbpgus79o34','camera',NULL,'Hikvision','DS-2CD2625FWD-IZS','20180702AAWRC31808362','94:E1:AC:E6:4A:C3','PAT102595','V5.6.821',NULL,'2026-05-23T04:08:39.941Z') ON CONFLICT (id) DO UPDATE SET device_type=EXCLUDED.device_type,status=EXCLUDED.status,brand=EXCLUDED.brand,model=EXCLUDED.model,serial_number=EXCLUDED.serial_number,mac_address=EXCLUDED.mac_address,asset_number=EXCLUDED.asset_number,firmware=EXCLUDED.firmware,comments=EXCLUDED.comments,source_updated_at=EXCLUDED.source_updated_at;
INSERT INTO cameras(device_id,form_factor) VALUES ('morjsqbpgus79o34','bullet') ON CONFLICT (device_id) DO UPDATE SET form_factor=EXCLUDED.form_factor;
INSERT INTO cctv_devices (id,device_type,status,brand,model,serial_number,mac_address,asset_number,firmware,comments,source_updated_at) VALUES ('morjsqbpe0hj217k','camera',NULL,'Hikvision','DS-2CD2625FWD-IZS','20180702AAWRC31808371','94:E1:AC:E6:4A:CC','PAT102680','V5.6.821',NULL,'2026-05-23T04:08:39.941Z') ON CONFLICT (id) DO UPDATE SET device_type=EXCLUDED.device_type,status=EXCLUDED.status,brand=EXCLUDED.brand,model=EXCLUDED.model,serial_number=EXCLUDED.serial_number,mac_address=EXCLUDED.mac_address,asset_number=EXCLUDED.asset_number,firmware=EXCLUDED.firmware,comments=EXCLUDED.comments,source_updated_at=EXCLUDED.source_updated_at;
INSERT INTO cameras(device_id,form_factor) VALUES ('morjsqbpe0hj217k','bullet') ON CONFLICT (device_id) DO UPDATE SET form_factor=EXCLUDED.form_factor;
INSERT INTO cctv_devices (id,device_type,status,brand,model,serial_number,mac_address,asset_number,firmware,comments,source_updated_at) VALUES ('morjsqbppb6crgkc','camera',NULL,'Hikvision','DS-2CD2625FWD-IZS','20180702AAWRC31808372','94:E1:AC:E6:4A:CD','PAT102585','V5.6.821',NULL,'2026-05-23T04:08:39.941Z') ON CONFLICT (id) DO UPDATE SET device_type=EXCLUDED.device_type,status=EXCLUDED.status,brand=EXCLUDED.brand,model=EXCLUDED.model,serial_number=EXCLUDED.serial_number,mac_address=EXCLUDED.mac_address,asset_number=EXCLUDED.asset_number,firmware=EXCLUDED.firmware,comments=EXCLUDED.comments,source_updated_at=EXCLUDED.source_updated_at;
INSERT INTO cameras(device_id,form_factor) VALUES ('morjsqbppb6crgkc','bullet') ON CONFLICT (device_id) DO UPDATE SET form_factor=EXCLUDED.form_factor;
INSERT INTO cctv_devices (id,device_type,status,brand,model,serial_number,mac_address,asset_number,firmware,comments,source_updated_at) VALUES ('morjsqbpszhgnndh','camera',NULL,'Hikvision','DS-2CD2625FWD-IZS','20180702AAWRC31808375','94:E1:AC:E6:4A:D0','PAT102583','V5.6.821',NULL,'2026-05-23T04:08:39.941Z') ON CONFLICT (id) DO UPDATE SET device_type=EXCLUDED.device_type,status=EXCLUDED.status,brand=EXCLUDED.brand,model=EXCLUDED.model,serial_number=EXCLUDED.serial_number,mac_address=EXCLUDED.mac_address,asset_number=EXCLUDED.asset_number,firmware=EXCLUDED.firmware,comments=EXCLUDED.comments,source_updated_at=EXCLUDED.source_updated_at;
INSERT INTO cameras(device_id,form_factor) VALUES ('morjsqbpszhgnndh','bullet') ON CONFLICT (device_id) DO UPDATE SET form_factor=EXCLUDED.form_factor;
INSERT INTO cctv_devices (id,device_type,status,brand,model,serial_number,mac_address,asset_number,firmware,comments,source_updated_at) VALUES ('morjsqbpfvppjx1u','camera',NULL,'Hikvision','DS-2CD2721G0-IS','20190307AAWRC97723181','98:8B:0A:16:E5:B9','PAT102737','V5.5.91',NULL,'2026-05-23T04:08:39.941Z') ON CONFLICT (id) DO UPDATE SET device_type=EXCLUDED.device_type,status=EXCLUDED.status,brand=EXCLUDED.brand,model=EXCLUDED.model,serial_number=EXCLUDED.serial_number,mac_address=EXCLUDED.mac_address,asset_number=EXCLUDED.asset_number,firmware=EXCLUDED.firmware,comments=EXCLUDED.comments,source_updated_at=EXCLUDED.source_updated_at;
INSERT INTO cameras(device_id,form_factor) VALUES ('morjsqbpfvppjx1u','domo') ON CONFLICT (device_id) DO UPDATE SET form_factor=EXCLUDED.form_factor;
INSERT INTO cctv_devices (id,device_type,status,brand,model,serial_number,mac_address,asset_number,firmware,comments,source_updated_at) VALUES ('morjsqbqzjnym4p7','camera',NULL,'Hikvision','DS-2CD2721G0-IS','20190307AAWRC97723187','98:8B:0A:16:E5:BF','PAT102757','V5.5.800',NULL,'2026-05-23T04:08:39.941Z') ON CONFLICT (id) DO UPDATE SET device_type=EXCLUDED.device_type,status=EXCLUDED.status,brand=EXCLUDED.brand,model=EXCLUDED.model,serial_number=EXCLUDED.serial_number,mac_address=EXCLUDED.mac_address,asset_number=EXCLUDED.asset_number,firmware=EXCLUDED.firmware,comments=EXCLUDED.comments,source_updated_at=EXCLUDED.source_updated_at;
INSERT INTO cameras(device_id,form_factor) VALUES ('morjsqbqzjnym4p7','domo') ON CONFLICT (device_id) DO UPDATE SET form_factor=EXCLUDED.form_factor;
INSERT INTO cctv_devices (id,device_type,status,brand,model,serial_number,mac_address,asset_number,firmware,comments,source_updated_at) VALUES ('morjsqbpj3t0qhb6','camera',NULL,'Hikvision','DS-2CD2721G0-IS','20190307AAWRC97723204','98:8B:0A:16:E5:D0','PAT102741','V5.5.91',NULL,'2026-05-23T04:08:39.941Z') ON CONFLICT (id) DO UPDATE SET device_type=EXCLUDED.device_type,status=EXCLUDED.status,brand=EXCLUDED.brand,model=EXCLUDED.model,serial_number=EXCLUDED.serial_number,mac_address=EXCLUDED.mac_address,asset_number=EXCLUDED.asset_number,firmware=EXCLUDED.firmware,comments=EXCLUDED.comments,source_updated_at=EXCLUDED.source_updated_at;
INSERT INTO cameras(device_id,form_factor) VALUES ('morjsqbpj3t0qhb6','domo') ON CONFLICT (device_id) DO UPDATE SET form_factor=EXCLUDED.form_factor;
INSERT INTO cctv_devices (id,device_type,status,brand,model,serial_number,mac_address,asset_number,firmware,comments,source_updated_at) VALUES ('morjsqbpvml2gqbz','camera',NULL,'Hikvision','DS-2CD2721G0-IS','20190307AAWRC97723216','98:8B:0A:16:E5:DC','PAT102740','V5.5.91',NULL,'2026-05-23T04:08:39.941Z') ON CONFLICT (id) DO UPDATE SET device_type=EXCLUDED.device_type,status=EXCLUDED.status,brand=EXCLUDED.brand,model=EXCLUDED.model,serial_number=EXCLUDED.serial_number,mac_address=EXCLUDED.mac_address,asset_number=EXCLUDED.asset_number,firmware=EXCLUDED.firmware,comments=EXCLUDED.comments,source_updated_at=EXCLUDED.source_updated_at;
INSERT INTO cameras(device_id,form_factor) VALUES ('morjsqbpvml2gqbz','domo') ON CONFLICT (device_id) DO UPDATE SET form_factor=EXCLUDED.form_factor;
INSERT INTO cctv_devices (id,device_type,status,brand,model,serial_number,mac_address,asset_number,firmware,comments,source_updated_at) VALUES ('morjsqbp9h8ls0fx','camera',NULL,'Hikvision','DS-2CD2721G0-IS','20190307AAWRC97723238','98:8B:0A:16:E5:F2','PAT102748','V5.5.800',NULL,'2026-05-23T04:08:39.941Z') ON CONFLICT (id) DO UPDATE SET device_type=EXCLUDED.device_type,status=EXCLUDED.status,brand=EXCLUDED.brand,model=EXCLUDED.model,serial_number=EXCLUDED.serial_number,mac_address=EXCLUDED.mac_address,asset_number=EXCLUDED.asset_number,firmware=EXCLUDED.firmware,comments=EXCLUDED.comments,source_updated_at=EXCLUDED.source_updated_at;
INSERT INTO cameras(device_id,form_factor) VALUES ('morjsqbp9h8ls0fx','domo') ON CONFLICT (device_id) DO UPDATE SET form_factor=EXCLUDED.form_factor;
INSERT INTO cctv_devices (id,device_type,status,brand,model,serial_number,mac_address,asset_number,firmware,comments,source_updated_at) VALUES ('morjsqbpmv8qhrky','camera',NULL,'Hikvision','DS-2CD2721G0-IS','20190307AAWRC97723242','98:8B:0A:16:E5:F6','PAT102731','V5.5.91',NULL,'2026-05-23T04:08:39.941Z') ON CONFLICT (id) DO UPDATE SET device_type=EXCLUDED.device_type,status=EXCLUDED.status,brand=EXCLUDED.brand,model=EXCLUDED.model,serial_number=EXCLUDED.serial_number,mac_address=EXCLUDED.mac_address,asset_number=EXCLUDED.asset_number,firmware=EXCLUDED.firmware,comments=EXCLUDED.comments,source_updated_at=EXCLUDED.source_updated_at;
INSERT INTO cameras(device_id,form_factor) VALUES ('morjsqbpmv8qhrky','domo') ON CONFLICT (device_id) DO UPDATE SET form_factor=EXCLUDED.form_factor;
INSERT INTO cctv_devices (id,device_type,status,brand,model,serial_number,mac_address,asset_number,firmware,comments,source_updated_at) VALUES ('morjsqbphq56ium0','camera',NULL,'Hikvision','DS-2CD2721G0-IS','20190307AAWRC97723246','98:8B:0A:16:E5:FA','PAT102736','V5.5.91',NULL,'2026-05-23T04:08:39.941Z') ON CONFLICT (id) DO UPDATE SET device_type=EXCLUDED.device_type,status=EXCLUDED.status,brand=EXCLUDED.brand,model=EXCLUDED.model,serial_number=EXCLUDED.serial_number,mac_address=EXCLUDED.mac_address,asset_number=EXCLUDED.asset_number,firmware=EXCLUDED.firmware,comments=EXCLUDED.comments,source_updated_at=EXCLUDED.source_updated_at;
INSERT INTO cameras(device_id,form_factor) VALUES ('morjsqbphq56ium0','domo') ON CONFLICT (device_id) DO UPDATE SET form_factor=EXCLUDED.form_factor;
INSERT INTO cctv_devices (id,device_type,status,brand,model,serial_number,mac_address,asset_number,firmware,comments,source_updated_at) VALUES ('morjsqbp0qnf1xnb','camera',NULL,'Hikvision','DS-2CD2721G0-IS','20190307AAWRC97723256','98:8B:0A:16:E6:04','PAT102735','V5.5.91',NULL,'2026-05-23T04:08:39.941Z') ON CONFLICT (id) DO UPDATE SET device_type=EXCLUDED.device_type,status=EXCLUDED.status,brand=EXCLUDED.brand,model=EXCLUDED.model,serial_number=EXCLUDED.serial_number,mac_address=EXCLUDED.mac_address,asset_number=EXCLUDED.asset_number,firmware=EXCLUDED.firmware,comments=EXCLUDED.comments,source_updated_at=EXCLUDED.source_updated_at;
INSERT INTO cameras(device_id,form_factor) VALUES ('morjsqbp0qnf1xnb','domo') ON CONFLICT (device_id) DO UPDATE SET form_factor=EXCLUDED.form_factor;
INSERT INTO cctv_devices (id,device_type,status,brand,model,serial_number,mac_address,asset_number,firmware,comments,source_updated_at) VALUES ('morjsqbp7px35kou','camera',NULL,'Hikvision','DS-2CD2721G0-IS','20190307AAWRC97723258','98:8B:0A:16:E6:06','PAT102730','V5.5.91',NULL,'2026-05-23T04:08:39.941Z') ON CONFLICT (id) DO UPDATE SET device_type=EXCLUDED.device_type,status=EXCLUDED.status,brand=EXCLUDED.brand,model=EXCLUDED.model,serial_number=EXCLUDED.serial_number,mac_address=EXCLUDED.mac_address,asset_number=EXCLUDED.asset_number,firmware=EXCLUDED.firmware,comments=EXCLUDED.comments,source_updated_at=EXCLUDED.source_updated_at;
INSERT INTO cameras(device_id,form_factor) VALUES ('morjsqbp7px35kou','domo') ON CONFLICT (device_id) DO UPDATE SET form_factor=EXCLUDED.form_factor;
INSERT INTO cctv_devices (id,device_type,status,brand,model,serial_number,mac_address,asset_number,firmware,comments,source_updated_at) VALUES ('morjsqbq7ar3f3e5','camera',NULL,'Hikvision','DS-2CD2721G0-IS',NULL,'98:8B:0A:16:E6:07','PAT102758',NULL,NULL,'2026-05-23T04:08:39.941Z') ON CONFLICT (id) DO UPDATE SET device_type=EXCLUDED.device_type,status=EXCLUDED.status,brand=EXCLUDED.brand,model=EXCLUDED.model,serial_number=EXCLUDED.serial_number,mac_address=EXCLUDED.mac_address,asset_number=EXCLUDED.asset_number,firmware=EXCLUDED.firmware,comments=EXCLUDED.comments,source_updated_at=EXCLUDED.source_updated_at;
INSERT INTO cameras(device_id,form_factor) VALUES ('morjsqbq7ar3f3e5','domo') ON CONFLICT (device_id) DO UPDATE SET form_factor=EXCLUDED.form_factor;
INSERT INTO cctv_devices (id,device_type,status,brand,model,serial_number,mac_address,asset_number,firmware,comments,source_updated_at) VALUES ('morjsqbp36k8o92p','camera',NULL,'Hikvision','DS-2CD2721G0-IS','20190307AAWRC97723275','98:8B:0A:16:E6:17','PAT102742','V5.5.91',NULL,'2026-05-23T04:08:39.941Z') ON CONFLICT (id) DO UPDATE SET device_type=EXCLUDED.device_type,status=EXCLUDED.status,brand=EXCLUDED.brand,model=EXCLUDED.model,serial_number=EXCLUDED.serial_number,mac_address=EXCLUDED.mac_address,asset_number=EXCLUDED.asset_number,firmware=EXCLUDED.firmware,comments=EXCLUDED.comments,source_updated_at=EXCLUDED.source_updated_at;
INSERT INTO cameras(device_id,form_factor) VALUES ('morjsqbp36k8o92p','domo') ON CONFLICT (device_id) DO UPDATE SET form_factor=EXCLUDED.form_factor;
INSERT INTO cctv_devices (id,device_type,status,brand,model,serial_number,mac_address,asset_number,firmware,comments,source_updated_at) VALUES ('morjsqbpsjmdieec','camera',NULL,'Hikvision','DS-2CD2721G0-IS','20190307AAWRC97723276','98:8B:0A:16:E6:18','PAT102732','V5.5.91',NULL,'2026-05-23T04:08:39.941Z') ON CONFLICT (id) DO UPDATE SET device_type=EXCLUDED.device_type,status=EXCLUDED.status,brand=EXCLUDED.brand,model=EXCLUDED.model,serial_number=EXCLUDED.serial_number,mac_address=EXCLUDED.mac_address,asset_number=EXCLUDED.asset_number,firmware=EXCLUDED.firmware,comments=EXCLUDED.comments,source_updated_at=EXCLUDED.source_updated_at;
INSERT INTO cameras(device_id,form_factor) VALUES ('morjsqbpsjmdieec','domo') ON CONFLICT (device_id) DO UPDATE SET form_factor=EXCLUDED.form_factor;
INSERT INTO cctv_devices (id,device_type,status,brand,model,serial_number,mac_address,asset_number,firmware,comments,source_updated_at) VALUES ('morjsqbpie0a9fnl','camera',NULL,'Hikvision','DS-2CD2721G0-IS','20190307AAWRC97723277','98:8B:0A:16:E6:19','PAT102733','V5.5.91',NULL,'2026-05-23T04:08:39.941Z') ON CONFLICT (id) DO UPDATE SET device_type=EXCLUDED.device_type,status=EXCLUDED.status,brand=EXCLUDED.brand,model=EXCLUDED.model,serial_number=EXCLUDED.serial_number,mac_address=EXCLUDED.mac_address,asset_number=EXCLUDED.asset_number,firmware=EXCLUDED.firmware,comments=EXCLUDED.comments,source_updated_at=EXCLUDED.source_updated_at;
INSERT INTO cameras(device_id,form_factor) VALUES ('morjsqbpie0a9fnl','domo') ON CONFLICT (device_id) DO UPDATE SET form_factor=EXCLUDED.form_factor;
INSERT INTO cctv_devices (id,device_type,status,brand,model,serial_number,mac_address,asset_number,firmware,comments,source_updated_at) VALUES ('morjsqbqvka2p5s7','camera',NULL,'Hikvision','DS-2CD2721G0-IS',NULL,'98:8B:0A:16:E6:1C','PAT102755',NULL,NULL,'2026-05-23T04:08:39.941Z') ON CONFLICT (id) DO UPDATE SET device_type=EXCLUDED.device_type,status=EXCLUDED.status,brand=EXCLUDED.brand,model=EXCLUDED.model,serial_number=EXCLUDED.serial_number,mac_address=EXCLUDED.mac_address,asset_number=EXCLUDED.asset_number,firmware=EXCLUDED.firmware,comments=EXCLUDED.comments,source_updated_at=EXCLUDED.source_updated_at;
INSERT INTO cameras(device_id,form_factor) VALUES ('morjsqbqvka2p5s7','domo') ON CONFLICT (device_id) DO UPDATE SET form_factor=EXCLUDED.form_factor;
INSERT INTO cctv_devices (id,device_type,status,brand,model,serial_number,mac_address,asset_number,firmware,comments,source_updated_at) VALUES ('morjsqbqijdw2k9w','camera',NULL,'Hikvision','DS-2CD2721G0-IS',NULL,'98:8B:0A:16:E6:25','PAT102749',NULL,NULL,'2026-05-23T04:08:39.941Z') ON CONFLICT (id) DO UPDATE SET device_type=EXCLUDED.device_type,status=EXCLUDED.status,brand=EXCLUDED.brand,model=EXCLUDED.model,serial_number=EXCLUDED.serial_number,mac_address=EXCLUDED.mac_address,asset_number=EXCLUDED.asset_number,firmware=EXCLUDED.firmware,comments=EXCLUDED.comments,source_updated_at=EXCLUDED.source_updated_at;
INSERT INTO cameras(device_id,form_factor) VALUES ('morjsqbqijdw2k9w','domo') ON CONFLICT (device_id) DO UPDATE SET form_factor=EXCLUDED.form_factor;
INSERT INTO cctv_devices (id,device_type,status,brand,model,serial_number,mac_address,asset_number,firmware,comments,source_updated_at) VALUES ('morjsqbpy3jtvvyl','camera',NULL,'Hikvision','DS-2CD2721G0-IS','20190307AAWRC97723291','98:8B:0A:16:E6:27','PAT102756','V5.5.91',NULL,'2026-05-23T04:08:39.941Z') ON CONFLICT (id) DO UPDATE SET device_type=EXCLUDED.device_type,status=EXCLUDED.status,brand=EXCLUDED.brand,model=EXCLUDED.model,serial_number=EXCLUDED.serial_number,mac_address=EXCLUDED.mac_address,asset_number=EXCLUDED.asset_number,firmware=EXCLUDED.firmware,comments=EXCLUDED.comments,source_updated_at=EXCLUDED.source_updated_at;
INSERT INTO cameras(device_id,form_factor) VALUES ('morjsqbpy3jtvvyl','domo') ON CONFLICT (device_id) DO UPDATE SET form_factor=EXCLUDED.form_factor;
INSERT INTO cctv_devices (id,device_type,status,brand,model,serial_number,mac_address,asset_number,firmware,comments,source_updated_at) VALUES ('morjsqbq2i2hcroh','camera',NULL,'Hikvision','DS-2CD2721G0-IS',NULL,'98:8B:0A:16:E6:29','PAT102750',NULL,NULL,'2026-05-23T04:08:39.941Z') ON CONFLICT (id) DO UPDATE SET device_type=EXCLUDED.device_type,status=EXCLUDED.status,brand=EXCLUDED.brand,model=EXCLUDED.model,serial_number=EXCLUDED.serial_number,mac_address=EXCLUDED.mac_address,asset_number=EXCLUDED.asset_number,firmware=EXCLUDED.firmware,comments=EXCLUDED.comments,source_updated_at=EXCLUDED.source_updated_at;
INSERT INTO cameras(device_id,form_factor) VALUES ('morjsqbq2i2hcroh','domo') ON CONFLICT (device_id) DO UPDATE SET form_factor=EXCLUDED.form_factor;
INSERT INTO cctv_devices (id,device_type,status,brand,model,serial_number,mac_address,asset_number,firmware,comments,source_updated_at) VALUES ('morjsqbqyakwp2ga','camera',NULL,'Hikvision','DS-2CD2721G0-IS',NULL,'98:8B:0A:16:E6:2A','PAT102747',NULL,NULL,'2026-05-23T04:08:39.941Z') ON CONFLICT (id) DO UPDATE SET device_type=EXCLUDED.device_type,status=EXCLUDED.status,brand=EXCLUDED.brand,model=EXCLUDED.model,serial_number=EXCLUDED.serial_number,mac_address=EXCLUDED.mac_address,asset_number=EXCLUDED.asset_number,firmware=EXCLUDED.firmware,comments=EXCLUDED.comments,source_updated_at=EXCLUDED.source_updated_at;
INSERT INTO cameras(device_id,form_factor) VALUES ('morjsqbqyakwp2ga','domo') ON CONFLICT (device_id) DO UPDATE SET form_factor=EXCLUDED.form_factor;
INSERT INTO cctv_devices (id,device_type,status,brand,model,serial_number,mac_address,asset_number,firmware,comments,source_updated_at) VALUES ('morjsqbq3wuuyweh','camera',NULL,'Hikvision','DS-2CD2721G0-IS',NULL,'98:8B:0A:16:E6:2B','PAT102745',NULL,NULL,'2026-05-23T04:08:39.941Z') ON CONFLICT (id) DO UPDATE SET device_type=EXCLUDED.device_type,status=EXCLUDED.status,brand=EXCLUDED.brand,model=EXCLUDED.model,serial_number=EXCLUDED.serial_number,mac_address=EXCLUDED.mac_address,asset_number=EXCLUDED.asset_number,firmware=EXCLUDED.firmware,comments=EXCLUDED.comments,source_updated_at=EXCLUDED.source_updated_at;
INSERT INTO cameras(device_id,form_factor) VALUES ('morjsqbq3wuuyweh','domo') ON CONFLICT (device_id) DO UPDATE SET form_factor=EXCLUDED.form_factor;
INSERT INTO cctv_devices (id,device_type,status,brand,model,serial_number,mac_address,asset_number,firmware,comments,source_updated_at) VALUES ('morjsqbp8g94hm5j','camera',NULL,'Hikvision','DS-2CD2721G0-IS','20190307AAWRC97723300','98:8B:0A:16:E6:30','PAT102744','V5.5.91',NULL,'2026-05-23T04:08:39.941Z') ON CONFLICT (id) DO UPDATE SET device_type=EXCLUDED.device_type,status=EXCLUDED.status,brand=EXCLUDED.brand,model=EXCLUDED.model,serial_number=EXCLUDED.serial_number,mac_address=EXCLUDED.mac_address,asset_number=EXCLUDED.asset_number,firmware=EXCLUDED.firmware,comments=EXCLUDED.comments,source_updated_at=EXCLUDED.source_updated_at;
INSERT INTO cameras(device_id,form_factor) VALUES ('morjsqbp8g94hm5j','domo') ON CONFLICT (device_id) DO UPDATE SET form_factor=EXCLUDED.form_factor;
INSERT INTO cctv_devices (id,device_type,status,brand,model,serial_number,mac_address,asset_number,firmware,comments,source_updated_at) VALUES ('morjsqbpychdysn9','camera',NULL,'Hikvision','DS-2CD2721G0-IS','20190307AAWRC97723301','98:8B:0A:16:E6:31','PAT102754','V5.5.91',NULL,'2026-05-23T04:08:39.941Z') ON CONFLICT (id) DO UPDATE SET device_type=EXCLUDED.device_type,status=EXCLUDED.status,brand=EXCLUDED.brand,model=EXCLUDED.model,serial_number=EXCLUDED.serial_number,mac_address=EXCLUDED.mac_address,asset_number=EXCLUDED.asset_number,firmware=EXCLUDED.firmware,comments=EXCLUDED.comments,source_updated_at=EXCLUDED.source_updated_at;
INSERT INTO cameras(device_id,form_factor) VALUES ('morjsqbpychdysn9','domo') ON CONFLICT (device_id) DO UPDATE SET form_factor=EXCLUDED.form_factor;
INSERT INTO cctv_devices (id,device_type,status,brand,model,serial_number,mac_address,asset_number,firmware,comments,source_updated_at) VALUES ('morjsqbpe3979k2j','camera',NULL,'Hikvision','DS-2CD2721G0-IS','20190307AAWRC97723304','98:8B:0A:16:E6:34','PAT102739','V5.5.91',NULL,'2026-05-23T04:08:39.941Z') ON CONFLICT (id) DO UPDATE SET device_type=EXCLUDED.device_type,status=EXCLUDED.status,brand=EXCLUDED.brand,model=EXCLUDED.model,serial_number=EXCLUDED.serial_number,mac_address=EXCLUDED.mac_address,asset_number=EXCLUDED.asset_number,firmware=EXCLUDED.firmware,comments=EXCLUDED.comments,source_updated_at=EXCLUDED.source_updated_at;
INSERT INTO cameras(device_id,form_factor) VALUES ('morjsqbpe3979k2j','domo') ON CONFLICT (device_id) DO UPDATE SET form_factor=EXCLUDED.form_factor;
INSERT INTO cctv_devices (id,device_type,status,brand,model,serial_number,mac_address,asset_number,firmware,comments,source_updated_at) VALUES ('morjsqbplq2lms1f','camera',NULL,'Hikvision','DS-2CD2721G0-IS','20190307AAWRC97723308','98:8B:0A:16:E6:38','PAT102734','V5.5.91',NULL,'2026-05-23T04:08:39.941Z') ON CONFLICT (id) DO UPDATE SET device_type=EXCLUDED.device_type,status=EXCLUDED.status,brand=EXCLUDED.brand,model=EXCLUDED.model,serial_number=EXCLUDED.serial_number,mac_address=EXCLUDED.mac_address,asset_number=EXCLUDED.asset_number,firmware=EXCLUDED.firmware,comments=EXCLUDED.comments,source_updated_at=EXCLUDED.source_updated_at;
INSERT INTO cameras(device_id,form_factor) VALUES ('morjsqbplq2lms1f','domo') ON CONFLICT (device_id) DO UPDATE SET form_factor=EXCLUDED.form_factor;
INSERT INTO cctv_devices (id,device_type,status,brand,model,serial_number,mac_address,asset_number,firmware,comments,source_updated_at) VALUES ('morjsqbpaow1p2zz','camera',NULL,'Hikvision','DS-2CD2721G0-IS','20190307AAWRC97723316','98:8B:0A:16:E6:40','PAT102753','V5.5.91',NULL,'2026-05-23T04:08:39.941Z') ON CONFLICT (id) DO UPDATE SET device_type=EXCLUDED.device_type,status=EXCLUDED.status,brand=EXCLUDED.brand,model=EXCLUDED.model,serial_number=EXCLUDED.serial_number,mac_address=EXCLUDED.mac_address,asset_number=EXCLUDED.asset_number,firmware=EXCLUDED.firmware,comments=EXCLUDED.comments,source_updated_at=EXCLUDED.source_updated_at;
INSERT INTO cameras(device_id,form_factor) VALUES ('morjsqbpaow1p2zz','domo') ON CONFLICT (device_id) DO UPDATE SET form_factor=EXCLUDED.form_factor;
INSERT INTO cctv_devices (id,device_type,status,brand,model,serial_number,mac_address,asset_number,firmware,comments,source_updated_at) VALUES ('morjsqbqhyjbohi3','camera',NULL,'Hikvision','DS-2CD2721G0-IS','20190307AAWRC97723317','98:8B:0A:16:E6:41','PAT102759','V5.5.91',NULL,'2026-05-23T04:08:39.941Z') ON CONFLICT (id) DO UPDATE SET device_type=EXCLUDED.device_type,status=EXCLUDED.status,brand=EXCLUDED.brand,model=EXCLUDED.model,serial_number=EXCLUDED.serial_number,mac_address=EXCLUDED.mac_address,asset_number=EXCLUDED.asset_number,firmware=EXCLUDED.firmware,comments=EXCLUDED.comments,source_updated_at=EXCLUDED.source_updated_at;
INSERT INTO cameras(device_id,form_factor) VALUES ('morjsqbqhyjbohi3','domo') ON CONFLICT (device_id) DO UPDATE SET form_factor=EXCLUDED.form_factor;
INSERT INTO cctv_devices (id,device_type,status,brand,model,serial_number,mac_address,asset_number,firmware,comments,source_updated_at) VALUES ('morjsqbpu959ho9h','camera',NULL,'Hikvision','DS-2CD2721G0-IS','20190307AAWRC97723323','98:8B:0A:16:E6:47','PAT102746','V5.5.800',NULL,'2026-05-23T04:08:39.941Z') ON CONFLICT (id) DO UPDATE SET device_type=EXCLUDED.device_type,status=EXCLUDED.status,brand=EXCLUDED.brand,model=EXCLUDED.model,serial_number=EXCLUDED.serial_number,mac_address=EXCLUDED.mac_address,asset_number=EXCLUDED.asset_number,firmware=EXCLUDED.firmware,comments=EXCLUDED.comments,source_updated_at=EXCLUDED.source_updated_at;
INSERT INTO cameras(device_id,form_factor) VALUES ('morjsqbpu959ho9h','domo') ON CONFLICT (device_id) DO UPDATE SET form_factor=EXCLUDED.form_factor;
INSERT INTO cctv_devices (id,device_type,status,brand,model,serial_number,mac_address,asset_number,firmware,comments,source_updated_at) VALUES ('morjsqbpjceqntsq','camera',NULL,'Hikvision','DS-2CD2721G0-IS','20190307AAWRC97723339','98:8B:0A:16:E6:57','PAT102743','V5.5.91',NULL,'2026-05-23T04:08:39.941Z') ON CONFLICT (id) DO UPDATE SET device_type=EXCLUDED.device_type,status=EXCLUDED.status,brand=EXCLUDED.brand,model=EXCLUDED.model,serial_number=EXCLUDED.serial_number,mac_address=EXCLUDED.mac_address,asset_number=EXCLUDED.asset_number,firmware=EXCLUDED.firmware,comments=EXCLUDED.comments,source_updated_at=EXCLUDED.source_updated_at;
INSERT INTO cameras(device_id,form_factor) VALUES ('morjsqbpjceqntsq','domo') ON CONFLICT (device_id) DO UPDATE SET form_factor=EXCLUDED.form_factor;
INSERT INTO cctv_devices (id,device_type,status,brand,model,serial_number,mac_address,asset_number,firmware,comments,source_updated_at) VALUES ('morjsqbqwixh23ex','camera',NULL,'Hikvision','DS-2CD2721G0-IS',NULL,'98:8B:0A:16:E6:5D','PAT102751',NULL,NULL,'2026-05-23T04:08:39.941Z') ON CONFLICT (id) DO UPDATE SET device_type=EXCLUDED.device_type,status=EXCLUDED.status,brand=EXCLUDED.brand,model=EXCLUDED.model,serial_number=EXCLUDED.serial_number,mac_address=EXCLUDED.mac_address,asset_number=EXCLUDED.asset_number,firmware=EXCLUDED.firmware,comments=EXCLUDED.comments,source_updated_at=EXCLUDED.source_updated_at;
INSERT INTO cameras(device_id,form_factor) VALUES ('morjsqbqwixh23ex','domo') ON CONFLICT (device_id) DO UPDATE SET form_factor=EXCLUDED.form_factor;
INSERT INTO cctv_devices (id,device_type,status,brand,model,serial_number,mac_address,asset_number,firmware,comments,source_updated_at) VALUES ('morjsqbpdtrhntdk','camera',NULL,'Hikvision','DS-2CD2721G0-IS','20190307AAWRC97723358','98:8B:0A:16:E6:6A','PAT102752','V5.5.91',NULL,'2026-05-23T04:08:39.941Z') ON CONFLICT (id) DO UPDATE SET device_type=EXCLUDED.device_type,status=EXCLUDED.status,brand=EXCLUDED.brand,model=EXCLUDED.model,serial_number=EXCLUDED.serial_number,mac_address=EXCLUDED.mac_address,asset_number=EXCLUDED.asset_number,firmware=EXCLUDED.firmware,comments=EXCLUDED.comments,source_updated_at=EXCLUDED.source_updated_at;
INSERT INTO cameras(device_id,form_factor) VALUES ('morjsqbpdtrhntdk','domo') ON CONFLICT (device_id) DO UPDATE SET form_factor=EXCLUDED.form_factor;
INSERT INTO cctv_devices (id,device_type,status,brand,model,serial_number,mac_address,asset_number,firmware,comments,source_updated_at) VALUES ('morjsqbp7leukl2q','camera',NULL,'Hikvision','DS-2CD2721G0-IS','20190307AAWRC97723359','98:8B:0A:16:E6:6B','PAT102738','V5.5.91',NULL,'2026-05-23T04:08:39.941Z') ON CONFLICT (id) DO UPDATE SET device_type=EXCLUDED.device_type,status=EXCLUDED.status,brand=EXCLUDED.brand,model=EXCLUDED.model,serial_number=EXCLUDED.serial_number,mac_address=EXCLUDED.mac_address,asset_number=EXCLUDED.asset_number,firmware=EXCLUDED.firmware,comments=EXCLUDED.comments,source_updated_at=EXCLUDED.source_updated_at;
INSERT INTO cameras(device_id,form_factor) VALUES ('morjsqbp7leukl2q','domo') ON CONFLICT (device_id) DO UPDATE SET form_factor=EXCLUDED.form_factor;
INSERT INTO cctv_devices (id,device_type,status,brand,model,serial_number,mac_address,asset_number,firmware,comments,source_updated_at) VALUES ('morjsqbqujmowhp7','camera',NULL,'Hikvision','DS-2DE5225IW-AE','20190322CCWRD00985526W','98:8B:0A:2B:9C:3F','PAT102577','V5.6.18',NULL,'2026-05-23T04:08:39.941Z') ON CONFLICT (id) DO UPDATE SET device_type=EXCLUDED.device_type,status=EXCLUDED.status,brand=EXCLUDED.brand,model=EXCLUDED.model,serial_number=EXCLUDED.serial_number,mac_address=EXCLUDED.mac_address,asset_number=EXCLUDED.asset_number,firmware=EXCLUDED.firmware,comments=EXCLUDED.comments,source_updated_at=EXCLUDED.source_updated_at;
INSERT INTO cameras(device_id,form_factor) VALUES ('morjsqbqujmowhp7','domo-ptz') ON CONFLICT (device_id) DO UPDATE SET form_factor=EXCLUDED.form_factor;
INSERT INTO cctv_devices (id,device_type,status,brand,model,serial_number,mac_address,asset_number,firmware,comments,source_updated_at) VALUES ('morjsqbpn5x9remn','camera',NULL,'Hikvision','DS-2CD2625FHWD-IZS','20171121AAWR128782899','B4:A3:82:49:D6:15','PAT102655','V5.6.821',NULL,'2026-05-23T04:08:39.941Z') ON CONFLICT (id) DO UPDATE SET device_type=EXCLUDED.device_type,status=EXCLUDED.status,brand=EXCLUDED.brand,model=EXCLUDED.model,serial_number=EXCLUDED.serial_number,mac_address=EXCLUDED.mac_address,asset_number=EXCLUDED.asset_number,firmware=EXCLUDED.firmware,comments=EXCLUDED.comments,source_updated_at=EXCLUDED.source_updated_at;
INSERT INTO cameras(device_id,form_factor) VALUES ('morjsqbpn5x9remn','bullet') ON CONFLICT (device_id) DO UPDATE SET form_factor=EXCLUDED.form_factor;
INSERT INTO cctv_devices (id,device_type,status,brand,model,serial_number,mac_address,asset_number,firmware,comments,source_updated_at) VALUES ('morjsqbphpx1ea4i','camera',NULL,'Hikvision','DS-2CD2625FHWD-IZS','20171121AAWR128782980','B4:A3:82:49:D6:66','PAT102693','V5.6.821',NULL,'2026-05-23T04:08:39.941Z') ON CONFLICT (id) DO UPDATE SET device_type=EXCLUDED.device_type,status=EXCLUDED.status,brand=EXCLUDED.brand,model=EXCLUDED.model,serial_number=EXCLUDED.serial_number,mac_address=EXCLUDED.mac_address,asset_number=EXCLUDED.asset_number,firmware=EXCLUDED.firmware,comments=EXCLUDED.comments,source_updated_at=EXCLUDED.source_updated_at;
INSERT INTO cameras(device_id,form_factor) VALUES ('morjsqbphpx1ea4i','bullet') ON CONFLICT (device_id) DO UPDATE SET form_factor=EXCLUDED.form_factor;
INSERT INTO cctv_devices (id,device_type,status,brand,model,serial_number,mac_address,asset_number,firmware,comments,source_updated_at) VALUES ('morjsqbp68gjewx7','camera',NULL,'Hikvision','DS-2CD2625FHWD-IZS','20171121AAWR128783092','B4:A3:82:49:D6:D6','PAT102652','V5.6.821',NULL,'2026-05-23T04:08:39.941Z') ON CONFLICT (id) DO UPDATE SET device_type=EXCLUDED.device_type,status=EXCLUDED.status,brand=EXCLUDED.brand,model=EXCLUDED.model,serial_number=EXCLUDED.serial_number,mac_address=EXCLUDED.mac_address,asset_number=EXCLUDED.asset_number,firmware=EXCLUDED.firmware,comments=EXCLUDED.comments,source_updated_at=EXCLUDED.source_updated_at;
INSERT INTO cameras(device_id,form_factor) VALUES ('morjsqbp68gjewx7','bullet') ON CONFLICT (device_id) DO UPDATE SET form_factor=EXCLUDED.form_factor;
INSERT INTO cctv_devices (id,device_type,status,brand,model,serial_number,mac_address,asset_number,firmware,comments,source_updated_at) VALUES ('morjsqbpmrbv4tv0','camera',NULL,'Hikvision','DS-2CD2625FHWD-IZS','20171121AAWR128783137','B4:A3:82:49:D7:03','PAT102621','V5.6.821',NULL,'2026-05-23T04:08:39.941Z') ON CONFLICT (id) DO UPDATE SET device_type=EXCLUDED.device_type,status=EXCLUDED.status,brand=EXCLUDED.brand,model=EXCLUDED.model,serial_number=EXCLUDED.serial_number,mac_address=EXCLUDED.mac_address,asset_number=EXCLUDED.asset_number,firmware=EXCLUDED.firmware,comments=EXCLUDED.comments,source_updated_at=EXCLUDED.source_updated_at;
INSERT INTO cameras(device_id,form_factor) VALUES ('morjsqbpmrbv4tv0','bullet') ON CONFLICT (device_id) DO UPDATE SET form_factor=EXCLUDED.form_factor;
INSERT INTO cctv_devices (id,device_type,status,brand,model,serial_number,mac_address,asset_number,firmware,comments,source_updated_at) VALUES ('morjsqbpnidh7jq1','camera',NULL,'Hikvision','DS-2CD2625FHWD-IZS','20171121AAWR128783148','B4:A3:82:49:D7:0E','PAT102608','V5.6.821',NULL,'2026-05-23T04:08:39.941Z') ON CONFLICT (id) DO UPDATE SET device_type=EXCLUDED.device_type,status=EXCLUDED.status,brand=EXCLUDED.brand,model=EXCLUDED.model,serial_number=EXCLUDED.serial_number,mac_address=EXCLUDED.mac_address,asset_number=EXCLUDED.asset_number,firmware=EXCLUDED.firmware,comments=EXCLUDED.comments,source_updated_at=EXCLUDED.source_updated_at;
INSERT INTO cameras(device_id,form_factor) VALUES ('morjsqbpnidh7jq1','bullet') ON CONFLICT (device_id) DO UPDATE SET form_factor=EXCLUDED.form_factor;
INSERT INTO cctv_devices (id,device_type,status,brand,model,serial_number,mac_address,asset_number,firmware,comments,source_updated_at) VALUES ('morjsqbp4ib04zo0','camera',NULL,'Hikvision','DS-2CD2625FHWD-IZS','20171121AAWR128783168','B4:A3:82:49:D7:22','PAT102606','V5.6.821',NULL,'2026-05-23T04:08:39.941Z') ON CONFLICT (id) DO UPDATE SET device_type=EXCLUDED.device_type,status=EXCLUDED.status,brand=EXCLUDED.brand,model=EXCLUDED.model,serial_number=EXCLUDED.serial_number,mac_address=EXCLUDED.mac_address,asset_number=EXCLUDED.asset_number,firmware=EXCLUDED.firmware,comments=EXCLUDED.comments,source_updated_at=EXCLUDED.source_updated_at;
INSERT INTO cameras(device_id,form_factor) VALUES ('morjsqbp4ib04zo0','bullet') ON CONFLICT (device_id) DO UPDATE SET form_factor=EXCLUDED.form_factor;
INSERT INTO cctv_devices (id,device_type,status,brand,model,serial_number,mac_address,asset_number,firmware,comments,source_updated_at) VALUES ('morjsqbp0ix32c5t','camera',NULL,'Hikvision','DS-2CD2625FHWD-IZS','20171121AAWR128783194','B4:A3:82:49:D7:3C','PAT102674','V5.6.821',NULL,'2026-05-23T04:08:39.941Z') ON CONFLICT (id) DO UPDATE SET device_type=EXCLUDED.device_type,status=EXCLUDED.status,brand=EXCLUDED.brand,model=EXCLUDED.model,serial_number=EXCLUDED.serial_number,mac_address=EXCLUDED.mac_address,asset_number=EXCLUDED.asset_number,firmware=EXCLUDED.firmware,comments=EXCLUDED.comments,source_updated_at=EXCLUDED.source_updated_at;
INSERT INTO cameras(device_id,form_factor) VALUES ('morjsqbp0ix32c5t','bullet') ON CONFLICT (device_id) DO UPDATE SET form_factor=EXCLUDED.form_factor;
INSERT INTO cctv_devices (id,device_type,status,brand,model,serial_number,mac_address,asset_number,firmware,comments,source_updated_at) VALUES ('morjsqbp3h3bkj81','camera',NULL,'Hikvision','DS-2CD2625FHWD-IZS','20171121AAWR128783265','B4:A3:82:49:D7:83','PAT102675','V5.6.821',NULL,'2026-05-23T04:08:39.941Z') ON CONFLICT (id) DO UPDATE SET device_type=EXCLUDED.device_type,status=EXCLUDED.status,brand=EXCLUDED.brand,model=EXCLUDED.model,serial_number=EXCLUDED.serial_number,mac_address=EXCLUDED.mac_address,asset_number=EXCLUDED.asset_number,firmware=EXCLUDED.firmware,comments=EXCLUDED.comments,source_updated_at=EXCLUDED.source_updated_at;
INSERT INTO cameras(device_id,form_factor) VALUES ('morjsqbp3h3bkj81','bullet') ON CONFLICT (device_id) DO UPDATE SET form_factor=EXCLUDED.form_factor;
INSERT INTO cctv_devices (id,device_type,status,brand,model,serial_number,mac_address,asset_number,firmware,comments,source_updated_at) VALUES ('morjsqbpr3y5evpk','camera',NULL,'Hikvision','DS-2CD2625FHWD-IZS','20171121AAWR128783282','B4:A3:82:49:D7:94','PAT102653','V5.6.821',NULL,'2026-05-23T04:08:39.941Z') ON CONFLICT (id) DO UPDATE SET device_type=EXCLUDED.device_type,status=EXCLUDED.status,brand=EXCLUDED.brand,model=EXCLUDED.model,serial_number=EXCLUDED.serial_number,mac_address=EXCLUDED.mac_address,asset_number=EXCLUDED.asset_number,firmware=EXCLUDED.firmware,comments=EXCLUDED.comments,source_updated_at=EXCLUDED.source_updated_at;
INSERT INTO cameras(device_id,form_factor) VALUES ('morjsqbpr3y5evpk','bullet') ON CONFLICT (device_id) DO UPDATE SET form_factor=EXCLUDED.form_factor;
INSERT INTO cctv_devices (id,device_type,status,brand,model,serial_number,mac_address,asset_number,firmware,comments,source_updated_at) VALUES ('morjsqbphnt7v4ua','camera',NULL,'Hikvision','DS-2CD2625FHWD-IZS','20171121AAWR128783398','B4:A3:82:49:D8:08','PAT102651','V5.6.820',NULL,'2026-05-23T04:08:39.941Z') ON CONFLICT (id) DO UPDATE SET device_type=EXCLUDED.device_type,status=EXCLUDED.status,brand=EXCLUDED.brand,model=EXCLUDED.model,serial_number=EXCLUDED.serial_number,mac_address=EXCLUDED.mac_address,asset_number=EXCLUDED.asset_number,firmware=EXCLUDED.firmware,comments=EXCLUDED.comments,source_updated_at=EXCLUDED.source_updated_at;
INSERT INTO cameras(device_id,form_factor) VALUES ('morjsqbphnt7v4ua','bullet') ON CONFLICT (device_id) DO UPDATE SET form_factor=EXCLUDED.form_factor;
INSERT INTO cctv_devices (id,device_type,status,brand,model,serial_number,mac_address,asset_number,firmware,comments,source_updated_at) VALUES ('morjsqbp1g9rev6r','camera',NULL,'Hikvision','DS-2CD2625FHWD-IZS','20171121AAWR128783454','B4:A3:82:49:D8:40','PAT102702','V5.6.821',NULL,'2026-05-23T04:08:39.941Z') ON CONFLICT (id) DO UPDATE SET device_type=EXCLUDED.device_type,status=EXCLUDED.status,brand=EXCLUDED.brand,model=EXCLUDED.model,serial_number=EXCLUDED.serial_number,mac_address=EXCLUDED.mac_address,asset_number=EXCLUDED.asset_number,firmware=EXCLUDED.firmware,comments=EXCLUDED.comments,source_updated_at=EXCLUDED.source_updated_at;
INSERT INTO cameras(device_id,form_factor) VALUES ('morjsqbp1g9rev6r','bullet') ON CONFLICT (device_id) DO UPDATE SET form_factor=EXCLUDED.form_factor;
INSERT INTO cctv_devices (id,device_type,status,brand,model,serial_number,mac_address,asset_number,firmware,comments,source_updated_at) VALUES ('morjsqbp1wi67oai','camera',NULL,'Hikvision','DS-2CD2625FHWD-IZS','20171121AAWR128783458','B4:A3:82:49:D8:44','PAT102605','V5.6.821',NULL,'2026-05-23T04:08:39.941Z') ON CONFLICT (id) DO UPDATE SET device_type=EXCLUDED.device_type,status=EXCLUDED.status,brand=EXCLUDED.brand,model=EXCLUDED.model,serial_number=EXCLUDED.serial_number,mac_address=EXCLUDED.mac_address,asset_number=EXCLUDED.asset_number,firmware=EXCLUDED.firmware,comments=EXCLUDED.comments,source_updated_at=EXCLUDED.source_updated_at;
INSERT INTO cameras(device_id,form_factor) VALUES ('morjsqbp1wi67oai','bullet') ON CONFLICT (device_id) DO UPDATE SET form_factor=EXCLUDED.form_factor;
INSERT INTO cctv_devices (id,device_type,status,brand,model,serial_number,mac_address,asset_number,firmware,comments,source_updated_at) VALUES ('morjsqbpyen1lwg4','camera',NULL,'Hikvision','DS-2CD2625FHWD-IZS','20171121AAWR128783475','B4:A3:82:49:D8:55','PAT102692','V5.6.821',NULL,'2026-05-23T04:08:39.941Z') ON CONFLICT (id) DO UPDATE SET device_type=EXCLUDED.device_type,status=EXCLUDED.status,brand=EXCLUDED.brand,model=EXCLUDED.model,serial_number=EXCLUDED.serial_number,mac_address=EXCLUDED.mac_address,asset_number=EXCLUDED.asset_number,firmware=EXCLUDED.firmware,comments=EXCLUDED.comments,source_updated_at=EXCLUDED.source_updated_at;
INSERT INTO cameras(device_id,form_factor) VALUES ('morjsqbpyen1lwg4','bullet') ON CONFLICT (device_id) DO UPDATE SET form_factor=EXCLUDED.form_factor;
INSERT INTO cctv_devices (id,device_type,status,brand,model,serial_number,mac_address,asset_number,firmware,comments,source_updated_at) VALUES ('morjsqbpnqtozdpe','camera',NULL,'Hikvision','DS-2CD2625FHWD-IZS','20171121AAWR128783476','B4:A3:82:49:D8:56','PAT102654','V5.6.821',NULL,'2026-05-23T04:08:39.941Z') ON CONFLICT (id) DO UPDATE SET device_type=EXCLUDED.device_type,status=EXCLUDED.status,brand=EXCLUDED.brand,model=EXCLUDED.model,serial_number=EXCLUDED.serial_number,mac_address=EXCLUDED.mac_address,asset_number=EXCLUDED.asset_number,firmware=EXCLUDED.firmware,comments=EXCLUDED.comments,source_updated_at=EXCLUDED.source_updated_at;
INSERT INTO cameras(device_id,form_factor) VALUES ('morjsqbpnqtozdpe','bullet') ON CONFLICT (device_id) DO UPDATE SET form_factor=EXCLUDED.form_factor;
INSERT INTO cctv_devices (id,device_type,status,brand,model,serial_number,mac_address,asset_number,firmware,comments,source_updated_at) VALUES ('morjsqbprgtlruci','camera',NULL,'Hikvision','DS-2CD2625FHWD-IZS','20171121AAWR128783503','B4:A3:82:49:D8:71','PAT102587','V5.6.821',NULL,'2026-05-23T04:08:39.941Z') ON CONFLICT (id) DO UPDATE SET device_type=EXCLUDED.device_type,status=EXCLUDED.status,brand=EXCLUDED.brand,model=EXCLUDED.model,serial_number=EXCLUDED.serial_number,mac_address=EXCLUDED.mac_address,asset_number=EXCLUDED.asset_number,firmware=EXCLUDED.firmware,comments=EXCLUDED.comments,source_updated_at=EXCLUDED.source_updated_at;
INSERT INTO cameras(device_id,form_factor) VALUES ('morjsqbprgtlruci','bullet') ON CONFLICT (device_id) DO UPDATE SET form_factor=EXCLUDED.form_factor;
INSERT INTO cctv_devices (id,device_type,status,brand,model,serial_number,mac_address,asset_number,firmware,comments,source_updated_at) VALUES ('morjsqbpx5ltsouk','camera',NULL,'Hikvision','DS-2CD2625FHWD-IZS','20171121AAWR128783515','B4:A3:82:49:D8:7D','PAT102724','V5.6.821',NULL,'2026-06-04T19:32:49.842Z') ON CONFLICT (id) DO UPDATE SET device_type=EXCLUDED.device_type,status=EXCLUDED.status,brand=EXCLUDED.brand,model=EXCLUDED.model,serial_number=EXCLUDED.serial_number,mac_address=EXCLUDED.mac_address,asset_number=EXCLUDED.asset_number,firmware=EXCLUDED.firmware,comments=EXCLUDED.comments,source_updated_at=EXCLUDED.source_updated_at;
INSERT INTO cameras(device_id,form_factor) VALUES ('morjsqbpx5ltsouk','bullet') ON CONFLICT (device_id) DO UPDATE SET form_factor=EXCLUDED.form_factor;
INSERT INTO cctv_devices (id,device_type,status,brand,model,serial_number,mac_address,asset_number,firmware,comments,source_updated_at) VALUES ('morjsqbp23zt30nb','camera',NULL,'Hikvision','DS-2CD2625FHWD-IZS','20171122AAWR128783600','B4:A3:82:49:D8:D2','PAT102598','V5.6.821',NULL,'2026-05-23T04:08:39.941Z') ON CONFLICT (id) DO UPDATE SET device_type=EXCLUDED.device_type,status=EXCLUDED.status,brand=EXCLUDED.brand,model=EXCLUDED.model,serial_number=EXCLUDED.serial_number,mac_address=EXCLUDED.mac_address,asset_number=EXCLUDED.asset_number,firmware=EXCLUDED.firmware,comments=EXCLUDED.comments,source_updated_at=EXCLUDED.source_updated_at;
INSERT INTO cameras(device_id,form_factor) VALUES ('morjsqbp23zt30nb','bullet') ON CONFLICT (device_id) DO UPDATE SET form_factor=EXCLUDED.form_factor;
INSERT INTO cctv_devices (id,device_type,status,brand,model,serial_number,mac_address,asset_number,firmware,comments,source_updated_at) VALUES ('morjsqbpv0yby8ad','camera',NULL,'Hikvision','DS-2CD2625FHWD-IZS','20171122AAWR128783621','B4:A3:82:49:D8:E7','PAT102596','V5.6.821',NULL,'2026-05-23T04:08:39.941Z') ON CONFLICT (id) DO UPDATE SET device_type=EXCLUDED.device_type,status=EXCLUDED.status,brand=EXCLUDED.brand,model=EXCLUDED.model,serial_number=EXCLUDED.serial_number,mac_address=EXCLUDED.mac_address,asset_number=EXCLUDED.asset_number,firmware=EXCLUDED.firmware,comments=EXCLUDED.comments,source_updated_at=EXCLUDED.source_updated_at;
INSERT INTO cameras(device_id,form_factor) VALUES ('morjsqbpv0yby8ad','bullet') ON CONFLICT (device_id) DO UPDATE SET form_factor=EXCLUDED.form_factor;
INSERT INTO cctv_devices (id,device_type,status,brand,model,serial_number,mac_address,asset_number,firmware,comments,source_updated_at) VALUES ('morjsqbpaywdl19x','camera',NULL,'Hikvision','DS-2CD2625FHWD-IZS','20171122AAWR128783637','B4:A3:82:49:D8:F7','PAT102597','V5.6.821',NULL,'2026-05-23T04:08:39.941Z') ON CONFLICT (id) DO UPDATE SET device_type=EXCLUDED.device_type,status=EXCLUDED.status,brand=EXCLUDED.brand,model=EXCLUDED.model,serial_number=EXCLUDED.serial_number,mac_address=EXCLUDED.mac_address,asset_number=EXCLUDED.asset_number,firmware=EXCLUDED.firmware,comments=EXCLUDED.comments,source_updated_at=EXCLUDED.source_updated_at;
INSERT INTO cameras(device_id,form_factor) VALUES ('morjsqbpaywdl19x','bullet') ON CONFLICT (device_id) DO UPDATE SET form_factor=EXCLUDED.form_factor;
INSERT INTO cctv_devices (id,device_type,status,brand,model,serial_number,mac_address,asset_number,firmware,comments,source_updated_at) VALUES ('morjsqbprfz0tyij','camera',NULL,'Hikvision','DS-2CD2625FHWD-IZS','20171122AAWR128783644','B4:A3:82:49:D8:FE','PAT102588','V5.6.821',NULL,'2026-05-23T04:08:39.941Z') ON CONFLICT (id) DO UPDATE SET device_type=EXCLUDED.device_type,status=EXCLUDED.status,brand=EXCLUDED.brand,model=EXCLUDED.model,serial_number=EXCLUDED.serial_number,mac_address=EXCLUDED.mac_address,asset_number=EXCLUDED.asset_number,firmware=EXCLUDED.firmware,comments=EXCLUDED.comments,source_updated_at=EXCLUDED.source_updated_at;
INSERT INTO cameras(device_id,form_factor) VALUES ('morjsqbprfz0tyij','bullet') ON CONFLICT (device_id) DO UPDATE SET form_factor=EXCLUDED.form_factor;
INSERT INTO cctv_devices (id,device_type,status,brand,model,serial_number,mac_address,asset_number,firmware,comments,source_updated_at) VALUES ('morjsqbpx0iglu0l','camera',NULL,'Hikvision','DS-2CD2625FHWD-IZS','20171122AAWR128783684','B4:A3:82:49:D9:26','PAT102722','V5.6.821',NULL,'2026-05-23T04:08:39.941Z') ON CONFLICT (id) DO UPDATE SET device_type=EXCLUDED.device_type,status=EXCLUDED.status,brand=EXCLUDED.brand,model=EXCLUDED.model,serial_number=EXCLUDED.serial_number,mac_address=EXCLUDED.mac_address,asset_number=EXCLUDED.asset_number,firmware=EXCLUDED.firmware,comments=EXCLUDED.comments,source_updated_at=EXCLUDED.source_updated_at;
INSERT INTO cameras(device_id,form_factor) VALUES ('morjsqbpx0iglu0l','bullet') ON CONFLICT (device_id) DO UPDATE SET form_factor=EXCLUDED.form_factor;
INSERT INTO cctv_devices (id,device_type,status,brand,model,serial_number,mac_address,asset_number,firmware,comments,source_updated_at) VALUES ('morjsqbp9daf80ux','camera',NULL,'Hikvision','DS-2CD2625FHWD-IZS','20171122AAWR128783685','B4:A3:82:49:D9:27','PAT102657','V5.6.821',NULL,'2026-05-23T04:08:39.941Z') ON CONFLICT (id) DO UPDATE SET device_type=EXCLUDED.device_type,status=EXCLUDED.status,brand=EXCLUDED.brand,model=EXCLUDED.model,serial_number=EXCLUDED.serial_number,mac_address=EXCLUDED.mac_address,asset_number=EXCLUDED.asset_number,firmware=EXCLUDED.firmware,comments=EXCLUDED.comments,source_updated_at=EXCLUDED.source_updated_at;
INSERT INTO cameras(device_id,form_factor) VALUES ('morjsqbp9daf80ux','bullet') ON CONFLICT (device_id) DO UPDATE SET form_factor=EXCLUDED.form_factor;
INSERT INTO cctv_devices (id,device_type,status,brand,model,serial_number,mac_address,asset_number,firmware,comments,source_updated_at) VALUES ('morjsqbp8pnaarhk','camera',NULL,'Hikvision','DS-2CD2625FHWD-IZS','20171122AAWR128783690','B4:A3:82:49:D9:2C','PAT102725','V5.6.821',NULL,'2026-05-23T04:08:39.941Z') ON CONFLICT (id) DO UPDATE SET device_type=EXCLUDED.device_type,status=EXCLUDED.status,brand=EXCLUDED.brand,model=EXCLUDED.model,serial_number=EXCLUDED.serial_number,mac_address=EXCLUDED.mac_address,asset_number=EXCLUDED.asset_number,firmware=EXCLUDED.firmware,comments=EXCLUDED.comments,source_updated_at=EXCLUDED.source_updated_at;
INSERT INTO cameras(device_id,form_factor) VALUES ('morjsqbp8pnaarhk','bullet') ON CONFLICT (device_id) DO UPDATE SET form_factor=EXCLUDED.form_factor;
INSERT INTO cctv_devices (id,device_type,status,brand,model,serial_number,mac_address,asset_number,firmware,comments,source_updated_at) VALUES ('morjsqbpsgnx4qrh','camera',NULL,'Hikvision','DS-2CD2625FHWD-IZS','20171122AAWR128783692','B4:A3:82:49:D9:2E','PAT102617','V5.6.821',NULL,'2026-05-23T04:08:39.941Z') ON CONFLICT (id) DO UPDATE SET device_type=EXCLUDED.device_type,status=EXCLUDED.status,brand=EXCLUDED.brand,model=EXCLUDED.model,serial_number=EXCLUDED.serial_number,mac_address=EXCLUDED.mac_address,asset_number=EXCLUDED.asset_number,firmware=EXCLUDED.firmware,comments=EXCLUDED.comments,source_updated_at=EXCLUDED.source_updated_at;
INSERT INTO cameras(device_id,form_factor) VALUES ('morjsqbpsgnx4qrh','bullet') ON CONFLICT (device_id) DO UPDATE SET form_factor=EXCLUDED.form_factor;
INSERT INTO cctv_devices (id,device_type,status,brand,model,serial_number,mac_address,asset_number,firmware,comments,source_updated_at) VALUES ('morjsqbp9d2ea7e3','camera',NULL,'Hikvision','DS-2CD2625FHWD-IZS','20171122AAWR128783696','B4:A3:82:49:D9:32','PAT102726','V5.6.821',NULL,'2026-05-23T04:08:39.941Z') ON CONFLICT (id) DO UPDATE SET device_type=EXCLUDED.device_type,status=EXCLUDED.status,brand=EXCLUDED.brand,model=EXCLUDED.model,serial_number=EXCLUDED.serial_number,mac_address=EXCLUDED.mac_address,asset_number=EXCLUDED.asset_number,firmware=EXCLUDED.firmware,comments=EXCLUDED.comments,source_updated_at=EXCLUDED.source_updated_at;
INSERT INTO cameras(device_id,form_factor) VALUES ('morjsqbp9d2ea7e3','bullet') ON CONFLICT (device_id) DO UPDATE SET form_factor=EXCLUDED.form_factor;
INSERT INTO cctv_devices (id,device_type,status,brand,model,serial_number,mac_address,asset_number,firmware,comments,source_updated_at) VALUES ('morjsqbpzc2703g5','camera',NULL,'Hikvision','DS-2CD2625FHWD-IZS','20171122AAWR128783700','B4:A3:82:49:D9:36','PAT102659','V5.6.821',NULL,'2026-05-23T04:08:39.941Z') ON CONFLICT (id) DO UPDATE SET device_type=EXCLUDED.device_type,status=EXCLUDED.status,brand=EXCLUDED.brand,model=EXCLUDED.model,serial_number=EXCLUDED.serial_number,mac_address=EXCLUDED.mac_address,asset_number=EXCLUDED.asset_number,firmware=EXCLUDED.firmware,comments=EXCLUDED.comments,source_updated_at=EXCLUDED.source_updated_at;
INSERT INTO cameras(device_id,form_factor) VALUES ('morjsqbpzc2703g5','bullet') ON CONFLICT (device_id) DO UPDATE SET form_factor=EXCLUDED.form_factor;
INSERT INTO cctv_devices (id,device_type,status,brand,model,serial_number,mac_address,asset_number,firmware,comments,source_updated_at) VALUES ('morjsqbp8cd5trgj','camera',NULL,'Hikvision','DS-2CD2625FHWD-IZS','20171122AAWR128783705','B4:A3:82:49:D9:3B','PAT102658','V5.6.821',NULL,'2026-05-23T04:08:39.941Z') ON CONFLICT (id) DO UPDATE SET device_type=EXCLUDED.device_type,status=EXCLUDED.status,brand=EXCLUDED.brand,model=EXCLUDED.model,serial_number=EXCLUDED.serial_number,mac_address=EXCLUDED.mac_address,asset_number=EXCLUDED.asset_number,firmware=EXCLUDED.firmware,comments=EXCLUDED.comments,source_updated_at=EXCLUDED.source_updated_at;
INSERT INTO cameras(device_id,form_factor) VALUES ('morjsqbp8cd5trgj','bullet') ON CONFLICT (device_id) DO UPDATE SET form_factor=EXCLUDED.form_factor;
INSERT INTO cctv_devices (id,device_type,status,brand,model,serial_number,mac_address,asset_number,firmware,comments,source_updated_at) VALUES ('morjsqbp0rt7p8qi','camera',NULL,'Hikvision','DS-2CD2625FHWD-IZS','20171122AAWR128783707','B4:A3:82:49:D9:3D','PAT102616','V5.6.821',NULL,'2026-05-23T04:08:39.941Z') ON CONFLICT (id) DO UPDATE SET device_type=EXCLUDED.device_type,status=EXCLUDED.status,brand=EXCLUDED.brand,model=EXCLUDED.model,serial_number=EXCLUDED.serial_number,mac_address=EXCLUDED.mac_address,asset_number=EXCLUDED.asset_number,firmware=EXCLUDED.firmware,comments=EXCLUDED.comments,source_updated_at=EXCLUDED.source_updated_at;
INSERT INTO cameras(device_id,form_factor) VALUES ('morjsqbp0rt7p8qi','bullet') ON CONFLICT (device_id) DO UPDATE SET form_factor=EXCLUDED.form_factor;
INSERT INTO cctv_devices (id,device_type,status,brand,model,serial_number,mac_address,asset_number,firmware,comments,source_updated_at) VALUES ('morjsqbp9k6fjjgo','camera',NULL,'Hikvision','DS-2CD2625FHWD-IZS','20171122AAWR128783718','B4:A3:82:49:D9:48','PAT102661','V5.6.821',NULL,'2026-05-23T04:08:39.941Z') ON CONFLICT (id) DO UPDATE SET device_type=EXCLUDED.device_type,status=EXCLUDED.status,brand=EXCLUDED.brand,model=EXCLUDED.model,serial_number=EXCLUDED.serial_number,mac_address=EXCLUDED.mac_address,asset_number=EXCLUDED.asset_number,firmware=EXCLUDED.firmware,comments=EXCLUDED.comments,source_updated_at=EXCLUDED.source_updated_at;
INSERT INTO cameras(device_id,form_factor) VALUES ('morjsqbp9k6fjjgo','bullet') ON CONFLICT (device_id) DO UPDATE SET form_factor=EXCLUDED.form_factor;
INSERT INTO cctv_devices (id,device_type,status,brand,model,serial_number,mac_address,asset_number,firmware,comments,source_updated_at) VALUES ('morjsqbp1snbahod','camera',NULL,'Hikvision','DS-2CD2625FHWD-IZS','20171122AAWR128783727','B4:A3:82:49:D9:51','PAT102703','V5.6.821',NULL,'2026-05-23T04:08:39.941Z') ON CONFLICT (id) DO UPDATE SET device_type=EXCLUDED.device_type,status=EXCLUDED.status,brand=EXCLUDED.brand,model=EXCLUDED.model,serial_number=EXCLUDED.serial_number,mac_address=EXCLUDED.mac_address,asset_number=EXCLUDED.asset_number,firmware=EXCLUDED.firmware,comments=EXCLUDED.comments,source_updated_at=EXCLUDED.source_updated_at;
INSERT INTO cameras(device_id,form_factor) VALUES ('morjsqbp1snbahod','bullet') ON CONFLICT (device_id) DO UPDATE SET form_factor=EXCLUDED.form_factor;
INSERT INTO cctv_devices (id,device_type,status,brand,model,serial_number,mac_address,asset_number,firmware,comments,source_updated_at) VALUES ('morjsqbpzeyl69sf','camera',NULL,'Hikvision','DS-2CD2625FHWD-IZS','20171122AAWR128783738','B4:A3:82:49:D9:5C','PAT102673','V5.6.821',NULL,'2026-05-23T04:08:39.941Z') ON CONFLICT (id) DO UPDATE SET device_type=EXCLUDED.device_type,status=EXCLUDED.status,brand=EXCLUDED.brand,model=EXCLUDED.model,serial_number=EXCLUDED.serial_number,mac_address=EXCLUDED.mac_address,asset_number=EXCLUDED.asset_number,firmware=EXCLUDED.firmware,comments=EXCLUDED.comments,source_updated_at=EXCLUDED.source_updated_at;
INSERT INTO cameras(device_id,form_factor) VALUES ('morjsqbpzeyl69sf','bullet') ON CONFLICT (device_id) DO UPDATE SET form_factor=EXCLUDED.form_factor;
INSERT INTO cctv_devices (id,device_type,status,brand,model,serial_number,mac_address,asset_number,firmware,comments,source_updated_at) VALUES ('morjsqbp4t0g9ar8','camera',NULL,'Hikvision','DS-2CD2625FHWD-IZS','20171122AAWR128783741','B4:A3:82:49:D9:5F','PAT102694','V5.6.821',NULL,'2026-05-23T04:08:39.941Z') ON CONFLICT (id) DO UPDATE SET device_type=EXCLUDED.device_type,status=EXCLUDED.status,brand=EXCLUDED.brand,model=EXCLUDED.model,serial_number=EXCLUDED.serial_number,mac_address=EXCLUDED.mac_address,asset_number=EXCLUDED.asset_number,firmware=EXCLUDED.firmware,comments=EXCLUDED.comments,source_updated_at=EXCLUDED.source_updated_at;
INSERT INTO cameras(device_id,form_factor) VALUES ('morjsqbp4t0g9ar8','bullet') ON CONFLICT (device_id) DO UPDATE SET form_factor=EXCLUDED.form_factor;
INSERT INTO cctv_devices (id,device_type,status,brand,model,serial_number,mac_address,asset_number,firmware,comments,source_updated_at) VALUES ('morjsqbppya4wp5d','camera',NULL,'Hikvision','DS-2CD2625FHWD-IZS','20171122AAWR128783795','B4:A3:82:49:D9:95','PAT102660','V5.6.821',NULL,'2026-05-23T04:08:39.941Z') ON CONFLICT (id) DO UPDATE SET device_type=EXCLUDED.device_type,status=EXCLUDED.status,brand=EXCLUDED.brand,model=EXCLUDED.model,serial_number=EXCLUDED.serial_number,mac_address=EXCLUDED.mac_address,asset_number=EXCLUDED.asset_number,firmware=EXCLUDED.firmware,comments=EXCLUDED.comments,source_updated_at=EXCLUDED.source_updated_at;
INSERT INTO cameras(device_id,form_factor) VALUES ('morjsqbppya4wp5d','bullet') ON CONFLICT (device_id) DO UPDATE SET form_factor=EXCLUDED.form_factor;
INSERT INTO cctv_devices (id,device_type,status,brand,model,serial_number,mac_address,asset_number,firmware,comments,source_updated_at) VALUES ('morjsqbpi976bqpt','camera',NULL,'Hikvision','DS-2CD2625FHWD-IZS','20171122AAWR128783801','B4:A3:82:49:D9:9B','PAT102723','V5.6.821',NULL,'2026-05-23T04:08:39.941Z') ON CONFLICT (id) DO UPDATE SET device_type=EXCLUDED.device_type,status=EXCLUDED.status,brand=EXCLUDED.brand,model=EXCLUDED.model,serial_number=EXCLUDED.serial_number,mac_address=EXCLUDED.mac_address,asset_number=EXCLUDED.asset_number,firmware=EXCLUDED.firmware,comments=EXCLUDED.comments,source_updated_at=EXCLUDED.source_updated_at;
INSERT INTO cameras(device_id,form_factor) VALUES ('morjsqbpi976bqpt','bullet') ON CONFLICT (device_id) DO UPDATE SET form_factor=EXCLUDED.form_factor;
INSERT INTO cctv_devices (id,device_type,status,brand,model,serial_number,mac_address,asset_number,firmware,comments,source_updated_at) VALUES ('morjsqbpkn1wlaw1','camera',NULL,'Hikvision','DS-2CD2625FHWD-IZS','20171122AAWR128783805','B4:A3:82:49:D9:9F','PAT102599','V5.6.821',NULL,'2026-05-23T04:08:39.941Z') ON CONFLICT (id) DO UPDATE SET device_type=EXCLUDED.device_type,status=EXCLUDED.status,brand=EXCLUDED.brand,model=EXCLUDED.model,serial_number=EXCLUDED.serial_number,mac_address=EXCLUDED.mac_address,asset_number=EXCLUDED.asset_number,firmware=EXCLUDED.firmware,comments=EXCLUDED.comments,source_updated_at=EXCLUDED.source_updated_at;
INSERT INTO cameras(device_id,form_factor) VALUES ('morjsqbpkn1wlaw1','bullet') ON CONFLICT (device_id) DO UPDATE SET form_factor=EXCLUDED.form_factor;
INSERT INTO cctv_devices (id,device_type,status,brand,model,serial_number,mac_address,asset_number,firmware,comments,source_updated_at) VALUES ('morjsqbq1icqzr8l','camera',NULL,'Hikvision','DS-2DF6A236X-AEL','20171126CCWR135466000X','B4:A3:82:5D:AA:57','PAT100571','V5.5.5',NULL,'2026-05-23T04:08:39.941Z') ON CONFLICT (id) DO UPDATE SET device_type=EXCLUDED.device_type,status=EXCLUDED.status,brand=EXCLUDED.brand,model=EXCLUDED.model,serial_number=EXCLUDED.serial_number,mac_address=EXCLUDED.mac_address,asset_number=EXCLUDED.asset_number,firmware=EXCLUDED.firmware,comments=EXCLUDED.comments,source_updated_at=EXCLUDED.source_updated_at;
INSERT INTO cameras(device_id,form_factor) VALUES ('morjsqbq1icqzr8l','domo-ptz') ON CONFLICT (device_id) DO UPDATE SET form_factor=EXCLUDED.form_factor;
INSERT INTO cctv_devices (id,device_type,status,brand,model,serial_number,mac_address,asset_number,firmware,comments,source_updated_at) VALUES ('morjsqbqlefaiq8y','camera',NULL,'Hikvision','DS-2DF6A236X-AEL','20171126CCWR135466004X','B4:A3:82:5D:AA:5B','PAT102573','V5.5.5',NULL,'2026-05-23T04:08:39.941Z') ON CONFLICT (id) DO UPDATE SET device_type=EXCLUDED.device_type,status=EXCLUDED.status,brand=EXCLUDED.brand,model=EXCLUDED.model,serial_number=EXCLUDED.serial_number,mac_address=EXCLUDED.mac_address,asset_number=EXCLUDED.asset_number,firmware=EXCLUDED.firmware,comments=EXCLUDED.comments,source_updated_at=EXCLUDED.source_updated_at;
INSERT INTO cameras(device_id,form_factor) VALUES ('morjsqbqlefaiq8y','domo-ptz') ON CONFLICT (device_id) DO UPDATE SET form_factor=EXCLUDED.form_factor;
INSERT INTO cctv_devices (id,device_type,status,brand,model,serial_number,mac_address,asset_number,firmware,comments,source_updated_at) VALUES ('morjsqbqqi22zzuq','camera',NULL,'Hikvision','DS-2DF6A236X-AEL','20171126CCWR135466036X','B4:A3:82:5D:AA:7B','PAT102570','V5.5.5',NULL,'2026-05-23T04:08:39.941Z') ON CONFLICT (id) DO UPDATE SET device_type=EXCLUDED.device_type,status=EXCLUDED.status,brand=EXCLUDED.brand,model=EXCLUDED.model,serial_number=EXCLUDED.serial_number,mac_address=EXCLUDED.mac_address,asset_number=EXCLUDED.asset_number,firmware=EXCLUDED.firmware,comments=EXCLUDED.comments,source_updated_at=EXCLUDED.source_updated_at;
INSERT INTO cameras(device_id,form_factor) VALUES ('morjsqbqqi22zzuq','domo-ptz') ON CONFLICT (device_id) DO UPDATE SET form_factor=EXCLUDED.form_factor;
INSERT INTO cctv_devices (id,device_type,status,brand,model,serial_number,mac_address,asset_number,firmware,comments,source_updated_at) VALUES ('morjsqbqgzyow495','camera',NULL,'Hikvision','DS-2CD2020-I','20160329AAWR585767249','BC:AD:28:0C:FC:64','51975','V5.3.0',NULL,'2026-05-23T04:08:39.941Z') ON CONFLICT (id) DO UPDATE SET device_type=EXCLUDED.device_type,status=EXCLUDED.status,brand=EXCLUDED.brand,model=EXCLUDED.model,serial_number=EXCLUDED.serial_number,mac_address=EXCLUDED.mac_address,asset_number=EXCLUDED.asset_number,firmware=EXCLUDED.firmware,comments=EXCLUDED.comments,source_updated_at=EXCLUDED.source_updated_at;
INSERT INTO cameras(device_id,form_factor) VALUES ('morjsqbqgzyow495','minibullet') ON CONFLICT (device_id) DO UPDATE SET form_factor=EXCLUDED.form_factor;
INSERT INTO cctv_devices (id,device_type,status,brand,model,serial_number,mac_address,asset_number,firmware,comments,source_updated_at) VALUES ('morjsqbqc1gi0inh','camera',NULL,'Hikvision','DS-2CD2020-I','20160329AAWR585767520','BC:AD:28:0C:FD:73','51976','V5.3.0',NULL,'2026-05-23T04:08:39.941Z') ON CONFLICT (id) DO UPDATE SET device_type=EXCLUDED.device_type,status=EXCLUDED.status,brand=EXCLUDED.brand,model=EXCLUDED.model,serial_number=EXCLUDED.serial_number,mac_address=EXCLUDED.mac_address,asset_number=EXCLUDED.asset_number,firmware=EXCLUDED.firmware,comments=EXCLUDED.comments,source_updated_at=EXCLUDED.source_updated_at;
INSERT INTO cameras(device_id,form_factor) VALUES ('morjsqbqc1gi0inh','minibullet') ON CONFLICT (device_id) DO UPDATE SET form_factor=EXCLUDED.form_factor;
INSERT INTO cctv_devices (id,device_type,status,brand,model,serial_number,mac_address,asset_number,firmware,comments,source_updated_at) VALUES ('morjsqbq50kifcqz','camera',NULL,'Hikvision','DS-2CD2020-I','20160329AAWR585767583','BC:AD:28:0C:FD:B2','51986','V5.3.0',NULL,'2026-05-23T04:08:39.941Z') ON CONFLICT (id) DO UPDATE SET device_type=EXCLUDED.device_type,status=EXCLUDED.status,brand=EXCLUDED.brand,model=EXCLUDED.model,serial_number=EXCLUDED.serial_number,mac_address=EXCLUDED.mac_address,asset_number=EXCLUDED.asset_number,firmware=EXCLUDED.firmware,comments=EXCLUDED.comments,source_updated_at=EXCLUDED.source_updated_at;
INSERT INTO cameras(device_id,form_factor) VALUES ('morjsqbq50kifcqz','minibullet') ON CONFLICT (device_id) DO UPDATE SET form_factor=EXCLUDED.form_factor;
INSERT INTO cctv_devices (id,device_type,status,brand,model,serial_number,mac_address,asset_number,firmware,comments,source_updated_at) VALUES ('morjsqbqxct2pt30','camera',NULL,'Hikvision','DS-2CD2020-I','20160329AAWR585767681','BC:AD:28:0C:FE:14','PAT68233','V5.3.0',NULL,'2026-05-23T04:08:39.941Z') ON CONFLICT (id) DO UPDATE SET device_type=EXCLUDED.device_type,status=EXCLUDED.status,brand=EXCLUDED.brand,model=EXCLUDED.model,serial_number=EXCLUDED.serial_number,mac_address=EXCLUDED.mac_address,asset_number=EXCLUDED.asset_number,firmware=EXCLUDED.firmware,comments=EXCLUDED.comments,source_updated_at=EXCLUDED.source_updated_at;
INSERT INTO cameras(device_id,form_factor) VALUES ('morjsqbqxct2pt30','minibullet') ON CONFLICT (device_id) DO UPDATE SET form_factor=EXCLUDED.form_factor;
INSERT INTO cctv_devices (id,device_type,status,brand,model,serial_number,mac_address,asset_number,firmware,comments,source_updated_at) VALUES ('morjsqbqc006akym','camera',NULL,'Hikvision','DS-2CD2020-I','20160329AAWR585767693','BC:AD:28:0C:FE:20','PAT59848','V5.3.0',NULL,'2026-05-23T04:08:39.941Z') ON CONFLICT (id) DO UPDATE SET device_type=EXCLUDED.device_type,status=EXCLUDED.status,brand=EXCLUDED.brand,model=EXCLUDED.model,serial_number=EXCLUDED.serial_number,mac_address=EXCLUDED.mac_address,asset_number=EXCLUDED.asset_number,firmware=EXCLUDED.firmware,comments=EXCLUDED.comments,source_updated_at=EXCLUDED.source_updated_at;
INSERT INTO cameras(device_id,form_factor) VALUES ('morjsqbqc006akym','minibullet') ON CONFLICT (device_id) DO UPDATE SET form_factor=EXCLUDED.form_factor;
INSERT INTO cctv_devices (id,device_type,status,brand,model,serial_number,mac_address,asset_number,firmware,comments,source_updated_at) VALUES ('morjsqbqecmqy2m1','camera',NULL,'Hikvision','DS-2CD2020-I','20160330AAWR585767960','BC:AD:28:0C:FF:2B','51979','V5.3.0',NULL,'2026-05-23T04:08:39.941Z') ON CONFLICT (id) DO UPDATE SET device_type=EXCLUDED.device_type,status=EXCLUDED.status,brand=EXCLUDED.brand,model=EXCLUDED.model,serial_number=EXCLUDED.serial_number,mac_address=EXCLUDED.mac_address,asset_number=EXCLUDED.asset_number,firmware=EXCLUDED.firmware,comments=EXCLUDED.comments,source_updated_at=EXCLUDED.source_updated_at;
INSERT INTO cameras(device_id,form_factor) VALUES ('morjsqbqecmqy2m1','minibullet') ON CONFLICT (device_id) DO UPDATE SET form_factor=EXCLUDED.form_factor;
INSERT INTO cctv_devices (id,device_type,status,brand,model,serial_number,mac_address,asset_number,firmware,comments,source_updated_at) VALUES ('morjsqbq8jtinvh9','camera',NULL,'Hikvision','DS-2CD2020-I','20160330AAWR585768063','BC:AD:28:0C:FF:92','PAT0052000','V5.3.0',NULL,'2026-05-23T04:08:39.941Z') ON CONFLICT (id) DO UPDATE SET device_type=EXCLUDED.device_type,status=EXCLUDED.status,brand=EXCLUDED.brand,model=EXCLUDED.model,serial_number=EXCLUDED.serial_number,mac_address=EXCLUDED.mac_address,asset_number=EXCLUDED.asset_number,firmware=EXCLUDED.firmware,comments=EXCLUDED.comments,source_updated_at=EXCLUDED.source_updated_at;
INSERT INTO cameras(device_id,form_factor) VALUES ('morjsqbq8jtinvh9','minibullet') ON CONFLICT (device_id) DO UPDATE SET form_factor=EXCLUDED.form_factor;
INSERT INTO cctv_devices (id,device_type,status,brand,model,serial_number,mac_address,asset_number,firmware,comments,source_updated_at) VALUES ('morjsqbqmygxjxyv','camera',NULL,'Hikvision','DS-2CD2020-I','20160330AAWR585768120','BC:AD:28:0C:FF:CB','PAT68235','V5.3.0',NULL,'2026-05-23T04:08:39.941Z') ON CONFLICT (id) DO UPDATE SET device_type=EXCLUDED.device_type,status=EXCLUDED.status,brand=EXCLUDED.brand,model=EXCLUDED.model,serial_number=EXCLUDED.serial_number,mac_address=EXCLUDED.mac_address,asset_number=EXCLUDED.asset_number,firmware=EXCLUDED.firmware,comments=EXCLUDED.comments,source_updated_at=EXCLUDED.source_updated_at;
INSERT INTO cameras(device_id,form_factor) VALUES ('morjsqbqmygxjxyv','minibullet') ON CONFLICT (device_id) DO UPDATE SET form_factor=EXCLUDED.form_factor;
INSERT INTO cctv_devices (id,device_type,status,brand,model,serial_number,mac_address,asset_number,firmware,comments,source_updated_at) VALUES ('morjsqbqlqrrsc90','camera','revisar','Hikvision','DS-2CD2020-I',NULL,'BC:AD:28:0D:00:34','PAT68236',NULL,NULL,'2026-06-23T21:13:44.556Z') ON CONFLICT (id) DO UPDATE SET device_type=EXCLUDED.device_type,status=EXCLUDED.status,brand=EXCLUDED.brand,model=EXCLUDED.model,serial_number=EXCLUDED.serial_number,mac_address=EXCLUDED.mac_address,asset_number=EXCLUDED.asset_number,firmware=EXCLUDED.firmware,comments=EXCLUDED.comments,source_updated_at=EXCLUDED.source_updated_at;
INSERT INTO cameras(device_id,form_factor) VALUES ('morjsqbqlqrrsc90','minibullet') ON CONFLICT (device_id) DO UPDATE SET form_factor=EXCLUDED.form_factor;
INSERT INTO cctv_devices (id,device_type,status,brand,model,serial_number,mac_address,asset_number,firmware,comments,source_updated_at) VALUES ('morjsqbqmzc289g1','camera',NULL,'Hikvision','DS-2CD2020-I','20160330AAWR585768229','BC:AD:28:0D:00:38','51983','V5.3.0',NULL,'2026-05-23T04:08:39.941Z') ON CONFLICT (id) DO UPDATE SET device_type=EXCLUDED.device_type,status=EXCLUDED.status,brand=EXCLUDED.brand,model=EXCLUDED.model,serial_number=EXCLUDED.serial_number,mac_address=EXCLUDED.mac_address,asset_number=EXCLUDED.asset_number,firmware=EXCLUDED.firmware,comments=EXCLUDED.comments,source_updated_at=EXCLUDED.source_updated_at;
INSERT INTO cameras(device_id,form_factor) VALUES ('morjsqbqmzc289g1','minibullet') ON CONFLICT (device_id) DO UPDATE SET form_factor=EXCLUDED.form_factor;
INSERT INTO cctv_devices (id,device_type,status,brand,model,serial_number,mac_address,asset_number,firmware,comments,source_updated_at) VALUES ('morjsqbqr91kv4d2','camera',NULL,'Hikvision','DS-2CD2020-I','20160330AAWR585768445','BC:AD:28:0D:01:10','51974','V5.3.0',NULL,'2026-05-23T04:08:39.941Z') ON CONFLICT (id) DO UPDATE SET device_type=EXCLUDED.device_type,status=EXCLUDED.status,brand=EXCLUDED.brand,model=EXCLUDED.model,serial_number=EXCLUDED.serial_number,mac_address=EXCLUDED.mac_address,asset_number=EXCLUDED.asset_number,firmware=EXCLUDED.firmware,comments=EXCLUDED.comments,source_updated_at=EXCLUDED.source_updated_at;
INSERT INTO cameras(device_id,form_factor) VALUES ('morjsqbqr91kv4d2','minibullet') ON CONFLICT (device_id) DO UPDATE SET form_factor=EXCLUDED.form_factor;
INSERT INTO cctv_devices (id,device_type,status,brand,model,serial_number,mac_address,asset_number,firmware,comments,source_updated_at) VALUES ('morjsqbqh2832tpd','camera',NULL,'Hikvision','DS-2CD2020-I','20160330AAWR585768472','BC:AD:28:0D:01:2B','51981','V5.3.0',NULL,'2026-05-23T04:08:39.941Z') ON CONFLICT (id) DO UPDATE SET device_type=EXCLUDED.device_type,status=EXCLUDED.status,brand=EXCLUDED.brand,model=EXCLUDED.model,serial_number=EXCLUDED.serial_number,mac_address=EXCLUDED.mac_address,asset_number=EXCLUDED.asset_number,firmware=EXCLUDED.firmware,comments=EXCLUDED.comments,source_updated_at=EXCLUDED.source_updated_at;
INSERT INTO cameras(device_id,form_factor) VALUES ('morjsqbqh2832tpd','minibullet') ON CONFLICT (device_id) DO UPDATE SET form_factor=EXCLUDED.form_factor;
INSERT INTO cctv_devices (id,device_type,status,brand,model,serial_number,mac_address,asset_number,firmware,comments,source_updated_at) VALUES ('morjsqbq0xvhys0z','camera',NULL,'Hikvision','DS-2CD2020-I','20160330AAWR585768475','BC:AD:28:0D:01:2E','68240','V5.3.0',NULL,'2026-05-23T04:08:39.941Z') ON CONFLICT (id) DO UPDATE SET device_type=EXCLUDED.device_type,status=EXCLUDED.status,brand=EXCLUDED.brand,model=EXCLUDED.model,serial_number=EXCLUDED.serial_number,mac_address=EXCLUDED.mac_address,asset_number=EXCLUDED.asset_number,firmware=EXCLUDED.firmware,comments=EXCLUDED.comments,source_updated_at=EXCLUDED.source_updated_at;
INSERT INTO cameras(device_id,form_factor) VALUES ('morjsqbq0xvhys0z','minibullet') ON CONFLICT (device_id) DO UPDATE SET form_factor=EXCLUDED.form_factor;
INSERT INTO cctv_devices (id,device_type,status,brand,model,serial_number,mac_address,asset_number,firmware,comments,source_updated_at) VALUES ('morjsqbqgqb864ob','camera',NULL,'Hikvision','DS-2CD2020-I','20160330AAWR585768478','BC:AD:28:0D:01:31','PAT68237','V5.3.0',NULL,'2026-05-23T04:08:39.941Z') ON CONFLICT (id) DO UPDATE SET device_type=EXCLUDED.device_type,status=EXCLUDED.status,brand=EXCLUDED.brand,model=EXCLUDED.model,serial_number=EXCLUDED.serial_number,mac_address=EXCLUDED.mac_address,asset_number=EXCLUDED.asset_number,firmware=EXCLUDED.firmware,comments=EXCLUDED.comments,source_updated_at=EXCLUDED.source_updated_at;
INSERT INTO cameras(device_id,form_factor) VALUES ('morjsqbqgqb864ob','minibullet') ON CONFLICT (device_id) DO UPDATE SET form_factor=EXCLUDED.form_factor;
INSERT INTO cctv_devices (id,device_type,status,brand,model,serial_number,mac_address,asset_number,firmware,comments,source_updated_at) VALUES ('morjsqbqdhzvhc9x','camera','descontinuado','Hikvision','DS-2CD2020-I',NULL,'BC:AD:28:0D:01:3F','0051993',NULL,NULL,'2026-06-23T21:18:45.376Z') ON CONFLICT (id) DO UPDATE SET device_type=EXCLUDED.device_type,status=EXCLUDED.status,brand=EXCLUDED.brand,model=EXCLUDED.model,serial_number=EXCLUDED.serial_number,mac_address=EXCLUDED.mac_address,asset_number=EXCLUDED.asset_number,firmware=EXCLUDED.firmware,comments=EXCLUDED.comments,source_updated_at=EXCLUDED.source_updated_at;
INSERT INTO cameras(device_id,form_factor) VALUES ('morjsqbqdhzvhc9x','minibullet') ON CONFLICT (device_id) DO UPDATE SET form_factor=EXCLUDED.form_factor;
INSERT INTO cctv_devices (id,device_type,status,brand,model,serial_number,mac_address,asset_number,firmware,comments,source_updated_at) VALUES ('morjsqbqskq85idq','camera','descontinuado','Hikvision','DS-2CD2020-I','20160330AAWR585768493','BC:AD:28:0D:01:40','51999','V5.3.0','Soporte vencido','2026-06-25T19:16:08.629Z') ON CONFLICT (id) DO UPDATE SET device_type=EXCLUDED.device_type,status=EXCLUDED.status,brand=EXCLUDED.brand,model=EXCLUDED.model,serial_number=EXCLUDED.serial_number,mac_address=EXCLUDED.mac_address,asset_number=EXCLUDED.asset_number,firmware=EXCLUDED.firmware,comments=EXCLUDED.comments,source_updated_at=EXCLUDED.source_updated_at;
INSERT INTO cameras(device_id,form_factor) VALUES ('morjsqbqskq85idq','minibullet') ON CONFLICT (device_id) DO UPDATE SET form_factor=EXCLUDED.form_factor;
INSERT INTO cctv_devices (id,device_type,status,brand,model,serial_number,mac_address,asset_number,firmware,comments,source_updated_at) VALUES ('morjsqbqtulu8v30','camera',NULL,'Hikvision','DS-2CD2020-I','20160330AAWR585768520','BC:AD:28:0D:01:5B','51985','V5.3.0',NULL,'2026-05-23T04:08:39.941Z') ON CONFLICT (id) DO UPDATE SET device_type=EXCLUDED.device_type,status=EXCLUDED.status,brand=EXCLUDED.brand,model=EXCLUDED.model,serial_number=EXCLUDED.serial_number,mac_address=EXCLUDED.mac_address,asset_number=EXCLUDED.asset_number,firmware=EXCLUDED.firmware,comments=EXCLUDED.comments,source_updated_at=EXCLUDED.source_updated_at;
INSERT INTO cameras(device_id,form_factor) VALUES ('morjsqbqtulu8v30','minibullet') ON CONFLICT (device_id) DO UPDATE SET form_factor=EXCLUDED.form_factor;
INSERT INTO cctv_devices (id,device_type,status,brand,model,serial_number,mac_address,asset_number,firmware,comments,source_updated_at) VALUES ('morjsqbqzycclosa','camera',NULL,'Hikvision','DS-2CD2020-I','20160330AAWR585768529','BC:AD:28:0D:01:64','51971','V5.3.0',NULL,'2026-05-23T04:08:39.941Z') ON CONFLICT (id) DO UPDATE SET device_type=EXCLUDED.device_type,status=EXCLUDED.status,brand=EXCLUDED.brand,model=EXCLUDED.model,serial_number=EXCLUDED.serial_number,mac_address=EXCLUDED.mac_address,asset_number=EXCLUDED.asset_number,firmware=EXCLUDED.firmware,comments=EXCLUDED.comments,source_updated_at=EXCLUDED.source_updated_at;
INSERT INTO cameras(device_id,form_factor) VALUES ('morjsqbqzycclosa','minibullet') ON CONFLICT (device_id) DO UPDATE SET form_factor=EXCLUDED.form_factor;
INSERT INTO cctv_devices (id,device_type,status,brand,model,serial_number,mac_address,asset_number,firmware,comments,source_updated_at) VALUES ('morjsqbqb6ui5q38','camera',NULL,'Hikvision','DS-2CD2020-I','20160330AAWR585768578','BC:AD:28:0D:01:95','PAT0051977','V5.3.0',NULL,'2026-05-23T04:08:39.941Z') ON CONFLICT (id) DO UPDATE SET device_type=EXCLUDED.device_type,status=EXCLUDED.status,brand=EXCLUDED.brand,model=EXCLUDED.model,serial_number=EXCLUDED.serial_number,mac_address=EXCLUDED.mac_address,asset_number=EXCLUDED.asset_number,firmware=EXCLUDED.firmware,comments=EXCLUDED.comments,source_updated_at=EXCLUDED.source_updated_at;
INSERT INTO cameras(device_id,form_factor) VALUES ('morjsqbqb6ui5q38','minibullet') ON CONFLICT (device_id) DO UPDATE SET form_factor=EXCLUDED.form_factor;
INSERT INTO cctv_devices (id,device_type,status,brand,model,serial_number,mac_address,asset_number,firmware,comments,source_updated_at) VALUES ('morjsqbqtpoi1r40','camera','descontinuado','Hikvision','DS-2CD2020-I',NULL,'BC:AD:28:0D:01:99','0051978',NULL,NULL,'2026-06-23T21:23:23.427Z') ON CONFLICT (id) DO UPDATE SET device_type=EXCLUDED.device_type,status=EXCLUDED.status,brand=EXCLUDED.brand,model=EXCLUDED.model,serial_number=EXCLUDED.serial_number,mac_address=EXCLUDED.mac_address,asset_number=EXCLUDED.asset_number,firmware=EXCLUDED.firmware,comments=EXCLUDED.comments,source_updated_at=EXCLUDED.source_updated_at;
INSERT INTO cameras(device_id,form_factor) VALUES ('morjsqbqtpoi1r40','minibullet') ON CONFLICT (device_id) DO UPDATE SET form_factor=EXCLUDED.form_factor;
INSERT INTO cctv_devices (id,device_type,status,brand,model,serial_number,mac_address,asset_number,firmware,comments,source_updated_at) VALUES ('morjsqbqaaefeg8l','camera',NULL,'Hikvision','DS-2CD2020-I','20160330AAWR585768584','BC:AD:28:0D:01:9B','51982','V5.3.0',NULL,'2026-05-23T04:08:39.941Z') ON CONFLICT (id) DO UPDATE SET device_type=EXCLUDED.device_type,status=EXCLUDED.status,brand=EXCLUDED.brand,model=EXCLUDED.model,serial_number=EXCLUDED.serial_number,mac_address=EXCLUDED.mac_address,asset_number=EXCLUDED.asset_number,firmware=EXCLUDED.firmware,comments=EXCLUDED.comments,source_updated_at=EXCLUDED.source_updated_at;
INSERT INTO cameras(device_id,form_factor) VALUES ('morjsqbqaaefeg8l','minibullet') ON CONFLICT (device_id) DO UPDATE SET form_factor=EXCLUDED.form_factor;
INSERT INTO cctv_devices (id,device_type,status,brand,model,serial_number,mac_address,asset_number,firmware,comments,source_updated_at) VALUES ('morjsqbqzbacyx1y','camera',NULL,'Hikvision','DS-2CD2020-I','20160330AAWR585768589','BC:AD:28:0D:01:A0','51984','V5.3.0',NULL,'2026-05-23T04:08:39.941Z') ON CONFLICT (id) DO UPDATE SET device_type=EXCLUDED.device_type,status=EXCLUDED.status,brand=EXCLUDED.brand,model=EXCLUDED.model,serial_number=EXCLUDED.serial_number,mac_address=EXCLUDED.mac_address,asset_number=EXCLUDED.asset_number,firmware=EXCLUDED.firmware,comments=EXCLUDED.comments,source_updated_at=EXCLUDED.source_updated_at;
INSERT INTO cameras(device_id,form_factor) VALUES ('morjsqbqzbacyx1y','minibullet') ON CONFLICT (device_id) DO UPDATE SET form_factor=EXCLUDED.form_factor;
INSERT INTO cctv_devices (id,device_type,status,brand,model,serial_number,mac_address,asset_number,firmware,comments,source_updated_at) VALUES ('morjsqbq3z6zgius','camera',NULL,'Hikvision','DS-2CD2020-I','20160330AAWR585768603','BC:AD:28:0D:01:AE','51972','V5.3.0',NULL,'2026-05-23T04:08:39.941Z') ON CONFLICT (id) DO UPDATE SET device_type=EXCLUDED.device_type,status=EXCLUDED.status,brand=EXCLUDED.brand,model=EXCLUDED.model,serial_number=EXCLUDED.serial_number,mac_address=EXCLUDED.mac_address,asset_number=EXCLUDED.asset_number,firmware=EXCLUDED.firmware,comments=EXCLUDED.comments,source_updated_at=EXCLUDED.source_updated_at;
INSERT INTO cameras(device_id,form_factor) VALUES ('morjsqbq3z6zgius','minibullet') ON CONFLICT (device_id) DO UPDATE SET form_factor=EXCLUDED.form_factor;
INSERT INTO cctv_devices (id,device_type,status,brand,model,serial_number,mac_address,asset_number,firmware,comments,source_updated_at) VALUES ('morjsqbq22rg40xr','camera',NULL,'Hikvision','DS-2CD2020-I','20160330AAWR585768607','BC:AD:28:0D:01:B2','51987','V5.3.0',NULL,'2026-05-23T04:08:39.941Z') ON CONFLICT (id) DO UPDATE SET device_type=EXCLUDED.device_type,status=EXCLUDED.status,brand=EXCLUDED.brand,model=EXCLUDED.model,serial_number=EXCLUDED.serial_number,mac_address=EXCLUDED.mac_address,asset_number=EXCLUDED.asset_number,firmware=EXCLUDED.firmware,comments=EXCLUDED.comments,source_updated_at=EXCLUDED.source_updated_at;
INSERT INTO cameras(device_id,form_factor) VALUES ('morjsqbq22rg40xr','minibullet') ON CONFLICT (device_id) DO UPDATE SET form_factor=EXCLUDED.form_factor;
INSERT INTO cctv_devices (id,device_type,status,brand,model,serial_number,mac_address,asset_number,firmware,comments,source_updated_at) VALUES ('morjsqbqfqk8veli','camera',NULL,'Hikvision','DS-2CD2020-I','20160330AAWR585768622','BC:AD:28:0D:01:C1','51980','V5.3.0',NULL,'2026-05-23T04:08:39.941Z') ON CONFLICT (id) DO UPDATE SET device_type=EXCLUDED.device_type,status=EXCLUDED.status,brand=EXCLUDED.brand,model=EXCLUDED.model,serial_number=EXCLUDED.serial_number,mac_address=EXCLUDED.mac_address,asset_number=EXCLUDED.asset_number,firmware=EXCLUDED.firmware,comments=EXCLUDED.comments,source_updated_at=EXCLUDED.source_updated_at;
INSERT INTO cameras(device_id,form_factor) VALUES ('morjsqbqfqk8veli','minibullet') ON CONFLICT (device_id) DO UPDATE SET form_factor=EXCLUDED.form_factor;
INSERT INTO cctv_devices (id,device_type,status,brand,model,serial_number,mac_address,asset_number,firmware,comments,source_updated_at) VALUES ('morjsqbq6g5ectzn','camera',NULL,'Hikvision','DS-2CD2020-I','20160330AAWR585768632','BC:AD:28:0D:01:CB','51991','V5.3.0',NULL,'2026-05-23T04:08:39.941Z') ON CONFLICT (id) DO UPDATE SET device_type=EXCLUDED.device_type,status=EXCLUDED.status,brand=EXCLUDED.brand,model=EXCLUDED.model,serial_number=EXCLUDED.serial_number,mac_address=EXCLUDED.mac_address,asset_number=EXCLUDED.asset_number,firmware=EXCLUDED.firmware,comments=EXCLUDED.comments,source_updated_at=EXCLUDED.source_updated_at;
INSERT INTO cameras(device_id,form_factor) VALUES ('morjsqbq6g5ectzn','minibullet') ON CONFLICT (device_id) DO UPDATE SET form_factor=EXCLUDED.form_factor;
INSERT INTO cctv_devices (id,device_type,status,brand,model,serial_number,mac_address,asset_number,firmware,comments,source_updated_at) VALUES ('morjsqbq5gvifw6c','camera',NULL,'Hikvision','DS-2CD2020-I','20160330AAWR585768652','BC:AD:28:0D:01:DF','PAT68238','V5.3.0',NULL,'2026-05-23T04:08:39.941Z') ON CONFLICT (id) DO UPDATE SET device_type=EXCLUDED.device_type,status=EXCLUDED.status,brand=EXCLUDED.brand,model=EXCLUDED.model,serial_number=EXCLUDED.serial_number,mac_address=EXCLUDED.mac_address,asset_number=EXCLUDED.asset_number,firmware=EXCLUDED.firmware,comments=EXCLUDED.comments,source_updated_at=EXCLUDED.source_updated_at;
INSERT INTO cameras(device_id,form_factor) VALUES ('morjsqbq5gvifw6c','minibullet') ON CONFLICT (device_id) DO UPDATE SET form_factor=EXCLUDED.form_factor;
INSERT INTO cctv_devices (id,device_type,status,brand,model,serial_number,mac_address,asset_number,firmware,comments,source_updated_at) VALUES ('morjsqbq6uha21h9','camera',NULL,'Hikvision','DS-2CD2020-I','20160330AAWR585768677','BC:AD:28:0D:01:F8','68239','V5.3.0',NULL,'2026-05-23T04:08:39.941Z') ON CONFLICT (id) DO UPDATE SET device_type=EXCLUDED.device_type,status=EXCLUDED.status,brand=EXCLUDED.brand,model=EXCLUDED.model,serial_number=EXCLUDED.serial_number,mac_address=EXCLUDED.mac_address,asset_number=EXCLUDED.asset_number,firmware=EXCLUDED.firmware,comments=EXCLUDED.comments,source_updated_at=EXCLUDED.source_updated_at;
INSERT INTO cameras(device_id,form_factor) VALUES ('morjsqbq6uha21h9','minibullet') ON CONFLICT (device_id) DO UPDATE SET form_factor=EXCLUDED.form_factor;
INSERT INTO cctv_devices (id,device_type,status,brand,model,serial_number,mac_address,asset_number,firmware,comments,source_updated_at) VALUES ('morjsqbqro35tn93','camera','descontinuado','Hikvision','DS-2CD2020-I',NULL,'BC:AD:28:0D:02:07','0051995',NULL,NULL,'2026-06-23T21:18:50.187Z') ON CONFLICT (id) DO UPDATE SET device_type=EXCLUDED.device_type,status=EXCLUDED.status,brand=EXCLUDED.brand,model=EXCLUDED.model,serial_number=EXCLUDED.serial_number,mac_address=EXCLUDED.mac_address,asset_number=EXCLUDED.asset_number,firmware=EXCLUDED.firmware,comments=EXCLUDED.comments,source_updated_at=EXCLUDED.source_updated_at;
INSERT INTO cameras(device_id,form_factor) VALUES ('morjsqbqro35tn93','minibullet') ON CONFLICT (device_id) DO UPDATE SET form_factor=EXCLUDED.form_factor;
INSERT INTO cctv_devices (id,device_type,status,brand,model,serial_number,mac_address,asset_number,firmware,comments,source_updated_at) VALUES ('morjsqbqyte0c07j','camera',NULL,'Hikvision','DS-2CD2020-I','20160330AAWR585768698','BC:AD:28:0D:02:0D','PAT59824','V5.3.0',NULL,'2026-05-23T04:08:39.941Z') ON CONFLICT (id) DO UPDATE SET device_type=EXCLUDED.device_type,status=EXCLUDED.status,brand=EXCLUDED.brand,model=EXCLUDED.model,serial_number=EXCLUDED.serial_number,mac_address=EXCLUDED.mac_address,asset_number=EXCLUDED.asset_number,firmware=EXCLUDED.firmware,comments=EXCLUDED.comments,source_updated_at=EXCLUDED.source_updated_at;
INSERT INTO cameras(device_id,form_factor) VALUES ('morjsqbqyte0c07j','minibullet') ON CONFLICT (device_id) DO UPDATE SET form_factor=EXCLUDED.form_factor;
INSERT INTO cctv_devices (id,device_type,status,brand,model,serial_number,mac_address,asset_number,firmware,comments,source_updated_at) VALUES ('morjsqbqd2v44a3m','camera',NULL,'Hikvision','DS-2DE5225IW-AE','20190729CCWRD44687489W','BC:BA:C2:60:99:4A',NULL,'V5.6.13',NULL,'2026-05-23T04:08:39.941Z') ON CONFLICT (id) DO UPDATE SET device_type=EXCLUDED.device_type,status=EXCLUDED.status,brand=EXCLUDED.brand,model=EXCLUDED.model,serial_number=EXCLUDED.serial_number,mac_address=EXCLUDED.mac_address,asset_number=EXCLUDED.asset_number,firmware=EXCLUDED.firmware,comments=EXCLUDED.comments,source_updated_at=EXCLUDED.source_updated_at;
INSERT INTO cameras(device_id,form_factor) VALUES ('morjsqbqd2v44a3m','domo-ptz') ON CONFLICT (device_id) DO UPDATE SET form_factor=EXCLUDED.form_factor;
INSERT INTO cctv_devices (id,device_type,status,brand,model,serial_number,mac_address,asset_number,firmware,comments,source_updated_at) VALUES ('morjsqbpxpuvqz46','camera',NULL,'Hikvision','DS-2CD2112-I','20141029CCWR486734418','C0:56:E3:A2:EC:82','PAT00050371','V5.2.0',NULL,'2026-05-23T04:08:39.941Z') ON CONFLICT (id) DO UPDATE SET device_type=EXCLUDED.device_type,status=EXCLUDED.status,brand=EXCLUDED.brand,model=EXCLUDED.model,serial_number=EXCLUDED.serial_number,mac_address=EXCLUDED.mac_address,asset_number=EXCLUDED.asset_number,firmware=EXCLUDED.firmware,comments=EXCLUDED.comments,source_updated_at=EXCLUDED.source_updated_at;
INSERT INTO cameras(device_id,form_factor) VALUES ('morjsqbpxpuvqz46','domo') ON CONFLICT (device_id) DO UPDATE SET form_factor=EXCLUDED.form_factor;
INSERT INTO cctv_devices (id,device_type,status,brand,model,serial_number,mac_address,asset_number,firmware,comments,source_updated_at) VALUES ('morjsqbqk67immp0','camera','averiado','Hikvision','DS-2CD2112-I',NULL,'C0:56:E3:A2:EC:F1','PAT00050372',NULL,NULL,'2026-06-23T21:21:17.514Z') ON CONFLICT (id) DO UPDATE SET device_type=EXCLUDED.device_type,status=EXCLUDED.status,brand=EXCLUDED.brand,model=EXCLUDED.model,serial_number=EXCLUDED.serial_number,mac_address=EXCLUDED.mac_address,asset_number=EXCLUDED.asset_number,firmware=EXCLUDED.firmware,comments=EXCLUDED.comments,source_updated_at=EXCLUDED.source_updated_at;
INSERT INTO cameras(device_id,form_factor) VALUES ('morjsqbqk67immp0','domo') ON CONFLICT (device_id) DO UPDATE SET form_factor=EXCLUDED.form_factor;
INSERT INTO cctv_devices (id,device_type,status,brand,model,serial_number,mac_address,asset_number,firmware,comments,source_updated_at) VALUES ('morjsqbp1wc3gw7o','camera',NULL,'Hikvision','DS-2CD2112-I','20141029CCWR486734751','C0:56:E3:A2:ED:CF','PAT00050374','V5.2.0',NULL,'2026-05-23T04:08:39.941Z') ON CONFLICT (id) DO UPDATE SET device_type=EXCLUDED.device_type,status=EXCLUDED.status,brand=EXCLUDED.brand,model=EXCLUDED.model,serial_number=EXCLUDED.serial_number,mac_address=EXCLUDED.mac_address,asset_number=EXCLUDED.asset_number,firmware=EXCLUDED.firmware,comments=EXCLUDED.comments,source_updated_at=EXCLUDED.source_updated_at;
INSERT INTO cameras(device_id,form_factor) VALUES ('morjsqbp1wc3gw7o','domo') ON CONFLICT (device_id) DO UPDATE SET form_factor=EXCLUDED.form_factor;
INSERT INTO cctv_devices (id,device_type,status,brand,model,serial_number,mac_address,asset_number,firmware,comments,source_updated_at) VALUES ('morjsqbpbgzm17co','camera',NULL,'Hikvision','DS-2CD2112-I','20141029CCWR486734825','C0:56:E3:A2:EE:19','PAT00050373','V5.2.0',NULL,'2026-06-14T01:01:23.398Z') ON CONFLICT (id) DO UPDATE SET device_type=EXCLUDED.device_type,status=EXCLUDED.status,brand=EXCLUDED.brand,model=EXCLUDED.model,serial_number=EXCLUDED.serial_number,mac_address=EXCLUDED.mac_address,asset_number=EXCLUDED.asset_number,firmware=EXCLUDED.firmware,comments=EXCLUDED.comments,source_updated_at=EXCLUDED.source_updated_at;
INSERT INTO cameras(device_id,form_factor) VALUES ('morjsqbpbgzm17co','domo') ON CONFLICT (device_id) DO UPDATE SET form_factor=EXCLUDED.form_factor;
INSERT INTO cctv_devices (id,device_type,status,brand,model,serial_number,mac_address,asset_number,firmware,comments,source_updated_at) VALUES ('morjsqbqvaqv5vuf','nvr',NULL,'Hikvision','DS-96128NI-I16','3220220821CCRRK42927297WCVLU','C0:6D:ED:1E:F0:27','PAT111338','V4.51.127',NULL,'2026-05-27T23:40:08.405Z') ON CONFLICT (id) DO UPDATE SET device_type=EXCLUDED.device_type,status=EXCLUDED.status,brand=EXCLUDED.brand,model=EXCLUDED.model,serial_number=EXCLUDED.serial_number,mac_address=EXCLUDED.mac_address,asset_number=EXCLUDED.asset_number,firmware=EXCLUDED.firmware,comments=EXCLUDED.comments,source_updated_at=EXCLUDED.source_updated_at;
INSERT INTO cctv_devices (id,device_type,status,brand,model,serial_number,mac_address,asset_number,firmware,comments,source_updated_at) VALUES ('morjsqbqq5n38edp','nvr',NULL,'Hikvision','DS-7616NI-k2','1620220827CCRRK48686034WCVU','C0:6D:ED:25:19:5D','NO','V4.71.005',NULL,'2026-06-12T18:50:28.727Z') ON CONFLICT (id) DO UPDATE SET device_type=EXCLUDED.device_type,status=EXCLUDED.status,brand=EXCLUDED.brand,model=EXCLUDED.model,serial_number=EXCLUDED.serial_number,mac_address=EXCLUDED.mac_address,asset_number=EXCLUDED.asset_number,firmware=EXCLUDED.firmware,comments=EXCLUDED.comments,source_updated_at=EXCLUDED.source_updated_at;
INSERT INTO cctv_devices (id,device_type,status,brand,model,serial_number,mac_address,asset_number,firmware,comments,source_updated_at) VALUES ('morjsqbqjrr09m90','nvr',NULL,'Hikvision','DS-7616NI-k2','1620220827CCRRK48686037WCVU','C0:6D:ED:25:19:60','NO','V4.71.005',NULL,'2026-06-12T18:50:08.692Z') ON CONFLICT (id) DO UPDATE SET device_type=EXCLUDED.device_type,status=EXCLUDED.status,brand=EXCLUDED.brand,model=EXCLUDED.model,serial_number=EXCLUDED.serial_number,mac_address=EXCLUDED.mac_address,asset_number=EXCLUDED.asset_number,firmware=EXCLUDED.firmware,comments=EXCLUDED.comments,source_updated_at=EXCLUDED.source_updated_at;
INSERT INTO cctv_devices (id,device_type,status,brand,model,serial_number,mac_address,asset_number,firmware,comments,source_updated_at) VALUES ('morjsqbqbfxysz6o','camera',NULL,'Hikvision','DS-2CD2746G2T-IZS',NULL,'C0:6D:ED:93:9F:84','PAT111305',NULL,NULL,'2026-05-23T04:08:39.941Z') ON CONFLICT (id) DO UPDATE SET device_type=EXCLUDED.device_type,status=EXCLUDED.status,brand=EXCLUDED.brand,model=EXCLUDED.model,serial_number=EXCLUDED.serial_number,mac_address=EXCLUDED.mac_address,asset_number=EXCLUDED.asset_number,firmware=EXCLUDED.firmware,comments=EXCLUDED.comments,source_updated_at=EXCLUDED.source_updated_at;
INSERT INTO cameras(device_id,form_factor) VALUES ('morjsqbqbfxysz6o','domo') ON CONFLICT (device_id) DO UPDATE SET form_factor=EXCLUDED.form_factor;
INSERT INTO cctv_devices (id,device_type,status,brand,model,serial_number,mac_address,asset_number,firmware,comments,source_updated_at) VALUES ('morjsqbqb0ngoize','camera',NULL,'Hikvision','DS-2CD2746G2T-IZS',NULL,'C0:6D:ED:93:9F:A8','PAT111308',NULL,NULL,'2026-05-23T04:08:39.941Z') ON CONFLICT (id) DO UPDATE SET device_type=EXCLUDED.device_type,status=EXCLUDED.status,brand=EXCLUDED.brand,model=EXCLUDED.model,serial_number=EXCLUDED.serial_number,mac_address=EXCLUDED.mac_address,asset_number=EXCLUDED.asset_number,firmware=EXCLUDED.firmware,comments=EXCLUDED.comments,source_updated_at=EXCLUDED.source_updated_at;
INSERT INTO cameras(device_id,form_factor) VALUES ('morjsqbqb0ngoize','domo') ON CONFLICT (device_id) DO UPDATE SET form_factor=EXCLUDED.form_factor;
INSERT INTO cctv_devices (id,device_type,status,brand,model,serial_number,mac_address,asset_number,firmware,comments,source_updated_at) VALUES ('morjsqbq4p3j15b4','camera',NULL,'Hikvision','DS-2CD2746G2T-IZS',NULL,'C0:6D:ED:93:9F:A9','PAT111310',NULL,NULL,'2026-05-23T04:08:39.941Z') ON CONFLICT (id) DO UPDATE SET device_type=EXCLUDED.device_type,status=EXCLUDED.status,brand=EXCLUDED.brand,model=EXCLUDED.model,serial_number=EXCLUDED.serial_number,mac_address=EXCLUDED.mac_address,asset_number=EXCLUDED.asset_number,firmware=EXCLUDED.firmware,comments=EXCLUDED.comments,source_updated_at=EXCLUDED.source_updated_at;
INSERT INTO cameras(device_id,form_factor) VALUES ('morjsqbq4p3j15b4','domo') ON CONFLICT (device_id) DO UPDATE SET form_factor=EXCLUDED.form_factor;
INSERT INTO cctv_devices (id,device_type,status,brand,model,serial_number,mac_address,asset_number,firmware,comments,source_updated_at) VALUES ('morjsqbq04uscz38','camera',NULL,'Hikvision','DS-2CD2746G2T-IZS','20220808AAWRK40565253','C0:6D:ED:93:9F:AA','PAT111311','V5.7.23',NULL,'2026-06-25 15:48') ON CONFLICT (id) DO UPDATE SET device_type=EXCLUDED.device_type,status=EXCLUDED.status,brand=EXCLUDED.brand,model=EXCLUDED.model,serial_number=EXCLUDED.serial_number,mac_address=EXCLUDED.mac_address,asset_number=EXCLUDED.asset_number,firmware=EXCLUDED.firmware,comments=EXCLUDED.comments,source_updated_at=EXCLUDED.source_updated_at;
INSERT INTO cameras(device_id,form_factor) VALUES ('morjsqbq04uscz38','domo') ON CONFLICT (device_id) DO UPDATE SET form_factor=EXCLUDED.form_factor;
INSERT INTO cctv_devices (id,device_type,status,brand,model,serial_number,mac_address,asset_number,firmware,comments,source_updated_at) VALUES ('morjsqbqmdd7lepr','camera',NULL,'Hikvision','DS-2CD2746G2T-IZS',NULL,'C0:6D:ED:93:9F:AB','PAT111314',NULL,NULL,'2026-05-23T04:08:39.941Z') ON CONFLICT (id) DO UPDATE SET device_type=EXCLUDED.device_type,status=EXCLUDED.status,brand=EXCLUDED.brand,model=EXCLUDED.model,serial_number=EXCLUDED.serial_number,mac_address=EXCLUDED.mac_address,asset_number=EXCLUDED.asset_number,firmware=EXCLUDED.firmware,comments=EXCLUDED.comments,source_updated_at=EXCLUDED.source_updated_at;
INSERT INTO cameras(device_id,form_factor) VALUES ('morjsqbqmdd7lepr','domo') ON CONFLICT (device_id) DO UPDATE SET form_factor=EXCLUDED.form_factor;
INSERT INTO cctv_devices (id,device_type,status,brand,model,serial_number,mac_address,asset_number,firmware,comments,source_updated_at) VALUES ('morjsqbq0krfahut','camera',NULL,'Hikvision','DS-2CD2746G2T-IZS',NULL,'C0:6D:ED:93:9F:AC','PAT111304',NULL,NULL,'2026-05-23T04:08:39.941Z') ON CONFLICT (id) DO UPDATE SET device_type=EXCLUDED.device_type,status=EXCLUDED.status,brand=EXCLUDED.brand,model=EXCLUDED.model,serial_number=EXCLUDED.serial_number,mac_address=EXCLUDED.mac_address,asset_number=EXCLUDED.asset_number,firmware=EXCLUDED.firmware,comments=EXCLUDED.comments,source_updated_at=EXCLUDED.source_updated_at;
INSERT INTO cameras(device_id,form_factor) VALUES ('morjsqbq0krfahut','domo') ON CONFLICT (device_id) DO UPDATE SET form_factor=EXCLUDED.form_factor;
INSERT INTO cctv_devices (id,device_type,status,brand,model,serial_number,mac_address,asset_number,firmware,comments,source_updated_at) VALUES ('morjsqbqte9b53k3','camera',NULL,'Hikvision','DS-2CD2746G2T-IZS',NULL,'C0:6D:ED:93:9F:AD','PAT111316',NULL,NULL,'2026-05-23T04:08:39.941Z') ON CONFLICT (id) DO UPDATE SET device_type=EXCLUDED.device_type,status=EXCLUDED.status,brand=EXCLUDED.brand,model=EXCLUDED.model,serial_number=EXCLUDED.serial_number,mac_address=EXCLUDED.mac_address,asset_number=EXCLUDED.asset_number,firmware=EXCLUDED.firmware,comments=EXCLUDED.comments,source_updated_at=EXCLUDED.source_updated_at;
INSERT INTO cameras(device_id,form_factor) VALUES ('morjsqbqte9b53k3','domo') ON CONFLICT (device_id) DO UPDATE SET form_factor=EXCLUDED.form_factor;
INSERT INTO cctv_devices (id,device_type,status,brand,model,serial_number,mac_address,asset_number,firmware,comments,source_updated_at) VALUES ('morjsqbqq023ko2a','camera',NULL,'Hikvision','DS-2CD2746G2T-IZS',NULL,'C0:6D:ED:93:9F:AE','PAT111317',NULL,NULL,'2026-05-23T04:08:39.941Z') ON CONFLICT (id) DO UPDATE SET device_type=EXCLUDED.device_type,status=EXCLUDED.status,brand=EXCLUDED.brand,model=EXCLUDED.model,serial_number=EXCLUDED.serial_number,mac_address=EXCLUDED.mac_address,asset_number=EXCLUDED.asset_number,firmware=EXCLUDED.firmware,comments=EXCLUDED.comments,source_updated_at=EXCLUDED.source_updated_at;
INSERT INTO cameras(device_id,form_factor) VALUES ('morjsqbqq023ko2a','domo') ON CONFLICT (device_id) DO UPDATE SET form_factor=EXCLUDED.form_factor;
INSERT INTO cctv_devices (id,device_type,status,brand,model,serial_number,mac_address,asset_number,firmware,comments,source_updated_at) VALUES ('morjsqbp0hm14qln','camera',NULL,'Hikvision','DS-2CD2746G2T-IZS','20220808AAWRK40565258','C0:6D:ED:93:9F:AF','PAT111309','V5.7.3',NULL,'2026-05-23T04:08:39.941Z') ON CONFLICT (id) DO UPDATE SET device_type=EXCLUDED.device_type,status=EXCLUDED.status,brand=EXCLUDED.brand,model=EXCLUDED.model,serial_number=EXCLUDED.serial_number,mac_address=EXCLUDED.mac_address,asset_number=EXCLUDED.asset_number,firmware=EXCLUDED.firmware,comments=EXCLUDED.comments,source_updated_at=EXCLUDED.source_updated_at;
INSERT INTO cameras(device_id,form_factor) VALUES ('morjsqbp0hm14qln','domo') ON CONFLICT (device_id) DO UPDATE SET form_factor=EXCLUDED.form_factor;
INSERT INTO cctv_devices (id,device_type,status,brand,model,serial_number,mac_address,asset_number,firmware,comments,source_updated_at) VALUES ('morjsqbq160rwi75','camera',NULL,'Hikvision','DS-2CD2746G2T-IZS',NULL,'C0:6D:ED:93:9F:B0','PAT111307',NULL,NULL,'2026-05-23T04:08:39.941Z') ON CONFLICT (id) DO UPDATE SET device_type=EXCLUDED.device_type,status=EXCLUDED.status,brand=EXCLUDED.brand,model=EXCLUDED.model,serial_number=EXCLUDED.serial_number,mac_address=EXCLUDED.mac_address,asset_number=EXCLUDED.asset_number,firmware=EXCLUDED.firmware,comments=EXCLUDED.comments,source_updated_at=EXCLUDED.source_updated_at;
INSERT INTO cameras(device_id,form_factor) VALUES ('morjsqbq160rwi75','domo') ON CONFLICT (device_id) DO UPDATE SET form_factor=EXCLUDED.form_factor;
INSERT INTO cctv_devices (id,device_type,status,brand,model,serial_number,mac_address,asset_number,firmware,comments,source_updated_at) VALUES ('morjsqbpgf9zaby4','camera',NULL,'Hikvision','DS-2CD2746G2T-IZS','20220808AAWRK40565260','C0:6D:ED:93:9F:B1','PAT111312','V5.7.3',NULL,'2026-05-23T04:08:39.941Z') ON CONFLICT (id) DO UPDATE SET device_type=EXCLUDED.device_type,status=EXCLUDED.status,brand=EXCLUDED.brand,model=EXCLUDED.model,serial_number=EXCLUDED.serial_number,mac_address=EXCLUDED.mac_address,asset_number=EXCLUDED.asset_number,firmware=EXCLUDED.firmware,comments=EXCLUDED.comments,source_updated_at=EXCLUDED.source_updated_at;
INSERT INTO cameras(device_id,form_factor) VALUES ('morjsqbpgf9zaby4','domo') ON CONFLICT (device_id) DO UPDATE SET form_factor=EXCLUDED.form_factor;
INSERT INTO cctv_devices (id,device_type,status,brand,model,serial_number,mac_address,asset_number,firmware,comments,source_updated_at) VALUES ('morjsqbpbrigb2od','camera',NULL,'Hikvision','DS-2CD2746G2T-IZS','20220808AAWRK40565261','C0:6D:ED:93:9F:B2','PAT111303','V5.7.3',NULL,'2026-05-23T04:08:39.941Z') ON CONFLICT (id) DO UPDATE SET device_type=EXCLUDED.device_type,status=EXCLUDED.status,brand=EXCLUDED.brand,model=EXCLUDED.model,serial_number=EXCLUDED.serial_number,mac_address=EXCLUDED.mac_address,asset_number=EXCLUDED.asset_number,firmware=EXCLUDED.firmware,comments=EXCLUDED.comments,source_updated_at=EXCLUDED.source_updated_at;
INSERT INTO cameras(device_id,form_factor) VALUES ('morjsqbpbrigb2od','domo') ON CONFLICT (device_id) DO UPDATE SET form_factor=EXCLUDED.form_factor;
INSERT INTO cctv_devices (id,device_type,status,brand,model,serial_number,mac_address,asset_number,firmware,comments,source_updated_at) VALUES ('morjsqbq8tgeaojr','camera',NULL,'Hikvision','DS-2CD2746G2T-IZS',NULL,'C0:6D:ED:93:9F:B3','PAT111306',NULL,NULL,'2026-05-23T04:08:39.941Z') ON CONFLICT (id) DO UPDATE SET device_type=EXCLUDED.device_type,status=EXCLUDED.status,brand=EXCLUDED.brand,model=EXCLUDED.model,serial_number=EXCLUDED.serial_number,mac_address=EXCLUDED.mac_address,asset_number=EXCLUDED.asset_number,firmware=EXCLUDED.firmware,comments=EXCLUDED.comments,source_updated_at=EXCLUDED.source_updated_at;
INSERT INTO cameras(device_id,form_factor) VALUES ('morjsqbq8tgeaojr','domo') ON CONFLICT (device_id) DO UPDATE SET form_factor=EXCLUDED.form_factor;
INSERT INTO cctv_devices (id,device_type,status,brand,model,serial_number,mac_address,asset_number,firmware,comments,source_updated_at) VALUES ('morjsqbqnvljzgqu','camera',NULL,'Hikvision','DS-2CD2746G2T-IZS',NULL,'C0:6D:ED:93:9F:B5','PAT111315',NULL,NULL,'2026-05-23T04:08:39.941Z') ON CONFLICT (id) DO UPDATE SET device_type=EXCLUDED.device_type,status=EXCLUDED.status,brand=EXCLUDED.brand,model=EXCLUDED.model,serial_number=EXCLUDED.serial_number,mac_address=EXCLUDED.mac_address,asset_number=EXCLUDED.asset_number,firmware=EXCLUDED.firmware,comments=EXCLUDED.comments,source_updated_at=EXCLUDED.source_updated_at;
INSERT INTO cameras(device_id,form_factor) VALUES ('morjsqbqnvljzgqu','domo') ON CONFLICT (device_id) DO UPDATE SET form_factor=EXCLUDED.form_factor;
INSERT INTO cctv_devices (id,device_type,status,brand,model,serial_number,mac_address,asset_number,firmware,comments,source_updated_at) VALUES ('morjsqbqsgld3dl0','camera',NULL,'Hikvision','DS-2CD2746G2T-IZS',NULL,'C0:6D:ED:93:9F:B6','PAT111313',NULL,NULL,'2026-05-23T04:08:39.941Z') ON CONFLICT (id) DO UPDATE SET device_type=EXCLUDED.device_type,status=EXCLUDED.status,brand=EXCLUDED.brand,model=EXCLUDED.model,serial_number=EXCLUDED.serial_number,mac_address=EXCLUDED.mac_address,asset_number=EXCLUDED.asset_number,firmware=EXCLUDED.firmware,comments=EXCLUDED.comments,source_updated_at=EXCLUDED.source_updated_at;
INSERT INTO cameras(device_id,form_factor) VALUES ('morjsqbqsgld3dl0','domo') ON CONFLICT (device_id) DO UPDATE SET form_factor=EXCLUDED.form_factor;
INSERT INTO cctv_devices (id,device_type,status,brand,model,serial_number,mac_address,asset_number,firmware,comments,source_updated_at) VALUES ('morjsqbqo6lg0jzz','camera',NULL,'Hikvision','DS-2DF6A436X-AEL','20220808CCWRK41309349','C0:6D:ED:98:93:2D',NULL,'V5.8.6',NULL,'2026-05-23T04:08:39.941Z') ON CONFLICT (id) DO UPDATE SET device_type=EXCLUDED.device_type,status=EXCLUDED.status,brand=EXCLUDED.brand,model=EXCLUDED.model,serial_number=EXCLUDED.serial_number,mac_address=EXCLUDED.mac_address,asset_number=EXCLUDED.asset_number,firmware=EXCLUDED.firmware,comments=EXCLUDED.comments,source_updated_at=EXCLUDED.source_updated_at;
INSERT INTO cameras(device_id,form_factor) VALUES ('morjsqbqo6lg0jzz','domo-ptz') ON CONFLICT (device_id) DO UPDATE SET form_factor=EXCLUDED.form_factor;
INSERT INTO cctv_devices (id,device_type,status,brand,model,serial_number,mac_address,asset_number,firmware,comments,source_updated_at) VALUES ('morjsqbq7z6y7d8h','camera','revisar','Hikvision','DS-2DF6A436X-AEL',NULL,'C0:6D:ED:98:93:2E',NULL,NULL,NULL,'2026-05-23T04:08:39.941Z') ON CONFLICT (id) DO UPDATE SET device_type=EXCLUDED.device_type,status=EXCLUDED.status,brand=EXCLUDED.brand,model=EXCLUDED.model,serial_number=EXCLUDED.serial_number,mac_address=EXCLUDED.mac_address,asset_number=EXCLUDED.asset_number,firmware=EXCLUDED.firmware,comments=EXCLUDED.comments,source_updated_at=EXCLUDED.source_updated_at;
INSERT INTO cameras(device_id,form_factor) VALUES ('morjsqbq7z6y7d8h','domo-ptz') ON CONFLICT (device_id) DO UPDATE SET form_factor=EXCLUDED.form_factor;
INSERT INTO cctv_devices (id,device_type,status,brand,model,serial_number,mac_address,asset_number,firmware,comments,source_updated_at) VALUES ('morjsqbqeb7nz944','camera',NULL,'Hikvision','DS-2DF6A436X-AEL','20220808CCWRK41309351','C0:6D:ED:98:93:2F',NULL,'V5.8.6',NULL,'2026-05-23T04:08:39.941Z') ON CONFLICT (id) DO UPDATE SET device_type=EXCLUDED.device_type,status=EXCLUDED.status,brand=EXCLUDED.brand,model=EXCLUDED.model,serial_number=EXCLUDED.serial_number,mac_address=EXCLUDED.mac_address,asset_number=EXCLUDED.asset_number,firmware=EXCLUDED.firmware,comments=EXCLUDED.comments,source_updated_at=EXCLUDED.source_updated_at;
INSERT INTO cameras(device_id,form_factor) VALUES ('morjsqbqeb7nz944','domo-ptz') ON CONFLICT (device_id) DO UPDATE SET form_factor=EXCLUDED.form_factor;
INSERT INTO cctv_devices (id,device_type,status,brand,model,serial_number,mac_address,asset_number,firmware,comments,source_updated_at) VALUES ('morjsqbql9cpk4kq','camera',NULL,'Hikvision','DS-2DF6A436X-AEL',NULL,'C0:6D:ED:98:93:30','PAT111292',NULL,NULL,'2026-05-23T04:08:39.941Z') ON CONFLICT (id) DO UPDATE SET device_type=EXCLUDED.device_type,status=EXCLUDED.status,brand=EXCLUDED.brand,model=EXCLUDED.model,serial_number=EXCLUDED.serial_number,mac_address=EXCLUDED.mac_address,asset_number=EXCLUDED.asset_number,firmware=EXCLUDED.firmware,comments=EXCLUDED.comments,source_updated_at=EXCLUDED.source_updated_at;
INSERT INTO cameras(device_id,form_factor) VALUES ('morjsqbql9cpk4kq','domo-ptz') ON CONFLICT (device_id) DO UPDATE SET form_factor=EXCLUDED.form_factor;
INSERT INTO cctv_devices (id,device_type,status,brand,model,serial_number,mac_address,asset_number,firmware,comments,source_updated_at) VALUES ('morjsqbq7zfkg4o7','camera',NULL,'Hikvision','DS-2CD1323G0E-I','20220815AAWRK42171216','C0:6D:ED:9D:70:CB','PAT111242','V5.7.23',NULL,'2026-05-23T04:08:39.941Z') ON CONFLICT (id) DO UPDATE SET device_type=EXCLUDED.device_type,status=EXCLUDED.status,brand=EXCLUDED.brand,model=EXCLUDED.model,serial_number=EXCLUDED.serial_number,mac_address=EXCLUDED.mac_address,asset_number=EXCLUDED.asset_number,firmware=EXCLUDED.firmware,comments=EXCLUDED.comments,source_updated_at=EXCLUDED.source_updated_at;
INSERT INTO cameras(device_id,form_factor) VALUES ('morjsqbq7zfkg4o7','turret') ON CONFLICT (device_id) DO UPDATE SET form_factor=EXCLUDED.form_factor;
INSERT INTO cctv_devices (id,device_type,status,brand,model,serial_number,mac_address,asset_number,firmware,comments,source_updated_at) VALUES ('morjsqbqgnxtslzf','camera',NULL,'Hikvision','DS-2CD1323G0E-I','20220815AAWRK42171217','C0:6D:ED:9D:70:CC','PAT111228','V5.7.23',NULL,'2026-05-23T04:08:39.941Z') ON CONFLICT (id) DO UPDATE SET device_type=EXCLUDED.device_type,status=EXCLUDED.status,brand=EXCLUDED.brand,model=EXCLUDED.model,serial_number=EXCLUDED.serial_number,mac_address=EXCLUDED.mac_address,asset_number=EXCLUDED.asset_number,firmware=EXCLUDED.firmware,comments=EXCLUDED.comments,source_updated_at=EXCLUDED.source_updated_at;
INSERT INTO cameras(device_id,form_factor) VALUES ('morjsqbqgnxtslzf','turret') ON CONFLICT (device_id) DO UPDATE SET form_factor=EXCLUDED.form_factor;
INSERT INTO cctv_devices (id,device_type,status,brand,model,serial_number,mac_address,asset_number,firmware,comments,source_updated_at) VALUES ('morjsqbqv82sa1zx','camera',NULL,'Hikvision','DS-2CD1323G0E-I','20220815AAWRK42171218','C0:6D:ED:9D:70:CD','PAT111224','V5.7.23',NULL,'2026-05-23T04:08:39.941Z') ON CONFLICT (id) DO UPDATE SET device_type=EXCLUDED.device_type,status=EXCLUDED.status,brand=EXCLUDED.brand,model=EXCLUDED.model,serial_number=EXCLUDED.serial_number,mac_address=EXCLUDED.mac_address,asset_number=EXCLUDED.asset_number,firmware=EXCLUDED.firmware,comments=EXCLUDED.comments,source_updated_at=EXCLUDED.source_updated_at;
INSERT INTO cameras(device_id,form_factor) VALUES ('morjsqbqv82sa1zx','turret') ON CONFLICT (device_id) DO UPDATE SET form_factor=EXCLUDED.form_factor;
INSERT INTO cctv_devices (id,device_type,status,brand,model,serial_number,mac_address,asset_number,firmware,comments,source_updated_at) VALUES ('morjsqbq48kusafb','camera',NULL,'Hikvision','DS-2CD1323G0E-I','20220815AAWRK42171219','C0:6D:ED:9D:70:CE','PAT111283','V5.7.23',NULL,'2026-05-23T04:08:39.941Z') ON CONFLICT (id) DO UPDATE SET device_type=EXCLUDED.device_type,status=EXCLUDED.status,brand=EXCLUDED.brand,model=EXCLUDED.model,serial_number=EXCLUDED.serial_number,mac_address=EXCLUDED.mac_address,asset_number=EXCLUDED.asset_number,firmware=EXCLUDED.firmware,comments=EXCLUDED.comments,source_updated_at=EXCLUDED.source_updated_at;
INSERT INTO cameras(device_id,form_factor) VALUES ('morjsqbq48kusafb','turret') ON CONFLICT (device_id) DO UPDATE SET form_factor=EXCLUDED.form_factor;
INSERT INTO cctv_devices (id,device_type,status,brand,model,serial_number,mac_address,asset_number,firmware,comments,source_updated_at) VALUES ('morjsqbqdroqtnm7','camera',NULL,'Hikvision','DS-2CD1323G0E-I','20220815AAWRK42171220','C0:6D:ED:9D:70:CF','PAT111281','V5.7.23',NULL,'2026-05-23T04:08:39.941Z') ON CONFLICT (id) DO UPDATE SET device_type=EXCLUDED.device_type,status=EXCLUDED.status,brand=EXCLUDED.brand,model=EXCLUDED.model,serial_number=EXCLUDED.serial_number,mac_address=EXCLUDED.mac_address,asset_number=EXCLUDED.asset_number,firmware=EXCLUDED.firmware,comments=EXCLUDED.comments,source_updated_at=EXCLUDED.source_updated_at;
INSERT INTO cameras(device_id,form_factor) VALUES ('morjsqbqdroqtnm7','turret') ON CONFLICT (device_id) DO UPDATE SET form_factor=EXCLUDED.form_factor;
INSERT INTO cctv_devices (id,device_type,status,brand,model,serial_number,mac_address,asset_number,firmware,comments,source_updated_at) VALUES ('morjsqbqurdo0bfn','camera',NULL,'Hikvision','DS-2CD1323G0E-I','20220815AAWRK42171221','C0:6D:ED:9D:70:D0','PAT111236','V5.7.23',NULL,'2026-05-23T04:08:39.941Z') ON CONFLICT (id) DO UPDATE SET device_type=EXCLUDED.device_type,status=EXCLUDED.status,brand=EXCLUDED.brand,model=EXCLUDED.model,serial_number=EXCLUDED.serial_number,mac_address=EXCLUDED.mac_address,asset_number=EXCLUDED.asset_number,firmware=EXCLUDED.firmware,comments=EXCLUDED.comments,source_updated_at=EXCLUDED.source_updated_at;
INSERT INTO cameras(device_id,form_factor) VALUES ('morjsqbqurdo0bfn','turret') ON CONFLICT (device_id) DO UPDATE SET form_factor=EXCLUDED.form_factor;
INSERT INTO cctv_devices (id,device_type,status,brand,model,serial_number,mac_address,asset_number,firmware,comments,source_updated_at) VALUES ('morjsqbq90i77l1u','camera',NULL,'Hikvision','DS-2CD1323G0E-I','20220815AAWRK42171222','C0:6D:ED:9D:70:D1','PAT111287','V5.7.23',NULL,'2026-05-23T04:08:39.941Z') ON CONFLICT (id) DO UPDATE SET device_type=EXCLUDED.device_type,status=EXCLUDED.status,brand=EXCLUDED.brand,model=EXCLUDED.model,serial_number=EXCLUDED.serial_number,mac_address=EXCLUDED.mac_address,asset_number=EXCLUDED.asset_number,firmware=EXCLUDED.firmware,comments=EXCLUDED.comments,source_updated_at=EXCLUDED.source_updated_at;
INSERT INTO cameras(device_id,form_factor) VALUES ('morjsqbq90i77l1u','turret') ON CONFLICT (device_id) DO UPDATE SET form_factor=EXCLUDED.form_factor;
INSERT INTO cctv_devices (id,device_type,status,brand,model,serial_number,mac_address,asset_number,firmware,comments,source_updated_at) VALUES ('morjsqbqepj8pdah','camera',NULL,'Hikvision','DS-2CD1323G0E-I','20220815AAWRK42171223','C0:6D:ED:9D:70:D2','PAT111272','V5.7.23',NULL,'2026-05-23T04:08:39.941Z') ON CONFLICT (id) DO UPDATE SET device_type=EXCLUDED.device_type,status=EXCLUDED.status,brand=EXCLUDED.brand,model=EXCLUDED.model,serial_number=EXCLUDED.serial_number,mac_address=EXCLUDED.mac_address,asset_number=EXCLUDED.asset_number,firmware=EXCLUDED.firmware,comments=EXCLUDED.comments,source_updated_at=EXCLUDED.source_updated_at;
INSERT INTO cameras(device_id,form_factor) VALUES ('morjsqbqepj8pdah','turret') ON CONFLICT (device_id) DO UPDATE SET form_factor=EXCLUDED.form_factor;
INSERT INTO cctv_devices (id,device_type,status,brand,model,serial_number,mac_address,asset_number,firmware,comments,source_updated_at) VALUES ('morjsqbqo4bl124c','camera',NULL,'Hikvision','DS-2CD1323G0E-I','20220815AAWRK42171224','C0:6D:ED:9D:70:D3','PAT111263','V5.7.23',NULL,'2026-05-23T04:08:39.941Z') ON CONFLICT (id) DO UPDATE SET device_type=EXCLUDED.device_type,status=EXCLUDED.status,brand=EXCLUDED.brand,model=EXCLUDED.model,serial_number=EXCLUDED.serial_number,mac_address=EXCLUDED.mac_address,asset_number=EXCLUDED.asset_number,firmware=EXCLUDED.firmware,comments=EXCLUDED.comments,source_updated_at=EXCLUDED.source_updated_at;
INSERT INTO cameras(device_id,form_factor) VALUES ('morjsqbqo4bl124c','turret') ON CONFLICT (device_id) DO UPDATE SET form_factor=EXCLUDED.form_factor;
INSERT INTO cctv_devices (id,device_type,status,brand,model,serial_number,mac_address,asset_number,firmware,comments,source_updated_at) VALUES ('morjsqbqwt60fl3e','camera',NULL,'Hikvision','DS-2CD1323G0E-I','20220815AAWRK42171225','C0:6D:ED:9D:70:D4','PAT111231','V5.7.23',NULL,'2026-05-23T04:08:39.941Z') ON CONFLICT (id) DO UPDATE SET device_type=EXCLUDED.device_type,status=EXCLUDED.status,brand=EXCLUDED.brand,model=EXCLUDED.model,serial_number=EXCLUDED.serial_number,mac_address=EXCLUDED.mac_address,asset_number=EXCLUDED.asset_number,firmware=EXCLUDED.firmware,comments=EXCLUDED.comments,source_updated_at=EXCLUDED.source_updated_at;
INSERT INTO cameras(device_id,form_factor) VALUES ('morjsqbqwt60fl3e','turret') ON CONFLICT (device_id) DO UPDATE SET form_factor=EXCLUDED.form_factor;
INSERT INTO cctv_devices (id,device_type,status,brand,model,serial_number,mac_address,asset_number,firmware,comments,source_updated_at) VALUES ('morjsqbqb57p9kvz','camera',NULL,'Hikvision','DS-2CD1323G0E-I','20220815AAWRK42171226','C0:6D:ED:9D:70:D5','PAT111269','V5.7.23',NULL,'2026-05-23T04:08:39.941Z') ON CONFLICT (id) DO UPDATE SET device_type=EXCLUDED.device_type,status=EXCLUDED.status,brand=EXCLUDED.brand,model=EXCLUDED.model,serial_number=EXCLUDED.serial_number,mac_address=EXCLUDED.mac_address,asset_number=EXCLUDED.asset_number,firmware=EXCLUDED.firmware,comments=EXCLUDED.comments,source_updated_at=EXCLUDED.source_updated_at;
INSERT INTO cameras(device_id,form_factor) VALUES ('morjsqbqb57p9kvz','turret') ON CONFLICT (device_id) DO UPDATE SET form_factor=EXCLUDED.form_factor;
INSERT INTO cctv_devices (id,device_type,status,brand,model,serial_number,mac_address,asset_number,firmware,comments,source_updated_at) VALUES ('morjsqbqi8zsjazr','camera',NULL,'Hikvision','DS-2CD1323G0E-I','20220815AAWRK42171227','C0:6D:ED:9D:70:D6','PAT111268','V5.7.23',NULL,'2026-05-23T04:08:39.941Z') ON CONFLICT (id) DO UPDATE SET device_type=EXCLUDED.device_type,status=EXCLUDED.status,brand=EXCLUDED.brand,model=EXCLUDED.model,serial_number=EXCLUDED.serial_number,mac_address=EXCLUDED.mac_address,asset_number=EXCLUDED.asset_number,firmware=EXCLUDED.firmware,comments=EXCLUDED.comments,source_updated_at=EXCLUDED.source_updated_at;
INSERT INTO cameras(device_id,form_factor) VALUES ('morjsqbqi8zsjazr','turret') ON CONFLICT (device_id) DO UPDATE SET form_factor=EXCLUDED.form_factor;
INSERT INTO cctv_devices (id,device_type,status,brand,model,serial_number,mac_address,asset_number,firmware,comments,source_updated_at) VALUES ('morjsqbqd5uz71oz','camera',NULL,'Hikvision','DS-2CD1323G0E-I','20220815AAWRK42171228','C0:6D:ED:9D:70:D7','PAT111276','V5.7.23',NULL,'2026-05-23T04:08:39.941Z') ON CONFLICT (id) DO UPDATE SET device_type=EXCLUDED.device_type,status=EXCLUDED.status,brand=EXCLUDED.brand,model=EXCLUDED.model,serial_number=EXCLUDED.serial_number,mac_address=EXCLUDED.mac_address,asset_number=EXCLUDED.asset_number,firmware=EXCLUDED.firmware,comments=EXCLUDED.comments,source_updated_at=EXCLUDED.source_updated_at;
INSERT INTO cameras(device_id,form_factor) VALUES ('morjsqbqd5uz71oz','turret') ON CONFLICT (device_id) DO UPDATE SET form_factor=EXCLUDED.form_factor;
INSERT INTO cctv_devices (id,device_type,status,brand,model,serial_number,mac_address,asset_number,firmware,comments,source_updated_at) VALUES ('morjsqbq5vmvxqnx','camera',NULL,'Hikvision','DS-2CD1323G0E-I','20220815AAWRK42171229','C0:6D:ED:9D:70:D8','PAT111226','V5.7.23',NULL,'2026-05-23T04:08:39.941Z') ON CONFLICT (id) DO UPDATE SET device_type=EXCLUDED.device_type,status=EXCLUDED.status,brand=EXCLUDED.brand,model=EXCLUDED.model,serial_number=EXCLUDED.serial_number,mac_address=EXCLUDED.mac_address,asset_number=EXCLUDED.asset_number,firmware=EXCLUDED.firmware,comments=EXCLUDED.comments,source_updated_at=EXCLUDED.source_updated_at;
INSERT INTO cameras(device_id,form_factor) VALUES ('morjsqbq5vmvxqnx','turret') ON CONFLICT (device_id) DO UPDATE SET form_factor=EXCLUDED.form_factor;
INSERT INTO cctv_devices (id,device_type,status,brand,model,serial_number,mac_address,asset_number,firmware,comments,source_updated_at) VALUES ('morjsqbqwlvxkohl','camera',NULL,'Hikvision','DS-2CD1323G0E-I','20220815AAWRK42171230','C0:6D:ED:9D:70:D9','PAT111284','V5.7.23',NULL,'2026-05-23T04:08:39.941Z') ON CONFLICT (id) DO UPDATE SET device_type=EXCLUDED.device_type,status=EXCLUDED.status,brand=EXCLUDED.brand,model=EXCLUDED.model,serial_number=EXCLUDED.serial_number,mac_address=EXCLUDED.mac_address,asset_number=EXCLUDED.asset_number,firmware=EXCLUDED.firmware,comments=EXCLUDED.comments,source_updated_at=EXCLUDED.source_updated_at;
INSERT INTO cameras(device_id,form_factor) VALUES ('morjsqbqwlvxkohl','turret') ON CONFLICT (device_id) DO UPDATE SET form_factor=EXCLUDED.form_factor;
INSERT INTO cctv_devices (id,device_type,status,brand,model,serial_number,mac_address,asset_number,firmware,comments,source_updated_at) VALUES ('morjsqbqyju324js','camera','perdido','Hikvision','DS-2CD1323G0E-I',NULL,'C0:6D:ED:9D:70:DA','PAT111271',NULL,NULL,'2026-06-22T13:37:21.998Z') ON CONFLICT (id) DO UPDATE SET device_type=EXCLUDED.device_type,status=EXCLUDED.status,brand=EXCLUDED.brand,model=EXCLUDED.model,serial_number=EXCLUDED.serial_number,mac_address=EXCLUDED.mac_address,asset_number=EXCLUDED.asset_number,firmware=EXCLUDED.firmware,comments=EXCLUDED.comments,source_updated_at=EXCLUDED.source_updated_at;
INSERT INTO cameras(device_id,form_factor) VALUES ('morjsqbqyju324js','turret') ON CONFLICT (device_id) DO UPDATE SET form_factor=EXCLUDED.form_factor;
INSERT INTO cctv_devices (id,device_type,status,brand,model,serial_number,mac_address,asset_number,firmware,comments,source_updated_at) VALUES ('morjsqbql7ei3pw0','camera',NULL,'Hikvision','DS-2CD1323G0E-I','20220815AAWRK42171232','C0:6D:ED:9D:70:DB','PAT111265','V5.7.23',NULL,'2026-05-23T04:08:39.941Z') ON CONFLICT (id) DO UPDATE SET device_type=EXCLUDED.device_type,status=EXCLUDED.status,brand=EXCLUDED.brand,model=EXCLUDED.model,serial_number=EXCLUDED.serial_number,mac_address=EXCLUDED.mac_address,asset_number=EXCLUDED.asset_number,firmware=EXCLUDED.firmware,comments=EXCLUDED.comments,source_updated_at=EXCLUDED.source_updated_at;
INSERT INTO cameras(device_id,form_factor) VALUES ('morjsqbql7ei3pw0','turret') ON CONFLICT (device_id) DO UPDATE SET form_factor=EXCLUDED.form_factor;
INSERT INTO cctv_devices (id,device_type,status,brand,model,serial_number,mac_address,asset_number,firmware,comments,source_updated_at) VALUES ('morjsqbqs2d4vujq','camera',NULL,'Hikvision','DS-2CD1323G0E-I','20220815AAWRK42171233','C0:6D:ED:9D:70:DC','PAT111280','V5.7.23',NULL,'2026-05-23T04:08:39.941Z') ON CONFLICT (id) DO UPDATE SET device_type=EXCLUDED.device_type,status=EXCLUDED.status,brand=EXCLUDED.brand,model=EXCLUDED.model,serial_number=EXCLUDED.serial_number,mac_address=EXCLUDED.mac_address,asset_number=EXCLUDED.asset_number,firmware=EXCLUDED.firmware,comments=EXCLUDED.comments,source_updated_at=EXCLUDED.source_updated_at;
INSERT INTO cameras(device_id,form_factor) VALUES ('morjsqbqs2d4vujq','turret') ON CONFLICT (device_id) DO UPDATE SET form_factor=EXCLUDED.form_factor;
INSERT INTO cctv_devices (id,device_type,status,brand,model,serial_number,mac_address,asset_number,firmware,comments,source_updated_at) VALUES ('morjsqbqagages10','camera',NULL,'Hikvision','DS-2CD1323G0E-I','20220815AAWRK42171234','C0:6D:ED:9D:70:DD','PAT111279','V5.7.23',NULL,'2026-05-23T04:08:39.941Z') ON CONFLICT (id) DO UPDATE SET device_type=EXCLUDED.device_type,status=EXCLUDED.status,brand=EXCLUDED.brand,model=EXCLUDED.model,serial_number=EXCLUDED.serial_number,mac_address=EXCLUDED.mac_address,asset_number=EXCLUDED.asset_number,firmware=EXCLUDED.firmware,comments=EXCLUDED.comments,source_updated_at=EXCLUDED.source_updated_at;
INSERT INTO cameras(device_id,form_factor) VALUES ('morjsqbqagages10','turret') ON CONFLICT (device_id) DO UPDATE SET form_factor=EXCLUDED.form_factor;
INSERT INTO cctv_devices (id,device_type,status,brand,model,serial_number,mac_address,asset_number,firmware,comments,source_updated_at) VALUES ('morjsqbq74col8x2','camera',NULL,'Hikvision','DS-2CD1323G0E-I','20220815AAWRK42171235','C0:6D:ED:9D:70:DE','PAT111233','V5.7.23',NULL,'2026-05-23T04:08:39.941Z') ON CONFLICT (id) DO UPDATE SET device_type=EXCLUDED.device_type,status=EXCLUDED.status,brand=EXCLUDED.brand,model=EXCLUDED.model,serial_number=EXCLUDED.serial_number,mac_address=EXCLUDED.mac_address,asset_number=EXCLUDED.asset_number,firmware=EXCLUDED.firmware,comments=EXCLUDED.comments,source_updated_at=EXCLUDED.source_updated_at;
INSERT INTO cameras(device_id,form_factor) VALUES ('morjsqbq74col8x2','turret') ON CONFLICT (device_id) DO UPDATE SET form_factor=EXCLUDED.form_factor;
INSERT INTO cctv_devices (id,device_type,status,brand,model,serial_number,mac_address,asset_number,firmware,comments,source_updated_at) VALUES ('morjsqbqdw8nxok6','camera',NULL,'Hikvision','DS-2CD1323G0E-I','20220815AAWRK42171236','C0:6D:ED:9D:70:DF','PAT111285','V5.7.23',NULL,'2026-05-23T04:08:39.941Z') ON CONFLICT (id) DO UPDATE SET device_type=EXCLUDED.device_type,status=EXCLUDED.status,brand=EXCLUDED.brand,model=EXCLUDED.model,serial_number=EXCLUDED.serial_number,mac_address=EXCLUDED.mac_address,asset_number=EXCLUDED.asset_number,firmware=EXCLUDED.firmware,comments=EXCLUDED.comments,source_updated_at=EXCLUDED.source_updated_at;
INSERT INTO cameras(device_id,form_factor) VALUES ('morjsqbqdw8nxok6','turret') ON CONFLICT (device_id) DO UPDATE SET form_factor=EXCLUDED.form_factor;
INSERT INTO cctv_devices (id,device_type,status,brand,model,serial_number,mac_address,asset_number,firmware,comments,source_updated_at) VALUES ('morjsqbqahygrw9h','camera',NULL,'Hikvision','DS-2CD1323G0E-I','20220815AAWRK42171237','C0:6D:ED:9D:70:E0','PAT111288','V5.7.23',NULL,'2026-05-23T04:08:39.941Z') ON CONFLICT (id) DO UPDATE SET device_type=EXCLUDED.device_type,status=EXCLUDED.status,brand=EXCLUDED.brand,model=EXCLUDED.model,serial_number=EXCLUDED.serial_number,mac_address=EXCLUDED.mac_address,asset_number=EXCLUDED.asset_number,firmware=EXCLUDED.firmware,comments=EXCLUDED.comments,source_updated_at=EXCLUDED.source_updated_at;
INSERT INTO cameras(device_id,form_factor) VALUES ('morjsqbqahygrw9h','turret') ON CONFLICT (device_id) DO UPDATE SET form_factor=EXCLUDED.form_factor;
INSERT INTO cctv_devices (id,device_type,status,brand,model,serial_number,mac_address,asset_number,firmware,comments,source_updated_at) VALUES ('morjsqbqllk1lx6m','camera',NULL,'Hikvision','DS-2CD1323G0E-I','20220815AAWRK42171238','C0:6D:ED:9D:70:E1','PAT111264','V5.7.23',NULL,'2026-05-28T21:09:30.526Z') ON CONFLICT (id) DO UPDATE SET device_type=EXCLUDED.device_type,status=EXCLUDED.status,brand=EXCLUDED.brand,model=EXCLUDED.model,serial_number=EXCLUDED.serial_number,mac_address=EXCLUDED.mac_address,asset_number=EXCLUDED.asset_number,firmware=EXCLUDED.firmware,comments=EXCLUDED.comments,source_updated_at=EXCLUDED.source_updated_at;
INSERT INTO cameras(device_id,form_factor) VALUES ('morjsqbqllk1lx6m','turret') ON CONFLICT (device_id) DO UPDATE SET form_factor=EXCLUDED.form_factor;
INSERT INTO cctv_devices (id,device_type,status,brand,model,serial_number,mac_address,asset_number,firmware,comments,source_updated_at) VALUES ('morjsqbqg5wp9g40','camera',NULL,'Hikvision','DS-2CD1323G0E-I','20220815AAWRK42171239','C0:6D:ED:9D:70:E2','PAT111262','V5.7.23',NULL,'2026-05-23T04:08:39.941Z') ON CONFLICT (id) DO UPDATE SET device_type=EXCLUDED.device_type,status=EXCLUDED.status,brand=EXCLUDED.brand,model=EXCLUDED.model,serial_number=EXCLUDED.serial_number,mac_address=EXCLUDED.mac_address,asset_number=EXCLUDED.asset_number,firmware=EXCLUDED.firmware,comments=EXCLUDED.comments,source_updated_at=EXCLUDED.source_updated_at;
INSERT INTO cameras(device_id,form_factor) VALUES ('morjsqbqg5wp9g40','turret') ON CONFLICT (device_id) DO UPDATE SET form_factor=EXCLUDED.form_factor;
INSERT INTO cctv_devices (id,device_type,status,brand,model,serial_number,mac_address,asset_number,firmware,comments,source_updated_at) VALUES ('morjsqbqo6stzr22','camera',NULL,'Hikvision','DS-2CD1323G0E-I','20220815AAWRK42171240','C0:6D:ED:9D:70:E3','PAT111267','V5.7.23',NULL,'2026-05-23T04:08:39.941Z') ON CONFLICT (id) DO UPDATE SET device_type=EXCLUDED.device_type,status=EXCLUDED.status,brand=EXCLUDED.brand,model=EXCLUDED.model,serial_number=EXCLUDED.serial_number,mac_address=EXCLUDED.mac_address,asset_number=EXCLUDED.asset_number,firmware=EXCLUDED.firmware,comments=EXCLUDED.comments,source_updated_at=EXCLUDED.source_updated_at;
INSERT INTO cameras(device_id,form_factor) VALUES ('morjsqbqo6stzr22','turret') ON CONFLICT (device_id) DO UPDATE SET form_factor=EXCLUDED.form_factor;
INSERT INTO cctv_devices (id,device_type,status,brand,model,serial_number,mac_address,asset_number,firmware,comments,source_updated_at) VALUES ('morjsqbqy0iel763','camera',NULL,'Hikvision','DS-2CD1323G0E-I','20220815AAWRK42171241','C0:6D:ED:9D:70:E4','PAT111270','V5.7.23',NULL,'2026-05-23T04:08:39.941Z') ON CONFLICT (id) DO UPDATE SET device_type=EXCLUDED.device_type,status=EXCLUDED.status,brand=EXCLUDED.brand,model=EXCLUDED.model,serial_number=EXCLUDED.serial_number,mac_address=EXCLUDED.mac_address,asset_number=EXCLUDED.asset_number,firmware=EXCLUDED.firmware,comments=EXCLUDED.comments,source_updated_at=EXCLUDED.source_updated_at;
INSERT INTO cameras(device_id,form_factor) VALUES ('morjsqbqy0iel763','turret') ON CONFLICT (device_id) DO UPDATE SET form_factor=EXCLUDED.form_factor;
INSERT INTO cctv_devices (id,device_type,status,brand,model,serial_number,mac_address,asset_number,firmware,comments,source_updated_at) VALUES ('morjsqbq5eqnfyz7','camera',NULL,'Hikvision','DS-2CD1323G0E-I','20220815AAWRK42171242','C0:6D:ED:9D:70:E5','PAT111275','V5.7.23',NULL,'2026-05-23T04:08:39.941Z') ON CONFLICT (id) DO UPDATE SET device_type=EXCLUDED.device_type,status=EXCLUDED.status,brand=EXCLUDED.brand,model=EXCLUDED.model,serial_number=EXCLUDED.serial_number,mac_address=EXCLUDED.mac_address,asset_number=EXCLUDED.asset_number,firmware=EXCLUDED.firmware,comments=EXCLUDED.comments,source_updated_at=EXCLUDED.source_updated_at;
INSERT INTO cameras(device_id,form_factor) VALUES ('morjsqbq5eqnfyz7','turret') ON CONFLICT (device_id) DO UPDATE SET form_factor=EXCLUDED.form_factor;
INSERT INTO cctv_devices (id,device_type,status,brand,model,serial_number,mac_address,asset_number,firmware,comments,source_updated_at) VALUES ('morjsqbqhx4gw4r3','camera',NULL,'Hikvision','DS-2CD1323G0E-I','20220815AAWRK42171243','C0:6D:ED:9D:70:E6','PAT111278','V5.7.23',NULL,'2026-05-23T04:08:39.941Z') ON CONFLICT (id) DO UPDATE SET device_type=EXCLUDED.device_type,status=EXCLUDED.status,brand=EXCLUDED.brand,model=EXCLUDED.model,serial_number=EXCLUDED.serial_number,mac_address=EXCLUDED.mac_address,asset_number=EXCLUDED.asset_number,firmware=EXCLUDED.firmware,comments=EXCLUDED.comments,source_updated_at=EXCLUDED.source_updated_at;
INSERT INTO cameras(device_id,form_factor) VALUES ('morjsqbqhx4gw4r3','turret') ON CONFLICT (device_id) DO UPDATE SET form_factor=EXCLUDED.form_factor;
INSERT INTO cctv_devices (id,device_type,status,brand,model,serial_number,mac_address,asset_number,firmware,comments,source_updated_at) VALUES ('morjsqbq936tvgec','camera',NULL,'Hikvision','DS-2CD1323G0E-I','20220815AAWRK42171244','C0:6D:ED:9D:70:E7','PAT111274','V5.7.23',NULL,'2026-05-23T04:08:39.941Z') ON CONFLICT (id) DO UPDATE SET device_type=EXCLUDED.device_type,status=EXCLUDED.status,brand=EXCLUDED.brand,model=EXCLUDED.model,serial_number=EXCLUDED.serial_number,mac_address=EXCLUDED.mac_address,asset_number=EXCLUDED.asset_number,firmware=EXCLUDED.firmware,comments=EXCLUDED.comments,source_updated_at=EXCLUDED.source_updated_at;
INSERT INTO cameras(device_id,form_factor) VALUES ('morjsqbq936tvgec','turret') ON CONFLICT (device_id) DO UPDATE SET form_factor=EXCLUDED.form_factor;
INSERT INTO cctv_devices (id,device_type,status,brand,model,serial_number,mac_address,asset_number,firmware,comments,source_updated_at) VALUES ('morjsqbqwqus197j','camera',NULL,'Hikvision','DS-2CD1323G0E-I','20220815AAWRK42171245','C0:6D:ED:9D:70:E8','PAT111230','V5.7.23',NULL,'2026-05-23T04:08:39.941Z') ON CONFLICT (id) DO UPDATE SET device_type=EXCLUDED.device_type,status=EXCLUDED.status,brand=EXCLUDED.brand,model=EXCLUDED.model,serial_number=EXCLUDED.serial_number,mac_address=EXCLUDED.mac_address,asset_number=EXCLUDED.asset_number,firmware=EXCLUDED.firmware,comments=EXCLUDED.comments,source_updated_at=EXCLUDED.source_updated_at;
INSERT INTO cameras(device_id,form_factor) VALUES ('morjsqbqwqus197j','turret') ON CONFLICT (device_id) DO UPDATE SET form_factor=EXCLUDED.form_factor;
INSERT INTO cctv_devices (id,device_type,status,brand,model,serial_number,mac_address,asset_number,firmware,comments,source_updated_at) VALUES ('morjsqbqu4d3n73k','camera',NULL,'Hikvision','DS-2CD1323G0E-I','20220815AAWRK42171246','C0:6D:ED:9D:70:E9','PAT111273','V5.7.23',NULL,'2026-05-23T04:08:39.941Z') ON CONFLICT (id) DO UPDATE SET device_type=EXCLUDED.device_type,status=EXCLUDED.status,brand=EXCLUDED.brand,model=EXCLUDED.model,serial_number=EXCLUDED.serial_number,mac_address=EXCLUDED.mac_address,asset_number=EXCLUDED.asset_number,firmware=EXCLUDED.firmware,comments=EXCLUDED.comments,source_updated_at=EXCLUDED.source_updated_at;
INSERT INTO cameras(device_id,form_factor) VALUES ('morjsqbqu4d3n73k','turret') ON CONFLICT (device_id) DO UPDATE SET form_factor=EXCLUDED.form_factor;
INSERT INTO cctv_devices (id,device_type,status,brand,model,serial_number,mac_address,asset_number,firmware,comments,source_updated_at) VALUES ('morjsqbqhgkvh1jh','camera',NULL,'Hikvision','DS-2CD1323G0E-I','20220815AAWRK42171247','C0:6D:ED:9D:70:EA','PAT111243','V5.7.23',NULL,'2026-05-23T04:08:39.941Z') ON CONFLICT (id) DO UPDATE SET device_type=EXCLUDED.device_type,status=EXCLUDED.status,brand=EXCLUDED.brand,model=EXCLUDED.model,serial_number=EXCLUDED.serial_number,mac_address=EXCLUDED.mac_address,asset_number=EXCLUDED.asset_number,firmware=EXCLUDED.firmware,comments=EXCLUDED.comments,source_updated_at=EXCLUDED.source_updated_at;
INSERT INTO cameras(device_id,form_factor) VALUES ('morjsqbqhgkvh1jh','turret') ON CONFLICT (device_id) DO UPDATE SET form_factor=EXCLUDED.form_factor;
INSERT INTO cctv_devices (id,device_type,status,brand,model,serial_number,mac_address,asset_number,firmware,comments,source_updated_at) VALUES ('morjsqbqorj9qlgv','camera',NULL,'Hikvision','DS-2CD1323G0E-I','20220815AAWRK42171248','C0:6D:ED:9D:70:EB','PAT111255','V5.7.23',NULL,'2026-05-23T04:08:39.941Z') ON CONFLICT (id) DO UPDATE SET device_type=EXCLUDED.device_type,status=EXCLUDED.status,brand=EXCLUDED.brand,model=EXCLUDED.model,serial_number=EXCLUDED.serial_number,mac_address=EXCLUDED.mac_address,asset_number=EXCLUDED.asset_number,firmware=EXCLUDED.firmware,comments=EXCLUDED.comments,source_updated_at=EXCLUDED.source_updated_at;
INSERT INTO cameras(device_id,form_factor) VALUES ('morjsqbqorj9qlgv','turret') ON CONFLICT (device_id) DO UPDATE SET form_factor=EXCLUDED.form_factor;
INSERT INTO cctv_devices (id,device_type,status,brand,model,serial_number,mac_address,asset_number,firmware,comments,source_updated_at) VALUES ('morjsqbq0d6smdwx','camera',NULL,'Hikvision','DS-2CD1323G0E-I','20220815AAWRK42171249','C0:6D:ED:9D:70:EC','PAT111257','V5.7.23',NULL,'2026-05-23T04:08:39.941Z') ON CONFLICT (id) DO UPDATE SET device_type=EXCLUDED.device_type,status=EXCLUDED.status,brand=EXCLUDED.brand,model=EXCLUDED.model,serial_number=EXCLUDED.serial_number,mac_address=EXCLUDED.mac_address,asset_number=EXCLUDED.asset_number,firmware=EXCLUDED.firmware,comments=EXCLUDED.comments,source_updated_at=EXCLUDED.source_updated_at;
INSERT INTO cameras(device_id,form_factor) VALUES ('morjsqbq0d6smdwx','turret') ON CONFLICT (device_id) DO UPDATE SET form_factor=EXCLUDED.form_factor;
INSERT INTO cctv_devices (id,device_type,status,brand,model,serial_number,mac_address,asset_number,firmware,comments,source_updated_at) VALUES ('morjsqbqpilp308g','camera',NULL,'Hikvision','DS-2CD1323G0E-I','20220815AAWRK42171250','C0:6D:ED:9D:70:ED','PAT111240','V5.7.23',NULL,'2026-05-23T04:08:39.941Z') ON CONFLICT (id) DO UPDATE SET device_type=EXCLUDED.device_type,status=EXCLUDED.status,brand=EXCLUDED.brand,model=EXCLUDED.model,serial_number=EXCLUDED.serial_number,mac_address=EXCLUDED.mac_address,asset_number=EXCLUDED.asset_number,firmware=EXCLUDED.firmware,comments=EXCLUDED.comments,source_updated_at=EXCLUDED.source_updated_at;
INSERT INTO cameras(device_id,form_factor) VALUES ('morjsqbqpilp308g','turret') ON CONFLICT (device_id) DO UPDATE SET form_factor=EXCLUDED.form_factor;
INSERT INTO cctv_devices (id,device_type,status,brand,model,serial_number,mac_address,asset_number,firmware,comments,source_updated_at) VALUES ('morjsqbqagshn5o8','camera',NULL,'Hikvision','DS-2CD1323G0E-I','20220815AAWRK42171251','C0:6D:ED:9D:70:EE','PAT111256','V5.7.23',NULL,'2026-05-23T04:08:39.941Z') ON CONFLICT (id) DO UPDATE SET device_type=EXCLUDED.device_type,status=EXCLUDED.status,brand=EXCLUDED.brand,model=EXCLUDED.model,serial_number=EXCLUDED.serial_number,mac_address=EXCLUDED.mac_address,asset_number=EXCLUDED.asset_number,firmware=EXCLUDED.firmware,comments=EXCLUDED.comments,source_updated_at=EXCLUDED.source_updated_at;
INSERT INTO cameras(device_id,form_factor) VALUES ('morjsqbqagshn5o8','turret') ON CONFLICT (device_id) DO UPDATE SET form_factor=EXCLUDED.form_factor;
INSERT INTO cctv_devices (id,device_type,status,brand,model,serial_number,mac_address,asset_number,firmware,comments,source_updated_at) VALUES ('morjsqbq86y3ppii','camera',NULL,'Hikvision','DS-2CD1323G0E-I','20220815AAWRK42171252','C0:6D:ED:9D:70:EF','PAT111249','V5.7.23',NULL,'2026-05-23T04:08:39.941Z') ON CONFLICT (id) DO UPDATE SET device_type=EXCLUDED.device_type,status=EXCLUDED.status,brand=EXCLUDED.brand,model=EXCLUDED.model,serial_number=EXCLUDED.serial_number,mac_address=EXCLUDED.mac_address,asset_number=EXCLUDED.asset_number,firmware=EXCLUDED.firmware,comments=EXCLUDED.comments,source_updated_at=EXCLUDED.source_updated_at;
INSERT INTO cameras(device_id,form_factor) VALUES ('morjsqbq86y3ppii','turret') ON CONFLICT (device_id) DO UPDATE SET form_factor=EXCLUDED.form_factor;
INSERT INTO cctv_devices (id,device_type,status,brand,model,serial_number,mac_address,asset_number,firmware,comments,source_updated_at) VALUES ('morjsqbqknyc7vwn','camera',NULL,'Hikvision','DS-2CD1323G0E-I','20220815AAWRK42171253','C0:6D:ED:9D:70:F0','PAT111235','V5.7.23',NULL,'2026-05-23T04:08:39.941Z') ON CONFLICT (id) DO UPDATE SET device_type=EXCLUDED.device_type,status=EXCLUDED.status,brand=EXCLUDED.brand,model=EXCLUDED.model,serial_number=EXCLUDED.serial_number,mac_address=EXCLUDED.mac_address,asset_number=EXCLUDED.asset_number,firmware=EXCLUDED.firmware,comments=EXCLUDED.comments,source_updated_at=EXCLUDED.source_updated_at;
INSERT INTO cameras(device_id,form_factor) VALUES ('morjsqbqknyc7vwn','turret') ON CONFLICT (device_id) DO UPDATE SET form_factor=EXCLUDED.form_factor;
INSERT INTO cctv_devices (id,device_type,status,brand,model,serial_number,mac_address,asset_number,firmware,comments,source_updated_at) VALUES ('morjsqbqco6gdmw2','camera',NULL,'Hikvision','DS-2CD1323G0E-I','20220815AAWRK42171254','C0:6D:ED:9D:70:F1','PAT111259','V5.7.23',NULL,'2026-05-23T04:08:39.941Z') ON CONFLICT (id) DO UPDATE SET device_type=EXCLUDED.device_type,status=EXCLUDED.status,brand=EXCLUDED.brand,model=EXCLUDED.model,serial_number=EXCLUDED.serial_number,mac_address=EXCLUDED.mac_address,asset_number=EXCLUDED.asset_number,firmware=EXCLUDED.firmware,comments=EXCLUDED.comments,source_updated_at=EXCLUDED.source_updated_at;
INSERT INTO cameras(device_id,form_factor) VALUES ('morjsqbqco6gdmw2','turret') ON CONFLICT (device_id) DO UPDATE SET form_factor=EXCLUDED.form_factor;
INSERT INTO cctv_devices (id,device_type,status,brand,model,serial_number,mac_address,asset_number,firmware,comments,source_updated_at) VALUES ('morjsqbq22ub2ava','camera',NULL,'Hikvision','DS-2CD1323G0E-I','20220815AAWRK42171255','C0:6D:ED:9D:70:F2','PAT111239','V5.7.23',NULL,'2026-05-23T04:08:39.941Z') ON CONFLICT (id) DO UPDATE SET device_type=EXCLUDED.device_type,status=EXCLUDED.status,brand=EXCLUDED.brand,model=EXCLUDED.model,serial_number=EXCLUDED.serial_number,mac_address=EXCLUDED.mac_address,asset_number=EXCLUDED.asset_number,firmware=EXCLUDED.firmware,comments=EXCLUDED.comments,source_updated_at=EXCLUDED.source_updated_at;
INSERT INTO cameras(device_id,form_factor) VALUES ('morjsqbq22ub2ava','turret') ON CONFLICT (device_id) DO UPDATE SET form_factor=EXCLUDED.form_factor;
INSERT INTO cctv_devices (id,device_type,status,brand,model,serial_number,mac_address,asset_number,firmware,comments,source_updated_at) VALUES ('morjsqbqzosnx8rs','camera',NULL,'Hikvision','DS-2CD1323G0E-I','20220815AAWRK42171256','C0:6D:ED:9D:70:F3','PAT111266','V5.7.23',NULL,'2026-05-23T04:08:39.941Z') ON CONFLICT (id) DO UPDATE SET device_type=EXCLUDED.device_type,status=EXCLUDED.status,brand=EXCLUDED.brand,model=EXCLUDED.model,serial_number=EXCLUDED.serial_number,mac_address=EXCLUDED.mac_address,asset_number=EXCLUDED.asset_number,firmware=EXCLUDED.firmware,comments=EXCLUDED.comments,source_updated_at=EXCLUDED.source_updated_at;
INSERT INTO cameras(device_id,form_factor) VALUES ('morjsqbqzosnx8rs','turret') ON CONFLICT (device_id) DO UPDATE SET form_factor=EXCLUDED.form_factor;
INSERT INTO cctv_devices (id,device_type,status,brand,model,serial_number,mac_address,asset_number,firmware,comments,source_updated_at) VALUES ('morjsqbqjzwdgxa8','camera',NULL,'Hikvision','DS-2CD1323G0E-I','20220815AAWRK42171257','C0:6D:ED:9D:70:F4','PAT111244','V5.7.23',NULL,'2026-05-23T04:08:39.941Z') ON CONFLICT (id) DO UPDATE SET device_type=EXCLUDED.device_type,status=EXCLUDED.status,brand=EXCLUDED.brand,model=EXCLUDED.model,serial_number=EXCLUDED.serial_number,mac_address=EXCLUDED.mac_address,asset_number=EXCLUDED.asset_number,firmware=EXCLUDED.firmware,comments=EXCLUDED.comments,source_updated_at=EXCLUDED.source_updated_at;
INSERT INTO cameras(device_id,form_factor) VALUES ('morjsqbqjzwdgxa8','turret') ON CONFLICT (device_id) DO UPDATE SET form_factor=EXCLUDED.form_factor;
INSERT INTO cctv_devices (id,device_type,status,brand,model,serial_number,mac_address,asset_number,firmware,comments,source_updated_at) VALUES ('morjsqbq6tlhvhn9','camera',NULL,'Hikvision','DS-2CD1323G0E-I','20220815AAWRK42171258','C0:6D:ED:9D:70:F5','PAT111247','V5.7.23',NULL,'2026-05-23T04:08:39.941Z') ON CONFLICT (id) DO UPDATE SET device_type=EXCLUDED.device_type,status=EXCLUDED.status,brand=EXCLUDED.brand,model=EXCLUDED.model,serial_number=EXCLUDED.serial_number,mac_address=EXCLUDED.mac_address,asset_number=EXCLUDED.asset_number,firmware=EXCLUDED.firmware,comments=EXCLUDED.comments,source_updated_at=EXCLUDED.source_updated_at;
INSERT INTO cameras(device_id,form_factor) VALUES ('morjsqbq6tlhvhn9','turret') ON CONFLICT (device_id) DO UPDATE SET form_factor=EXCLUDED.form_factor;
INSERT INTO cctv_devices (id,device_type,status,brand,model,serial_number,mac_address,asset_number,firmware,comments,source_updated_at) VALUES ('morjsqbqchpg67dp','camera',NULL,'Hikvision','DS-2CD1323G0E-I','20220815AAWRK42171259','C0:6D:ED:9D:70:F6','PAT111245','V5.7.23',NULL,'2026-05-23T04:08:39.941Z') ON CONFLICT (id) DO UPDATE SET device_type=EXCLUDED.device_type,status=EXCLUDED.status,brand=EXCLUDED.brand,model=EXCLUDED.model,serial_number=EXCLUDED.serial_number,mac_address=EXCLUDED.mac_address,asset_number=EXCLUDED.asset_number,firmware=EXCLUDED.firmware,comments=EXCLUDED.comments,source_updated_at=EXCLUDED.source_updated_at;
INSERT INTO cameras(device_id,form_factor) VALUES ('morjsqbqchpg67dp','turret') ON CONFLICT (device_id) DO UPDATE SET form_factor=EXCLUDED.form_factor;
INSERT INTO cctv_devices (id,device_type,status,brand,model,serial_number,mac_address,asset_number,firmware,comments,source_updated_at) VALUES ('morjsqbq9is0g1fa','camera',NULL,'Hikvision','DS-2CD1323G0E-I','20220815AAWRK42171260','C0:6D:ED:9D:70:F7','PAT111229','V5.7.23',NULL,'2026-05-23T04:08:39.941Z') ON CONFLICT (id) DO UPDATE SET device_type=EXCLUDED.device_type,status=EXCLUDED.status,brand=EXCLUDED.brand,model=EXCLUDED.model,serial_number=EXCLUDED.serial_number,mac_address=EXCLUDED.mac_address,asset_number=EXCLUDED.asset_number,firmware=EXCLUDED.firmware,comments=EXCLUDED.comments,source_updated_at=EXCLUDED.source_updated_at;
INSERT INTO cameras(device_id,form_factor) VALUES ('morjsqbq9is0g1fa','turret') ON CONFLICT (device_id) DO UPDATE SET form_factor=EXCLUDED.form_factor;
INSERT INTO cctv_devices (id,device_type,status,brand,model,serial_number,mac_address,asset_number,firmware,comments,source_updated_at) VALUES ('morjsqbqeorkb7lq','camera',NULL,'Hikvision','DS-2CD1323G0E-I','20220815AAWRK42171261','C0:6D:ED:9D:70:F8','PAT111251','V5.7.23',NULL,'2026-05-23T04:08:39.941Z') ON CONFLICT (id) DO UPDATE SET device_type=EXCLUDED.device_type,status=EXCLUDED.status,brand=EXCLUDED.brand,model=EXCLUDED.model,serial_number=EXCLUDED.serial_number,mac_address=EXCLUDED.mac_address,asset_number=EXCLUDED.asset_number,firmware=EXCLUDED.firmware,comments=EXCLUDED.comments,source_updated_at=EXCLUDED.source_updated_at;
INSERT INTO cameras(device_id,form_factor) VALUES ('morjsqbqeorkb7lq','turret') ON CONFLICT (device_id) DO UPDATE SET form_factor=EXCLUDED.form_factor;
INSERT INTO cctv_devices (id,device_type,status,brand,model,serial_number,mac_address,asset_number,firmware,comments,source_updated_at) VALUES ('morjsqbq07nq5mlo','camera',NULL,'Hikvision','DS-2CD1323G0E-I','20220815AAWRK42171262','C0:6D:ED:9D:70:F9','PAT111237','V5.7.23',NULL,'2026-05-23T04:08:39.941Z') ON CONFLICT (id) DO UPDATE SET device_type=EXCLUDED.device_type,status=EXCLUDED.status,brand=EXCLUDED.brand,model=EXCLUDED.model,serial_number=EXCLUDED.serial_number,mac_address=EXCLUDED.mac_address,asset_number=EXCLUDED.asset_number,firmware=EXCLUDED.firmware,comments=EXCLUDED.comments,source_updated_at=EXCLUDED.source_updated_at;
INSERT INTO cameras(device_id,form_factor) VALUES ('morjsqbq07nq5mlo','turret') ON CONFLICT (device_id) DO UPDATE SET form_factor=EXCLUDED.form_factor;
INSERT INTO cctv_devices (id,device_type,status,brand,model,serial_number,mac_address,asset_number,firmware,comments,source_updated_at) VALUES ('morjsqbqkd3fadow','camera',NULL,'Hikvision','DS-2CD1323G0E-I','20220815AAWRK42171263','C0:6D:ED:9D:70:FA','PAT111254','V5.7.23',NULL,'2026-05-23T04:08:39.941Z') ON CONFLICT (id) DO UPDATE SET device_type=EXCLUDED.device_type,status=EXCLUDED.status,brand=EXCLUDED.brand,model=EXCLUDED.model,serial_number=EXCLUDED.serial_number,mac_address=EXCLUDED.mac_address,asset_number=EXCLUDED.asset_number,firmware=EXCLUDED.firmware,comments=EXCLUDED.comments,source_updated_at=EXCLUDED.source_updated_at;
INSERT INTO cameras(device_id,form_factor) VALUES ('morjsqbqkd3fadow','turret') ON CONFLICT (device_id) DO UPDATE SET form_factor=EXCLUDED.form_factor;
INSERT INTO cctv_devices (id,device_type,status,brand,model,serial_number,mac_address,asset_number,firmware,comments,source_updated_at) VALUES ('morjsqbq077j67e2','camera',NULL,'Hikvision','DS-2CD1323G0E-I','20220815AAWRK42171264','C0:6D:ED:9D:70:FB','PAT111238','V5.7.23',NULL,'2026-05-23T04:08:39.941Z') ON CONFLICT (id) DO UPDATE SET device_type=EXCLUDED.device_type,status=EXCLUDED.status,brand=EXCLUDED.brand,model=EXCLUDED.model,serial_number=EXCLUDED.serial_number,mac_address=EXCLUDED.mac_address,asset_number=EXCLUDED.asset_number,firmware=EXCLUDED.firmware,comments=EXCLUDED.comments,source_updated_at=EXCLUDED.source_updated_at;
INSERT INTO cameras(device_id,form_factor) VALUES ('morjsqbq077j67e2','turret') ON CONFLICT (device_id) DO UPDATE SET form_factor=EXCLUDED.form_factor;
INSERT INTO cctv_devices (id,device_type,status,brand,model,serial_number,mac_address,asset_number,firmware,comments,source_updated_at) VALUES ('morjsqbqsmacm907','camera',NULL,'Hikvision','DS-2CD1323G0E-I','20220815AAWRK42171265','C0:6D:ED:9D:70:FC','PAT111232','V5.7.23',NULL,'2026-05-23T04:08:39.941Z') ON CONFLICT (id) DO UPDATE SET device_type=EXCLUDED.device_type,status=EXCLUDED.status,brand=EXCLUDED.brand,model=EXCLUDED.model,serial_number=EXCLUDED.serial_number,mac_address=EXCLUDED.mac_address,asset_number=EXCLUDED.asset_number,firmware=EXCLUDED.firmware,comments=EXCLUDED.comments,source_updated_at=EXCLUDED.source_updated_at;
INSERT INTO cameras(device_id,form_factor) VALUES ('morjsqbqsmacm907','turret') ON CONFLICT (device_id) DO UPDATE SET form_factor=EXCLUDED.form_factor;
INSERT INTO cctv_devices (id,device_type,status,brand,model,serial_number,mac_address,asset_number,firmware,comments,source_updated_at) VALUES ('morjsqbqk6bk80u0','camera',NULL,'Hikvision','DS-2CD1323G0E-I','20220815AAWRK42171266','C0:6D:ED:9D:70:FD','PAT111252','V5.7.23',NULL,'2026-05-23T04:08:39.941Z') ON CONFLICT (id) DO UPDATE SET device_type=EXCLUDED.device_type,status=EXCLUDED.status,brand=EXCLUDED.brand,model=EXCLUDED.model,serial_number=EXCLUDED.serial_number,mac_address=EXCLUDED.mac_address,asset_number=EXCLUDED.asset_number,firmware=EXCLUDED.firmware,comments=EXCLUDED.comments,source_updated_at=EXCLUDED.source_updated_at;
INSERT INTO cameras(device_id,form_factor) VALUES ('morjsqbqk6bk80u0','turret') ON CONFLICT (device_id) DO UPDATE SET form_factor=EXCLUDED.form_factor;
INSERT INTO cctv_devices (id,device_type,status,brand,model,serial_number,mac_address,asset_number,firmware,comments,source_updated_at) VALUES ('morjsqbqjy7cwzsl','camera',NULL,'Hikvision','DS-2CD1323G0E-I','20220815AAWRK42171267','C0:6D:ED:9D:70:FE','PAT111241','V5.7.23',NULL,'2026-05-23T04:08:39.941Z') ON CONFLICT (id) DO UPDATE SET device_type=EXCLUDED.device_type,status=EXCLUDED.status,brand=EXCLUDED.brand,model=EXCLUDED.model,serial_number=EXCLUDED.serial_number,mac_address=EXCLUDED.mac_address,asset_number=EXCLUDED.asset_number,firmware=EXCLUDED.firmware,comments=EXCLUDED.comments,source_updated_at=EXCLUDED.source_updated_at;
INSERT INTO cameras(device_id,form_factor) VALUES ('morjsqbqjy7cwzsl','turret') ON CONFLICT (device_id) DO UPDATE SET form_factor=EXCLUDED.form_factor;
INSERT INTO cctv_devices (id,device_type,status,brand,model,serial_number,mac_address,asset_number,firmware,comments,source_updated_at) VALUES ('morjsqbqduad9ob5','camera',NULL,'Hikvision','DS-2CD1323G0E-I','20220815AAWRK42171268','C0:6D:ED:9D:70:FF','PAT111246','V5.7.23',NULL,'2026-05-23T04:08:39.941Z') ON CONFLICT (id) DO UPDATE SET device_type=EXCLUDED.device_type,status=EXCLUDED.status,brand=EXCLUDED.brand,model=EXCLUDED.model,serial_number=EXCLUDED.serial_number,mac_address=EXCLUDED.mac_address,asset_number=EXCLUDED.asset_number,firmware=EXCLUDED.firmware,comments=EXCLUDED.comments,source_updated_at=EXCLUDED.source_updated_at;
INSERT INTO cameras(device_id,form_factor) VALUES ('morjsqbqduad9ob5','turret') ON CONFLICT (device_id) DO UPDATE SET form_factor=EXCLUDED.form_factor;
INSERT INTO cctv_devices (id,device_type,status,brand,model,serial_number,mac_address,asset_number,firmware,comments,source_updated_at) VALUES ('morjsqbqmk1vi8ig','camera',NULL,'Hikvision','DS-2CD1323G0E-I','20220815AAWRK42171269','C0:6D:ED:9D:71:00','PAT111258','V5.7.23',NULL,'2026-05-23T04:08:39.941Z') ON CONFLICT (id) DO UPDATE SET device_type=EXCLUDED.device_type,status=EXCLUDED.status,brand=EXCLUDED.brand,model=EXCLUDED.model,serial_number=EXCLUDED.serial_number,mac_address=EXCLUDED.mac_address,asset_number=EXCLUDED.asset_number,firmware=EXCLUDED.firmware,comments=EXCLUDED.comments,source_updated_at=EXCLUDED.source_updated_at;
INSERT INTO cameras(device_id,form_factor) VALUES ('morjsqbqmk1vi8ig','turret') ON CONFLICT (device_id) DO UPDATE SET form_factor=EXCLUDED.form_factor;
INSERT INTO cctv_devices (id,device_type,status,brand,model,serial_number,mac_address,asset_number,firmware,comments,source_updated_at) VALUES ('morjsqbq5rec38wy','camera',NULL,'Hikvision','DS-2CD1323G0E-I','20220815AAWRK42171270','C0:6D:ED:9D:71:01','PAT111253','V5.7.23',NULL,'2026-05-23T04:08:39.941Z') ON CONFLICT (id) DO UPDATE SET device_type=EXCLUDED.device_type,status=EXCLUDED.status,brand=EXCLUDED.brand,model=EXCLUDED.model,serial_number=EXCLUDED.serial_number,mac_address=EXCLUDED.mac_address,asset_number=EXCLUDED.asset_number,firmware=EXCLUDED.firmware,comments=EXCLUDED.comments,source_updated_at=EXCLUDED.source_updated_at;
INSERT INTO cameras(device_id,form_factor) VALUES ('morjsqbq5rec38wy','turret') ON CONFLICT (device_id) DO UPDATE SET form_factor=EXCLUDED.form_factor;
INSERT INTO cctv_devices (id,device_type,status,brand,model,serial_number,mac_address,asset_number,firmware,comments,source_updated_at) VALUES ('morjsqbqxi55mpo4','camera',NULL,'Hikvision','DS-2CD1323G0E-I','20220815AAWRK42171271','C0:6D:ED:9D:71:02','PAT111286','V5.7.23',NULL,'2026-05-23T04:08:39.941Z') ON CONFLICT (id) DO UPDATE SET device_type=EXCLUDED.device_type,status=EXCLUDED.status,brand=EXCLUDED.brand,model=EXCLUDED.model,serial_number=EXCLUDED.serial_number,mac_address=EXCLUDED.mac_address,asset_number=EXCLUDED.asset_number,firmware=EXCLUDED.firmware,comments=EXCLUDED.comments,source_updated_at=EXCLUDED.source_updated_at;
INSERT INTO cameras(device_id,form_factor) VALUES ('morjsqbqxi55mpo4','turret') ON CONFLICT (device_id) DO UPDATE SET form_factor=EXCLUDED.form_factor;
INSERT INTO cctv_devices (id,device_type,status,brand,model,serial_number,mac_address,asset_number,firmware,comments,source_updated_at) VALUES ('morjsqbqylyhu91y','camera',NULL,'Hikvision','DS-2CD1323G0E-I','20220815AAWRK42171272','C0:6D:ED:9D:71:03','PAT111277','V5.7.23',NULL,'2026-05-23T04:08:39.941Z') ON CONFLICT (id) DO UPDATE SET device_type=EXCLUDED.device_type,status=EXCLUDED.status,brand=EXCLUDED.brand,model=EXCLUDED.model,serial_number=EXCLUDED.serial_number,mac_address=EXCLUDED.mac_address,asset_number=EXCLUDED.asset_number,firmware=EXCLUDED.firmware,comments=EXCLUDED.comments,source_updated_at=EXCLUDED.source_updated_at;
INSERT INTO cameras(device_id,form_factor) VALUES ('morjsqbqylyhu91y','turret') ON CONFLICT (device_id) DO UPDATE SET form_factor=EXCLUDED.form_factor;
INSERT INTO cctv_devices (id,device_type,status,brand,model,serial_number,mac_address,asset_number,firmware,comments,source_updated_at) VALUES ('morjsqbq21h7skmx','camera',NULL,'Hikvision','DS-2CD1323G0E-I','20220815AAWRK42171273','C0:6D:ED:9D:71:04','PAT111225','V5.7.23',NULL,'2026-05-23T04:08:39.941Z') ON CONFLICT (id) DO UPDATE SET device_type=EXCLUDED.device_type,status=EXCLUDED.status,brand=EXCLUDED.brand,model=EXCLUDED.model,serial_number=EXCLUDED.serial_number,mac_address=EXCLUDED.mac_address,asset_number=EXCLUDED.asset_number,firmware=EXCLUDED.firmware,comments=EXCLUDED.comments,source_updated_at=EXCLUDED.source_updated_at;
INSERT INTO cameras(device_id,form_factor) VALUES ('morjsqbq21h7skmx','turret') ON CONFLICT (device_id) DO UPDATE SET form_factor=EXCLUDED.form_factor;
INSERT INTO cctv_devices (id,device_type,status,brand,model,serial_number,mac_address,asset_number,firmware,comments,source_updated_at) VALUES ('morjsqbqrqbjz21g','camera',NULL,'Hikvision','DS-2CD1323G0E-I','20220815AAWRK42171274','C0:6D:ED:9D:71:05','PAT111248','V5.7.23',NULL,'2026-05-23T04:08:39.941Z') ON CONFLICT (id) DO UPDATE SET device_type=EXCLUDED.device_type,status=EXCLUDED.status,brand=EXCLUDED.brand,model=EXCLUDED.model,serial_number=EXCLUDED.serial_number,mac_address=EXCLUDED.mac_address,asset_number=EXCLUDED.asset_number,firmware=EXCLUDED.firmware,comments=EXCLUDED.comments,source_updated_at=EXCLUDED.source_updated_at;
INSERT INTO cameras(device_id,form_factor) VALUES ('morjsqbqrqbjz21g','turret') ON CONFLICT (device_id) DO UPDATE SET form_factor=EXCLUDED.form_factor;
INSERT INTO cctv_devices (id,device_type,status,brand,model,serial_number,mac_address,asset_number,firmware,comments,source_updated_at) VALUES ('morjsqbqgxq0bqe0','camera',NULL,'Hikvision','DS-2CD1323G0E-I','20220815AAWRK42171275','C0:6D:ED:9D:71:06',NULL,'V5.7.23',NULL,'2026-05-23T04:08:39.941Z') ON CONFLICT (id) DO UPDATE SET device_type=EXCLUDED.device_type,status=EXCLUDED.status,brand=EXCLUDED.brand,model=EXCLUDED.model,serial_number=EXCLUDED.serial_number,mac_address=EXCLUDED.mac_address,asset_number=EXCLUDED.asset_number,firmware=EXCLUDED.firmware,comments=EXCLUDED.comments,source_updated_at=EXCLUDED.source_updated_at;
INSERT INTO cameras(device_id,form_factor) VALUES ('morjsqbqgxq0bqe0','turret') ON CONFLICT (device_id) DO UPDATE SET form_factor=EXCLUDED.form_factor;
INSERT INTO cctv_devices (id,device_type,status,brand,model,serial_number,mac_address,asset_number,firmware,comments,source_updated_at) VALUES ('morjsqbq4bhkbmzl','camera',NULL,'Hikvision','DS-2CD1323G0E-I','20220815AAWRK42171276','C0:6D:ED:9D:71:07','PAT111227','V5.7.23',NULL,'2026-05-23T04:08:39.941Z') ON CONFLICT (id) DO UPDATE SET device_type=EXCLUDED.device_type,status=EXCLUDED.status,brand=EXCLUDED.brand,model=EXCLUDED.model,serial_number=EXCLUDED.serial_number,mac_address=EXCLUDED.mac_address,asset_number=EXCLUDED.asset_number,firmware=EXCLUDED.firmware,comments=EXCLUDED.comments,source_updated_at=EXCLUDED.source_updated_at;
INSERT INTO cameras(device_id,form_factor) VALUES ('morjsqbq4bhkbmzl','turret') ON CONFLICT (device_id) DO UPDATE SET form_factor=EXCLUDED.form_factor;
INSERT INTO cctv_devices (id,device_type,status,brand,model,serial_number,mac_address,asset_number,firmware,comments,source_updated_at) VALUES ('morjsqbqt84iysmu','camera',NULL,'Hikvision','DS-2CD1323G0E-I','20220815AAWRK42171277','C0:6D:ED:9D:71:08','PAT111234','V5.7.23',NULL,'2026-05-23T04:08:39.941Z') ON CONFLICT (id) DO UPDATE SET device_type=EXCLUDED.device_type,status=EXCLUDED.status,brand=EXCLUDED.brand,model=EXCLUDED.model,serial_number=EXCLUDED.serial_number,mac_address=EXCLUDED.mac_address,asset_number=EXCLUDED.asset_number,firmware=EXCLUDED.firmware,comments=EXCLUDED.comments,source_updated_at=EXCLUDED.source_updated_at;
INSERT INTO cameras(device_id,form_factor) VALUES ('morjsqbqt84iysmu','turret') ON CONFLICT (device_id) DO UPDATE SET form_factor=EXCLUDED.form_factor;
INSERT INTO cctv_devices (id,device_type,status,brand,model,serial_number,mac_address,asset_number,firmware,comments,source_updated_at) VALUES ('morjsqbqur2rgp49','camera',NULL,'Hikvision','DS-2CD1323G0E-I','20220815AAWRK42171278','C0:6D:ED:9D:71:09','PAT111250','V5.7.23',NULL,'2026-05-23T04:08:39.941Z') ON CONFLICT (id) DO UPDATE SET device_type=EXCLUDED.device_type,status=EXCLUDED.status,brand=EXCLUDED.brand,model=EXCLUDED.model,serial_number=EXCLUDED.serial_number,mac_address=EXCLUDED.mac_address,asset_number=EXCLUDED.asset_number,firmware=EXCLUDED.firmware,comments=EXCLUDED.comments,source_updated_at=EXCLUDED.source_updated_at;
INSERT INTO cameras(device_id,form_factor) VALUES ('morjsqbqur2rgp49','turret') ON CONFLICT (device_id) DO UPDATE SET form_factor=EXCLUDED.form_factor;
INSERT INTO cctv_devices (id,device_type,status,brand,model,serial_number,mac_address,asset_number,firmware,comments,source_updated_at) VALUES ('morjsqbqkb43btv7','camera',NULL,'Hikvision','DS-2CD1323G0E-I','20220815AAWRK42171279','C0:6D:ED:9D:71:0A','PAT111282','V5.7.23',NULL,'2026-05-23T04:08:39.941Z') ON CONFLICT (id) DO UPDATE SET device_type=EXCLUDED.device_type,status=EXCLUDED.status,brand=EXCLUDED.brand,model=EXCLUDED.model,serial_number=EXCLUDED.serial_number,mac_address=EXCLUDED.mac_address,asset_number=EXCLUDED.asset_number,firmware=EXCLUDED.firmware,comments=EXCLUDED.comments,source_updated_at=EXCLUDED.source_updated_at;
INSERT INTO cameras(device_id,form_factor) VALUES ('morjsqbqkb43btv7','turret') ON CONFLICT (device_id) DO UPDATE SET form_factor=EXCLUDED.form_factor;
INSERT INTO cctv_devices (id,device_type,status,brand,model,serial_number,mac_address,asset_number,firmware,comments,source_updated_at) VALUES ('morjsqbqzodahe5u','camera',NULL,'Hikvision','DS-2CD1323G0E-I','20220815AAWRK42171280','C0:6D:ED:9D:71:0B','PAT111260','V5.7.23',NULL,'2026-05-23T04:08:39.941Z') ON CONFLICT (id) DO UPDATE SET device_type=EXCLUDED.device_type,status=EXCLUDED.status,brand=EXCLUDED.brand,model=EXCLUDED.model,serial_number=EXCLUDED.serial_number,mac_address=EXCLUDED.mac_address,asset_number=EXCLUDED.asset_number,firmware=EXCLUDED.firmware,comments=EXCLUDED.comments,source_updated_at=EXCLUDED.source_updated_at;
INSERT INTO cameras(device_id,form_factor) VALUES ('morjsqbqzodahe5u','turret') ON CONFLICT (device_id) DO UPDATE SET form_factor=EXCLUDED.form_factor;
INSERT INTO cctv_devices (id,device_type,status,brand,model,serial_number,mac_address,asset_number,firmware,comments,source_updated_at) VALUES ('morjsqbqhdd2iew7','camera',NULL,'Hikvision','DS-2DE5220I-AENS','20150831CCWR538177827','C4:2F:90:BD:05:15',NULL,'V5.4.71',NULL,'2026-05-23T04:08:39.941Z') ON CONFLICT (id) DO UPDATE SET device_type=EXCLUDED.device_type,status=EXCLUDED.status,brand=EXCLUDED.brand,model=EXCLUDED.model,serial_number=EXCLUDED.serial_number,mac_address=EXCLUDED.mac_address,asset_number=EXCLUDED.asset_number,firmware=EXCLUDED.firmware,comments=EXCLUDED.comments,source_updated_at=EXCLUDED.source_updated_at;
INSERT INTO cameras(device_id,form_factor) VALUES ('morjsqbqhdd2iew7','domo-ptz') ON CONFLICT (device_id) DO UPDATE SET form_factor=EXCLUDED.form_factor;
INSERT INTO cctv_devices (id,device_type,status,brand,model,serial_number,mac_address,asset_number,firmware,comments,source_updated_at) VALUES ('morjsqbpmrswng74','camera',NULL,'Dahua','DH-IPC-HDPW1230R1P-0280B-S5','9H0199BPAG19A9A','F4:B1:C2:F6:71:C6','NO','2.840.0000000.6.R,build:2023-01-11',NULL,'2026-06-25 14:10') ON CONFLICT (id) DO UPDATE SET device_type=EXCLUDED.device_type,status=EXCLUDED.status,brand=EXCLUDED.brand,model=EXCLUDED.model,serial_number=EXCLUDED.serial_number,mac_address=EXCLUDED.mac_address,asset_number=EXCLUDED.asset_number,firmware=EXCLUDED.firmware,comments=EXCLUDED.comments,source_updated_at=EXCLUDED.source_updated_at;
INSERT INTO cameras(device_id,form_factor) VALUES ('morjsqbpmrswng74','domo') ON CONFLICT (device_id) DO UPDATE SET form_factor=EXCLUDED.form_factor;
INSERT INTO cctv_devices (id,device_type,status,brand,model,serial_number,mac_address,asset_number,firmware,comments,source_updated_at) VALUES ('morjsqbpmrlz2gcd','camera',NULL,'Dahua','DH-IPC-HDPW1230R1P-0280B-S5','9H0199BPAG0FEFC','F4:B1:C2:F6:72:02','NO','2.840.0000000.6.R,build:2023-01-11',NULL,'2026-06-25 14:10') ON CONFLICT (id) DO UPDATE SET device_type=EXCLUDED.device_type,status=EXCLUDED.status,brand=EXCLUDED.brand,model=EXCLUDED.model,serial_number=EXCLUDED.serial_number,mac_address=EXCLUDED.mac_address,asset_number=EXCLUDED.asset_number,firmware=EXCLUDED.firmware,comments=EXCLUDED.comments,source_updated_at=EXCLUDED.source_updated_at;
INSERT INTO cameras(device_id,form_factor) VALUES ('morjsqbpmrlz2gcd','domo') ON CONFLICT (device_id) DO UPDATE SET form_factor=EXCLUDED.form_factor;
INSERT INTO cctv_devices (id,device_type,status,brand,model,serial_number,mac_address,asset_number,firmware,comments,source_updated_at) VALUES ('morjsqbq9m3mj3m5','camera','revisar','SCV','CAM (sin modelo)','relevar',NULL,'NO',NULL,NULL,'2026-06-30T19:16:23.753Z') ON CONFLICT (id) DO UPDATE SET device_type=EXCLUDED.device_type,status=EXCLUDED.status,brand=EXCLUDED.brand,model=EXCLUDED.model,serial_number=EXCLUDED.serial_number,mac_address=EXCLUDED.mac_address,asset_number=EXCLUDED.asset_number,firmware=EXCLUDED.firmware,comments=EXCLUDED.comments,source_updated_at=EXCLUDED.source_updated_at;
INSERT INTO cameras(device_id,form_factor) VALUES ('morjsqbq9m3mj3m5','minibullet') ON CONFLICT (device_id) DO UPDATE SET form_factor=EXCLUDED.form_factor;
INSERT INTO cctv_devices (id,device_type,status,brand,model,serial_number,mac_address,asset_number,firmware,comments,source_updated_at) VALUES ('morjsqbqb4hltstf','camera',NULL,'Hikvision','DS-2DE5225IW-AE','relevar',NULL,'PAT102576',NULL,NULL,'2026-05-23T04:08:39.941Z') ON CONFLICT (id) DO UPDATE SET device_type=EXCLUDED.device_type,status=EXCLUDED.status,brand=EXCLUDED.brand,model=EXCLUDED.model,serial_number=EXCLUDED.serial_number,mac_address=EXCLUDED.mac_address,asset_number=EXCLUDED.asset_number,firmware=EXCLUDED.firmware,comments=EXCLUDED.comments,source_updated_at=EXCLUDED.source_updated_at;
INSERT INTO cameras(device_id,form_factor) VALUES ('morjsqbqb4hltstf','domo-ptz') ON CONFLICT (device_id) DO UPDATE SET form_factor=EXCLUDED.form_factor;
INSERT INTO cctv_devices (id,device_type,status,brand,model,serial_number,mac_address,asset_number,firmware,comments,source_updated_at) VALUES ('morjsqbqjilwucbk','camera',NULL,'Hikvision','DS-2DE5225IW-AE','relevar',NULL,'PAT102578',NULL,NULL,'2026-05-23T04:08:39.941Z') ON CONFLICT (id) DO UPDATE SET device_type=EXCLUDED.device_type,status=EXCLUDED.status,brand=EXCLUDED.brand,model=EXCLUDED.model,serial_number=EXCLUDED.serial_number,mac_address=EXCLUDED.mac_address,asset_number=EXCLUDED.asset_number,firmware=EXCLUDED.firmware,comments=EXCLUDED.comments,source_updated_at=EXCLUDED.source_updated_at;
INSERT INTO cameras(device_id,form_factor) VALUES ('morjsqbqjilwucbk','domo-ptz') ON CONFLICT (device_id) DO UPDATE SET form_factor=EXCLUDED.form_factor;
INSERT INTO cctv_devices (id,device_type,status,brand,model,serial_number,mac_address,asset_number,firmware,comments,source_updated_at) VALUES ('morjsqbqvlskvfq6','camera',NULL,'Hikvision','DS-2DE5430W-AE','relevar',NULL,'PAT101117',NULL,NULL,'2026-05-23T04:08:39.941Z') ON CONFLICT (id) DO UPDATE SET device_type=EXCLUDED.device_type,status=EXCLUDED.status,brand=EXCLUDED.brand,model=EXCLUDED.model,serial_number=EXCLUDED.serial_number,mac_address=EXCLUDED.mac_address,asset_number=EXCLUDED.asset_number,firmware=EXCLUDED.firmware,comments=EXCLUDED.comments,source_updated_at=EXCLUDED.source_updated_at;
INSERT INTO cameras(device_id,form_factor) VALUES ('morjsqbqvlskvfq6','domo-ptz') ON CONFLICT (device_id) DO UPDATE SET form_factor=EXCLUDED.form_factor;
INSERT INTO cctv_devices (id,device_type,status,brand,model,serial_number,mac_address,asset_number,firmware,comments,source_updated_at) VALUES ('morjsqbqyp8svp6h','camera',NULL,'Hikvision','DS-2DE5430W-AE','relevar',NULL,'PAT101118',NULL,NULL,'2026-05-23T04:08:39.941Z') ON CONFLICT (id) DO UPDATE SET device_type=EXCLUDED.device_type,status=EXCLUDED.status,brand=EXCLUDED.brand,model=EXCLUDED.model,serial_number=EXCLUDED.serial_number,mac_address=EXCLUDED.mac_address,asset_number=EXCLUDED.asset_number,firmware=EXCLUDED.firmware,comments=EXCLUDED.comments,source_updated_at=EXCLUDED.source_updated_at;
INSERT INTO cameras(device_id,form_factor) VALUES ('morjsqbqyp8svp6h','domo-ptz') ON CONFLICT (device_id) DO UPDATE SET form_factor=EXCLUDED.form_factor;
INSERT INTO cctv_devices (id,device_type,status,brand,model,serial_number,mac_address,asset_number,firmware,comments,source_updated_at) VALUES ('morjsqbqrnvty4je','camera',NULL,'Hikvision','DS-2DE5430W-AE','relevar',NULL,'PAT101119',NULL,NULL,'2026-05-23T04:08:39.941Z') ON CONFLICT (id) DO UPDATE SET device_type=EXCLUDED.device_type,status=EXCLUDED.status,brand=EXCLUDED.brand,model=EXCLUDED.model,serial_number=EXCLUDED.serial_number,mac_address=EXCLUDED.mac_address,asset_number=EXCLUDED.asset_number,firmware=EXCLUDED.firmware,comments=EXCLUDED.comments,source_updated_at=EXCLUDED.source_updated_at;
INSERT INTO cameras(device_id,form_factor) VALUES ('morjsqbqrnvty4je','domo-ptz') ON CONFLICT (device_id) DO UPDATE SET form_factor=EXCLUDED.form_factor;
INSERT INTO cctv_devices (id,device_type,status,brand,model,serial_number,mac_address,asset_number,firmware,comments,source_updated_at) VALUES ('morjsqbqxkviq1rq','camera',NULL,'Hikvision','DS-2DF6A236X-AEL','relevar',NULL,'PAT102572',NULL,NULL,'2026-05-23T04:08:39.941Z') ON CONFLICT (id) DO UPDATE SET device_type=EXCLUDED.device_type,status=EXCLUDED.status,brand=EXCLUDED.brand,model=EXCLUDED.model,serial_number=EXCLUDED.serial_number,mac_address=EXCLUDED.mac_address,asset_number=EXCLUDED.asset_number,firmware=EXCLUDED.firmware,comments=EXCLUDED.comments,source_updated_at=EXCLUDED.source_updated_at;
INSERT INTO cameras(device_id,form_factor) VALUES ('morjsqbqxkviq1rq','domo-ptz') ON CONFLICT (device_id) DO UPDATE SET form_factor=EXCLUDED.form_factor;
INSERT INTO cctv_devices (id,device_type,status,brand,model,serial_number,mac_address,asset_number,firmware,comments,source_updated_at) VALUES ('morjsqbqaohq77fp','camera',NULL,'Hikvision','DS-2DF6A236X-AEL','relevar',NULL,'PAT102574',NULL,NULL,'2026-05-23T04:08:39.941Z') ON CONFLICT (id) DO UPDATE SET device_type=EXCLUDED.device_type,status=EXCLUDED.status,brand=EXCLUDED.brand,model=EXCLUDED.model,serial_number=EXCLUDED.serial_number,mac_address=EXCLUDED.mac_address,asset_number=EXCLUDED.asset_number,firmware=EXCLUDED.firmware,comments=EXCLUDED.comments,source_updated_at=EXCLUDED.source_updated_at;
INSERT INTO cameras(device_id,form_factor) VALUES ('morjsqbqaohq77fp','domo-ptz') ON CONFLICT (device_id) DO UPDATE SET form_factor=EXCLUDED.form_factor;
INSERT INTO cctv_devices (id,device_type,status,brand,model,serial_number,mac_address,asset_number,firmware,comments,source_updated_at) VALUES ('morjsqbq9y5hwxfy','camera',NULL,'Hikvision','DS-2DF6A236X-AEL','relevar',NULL,'PAT102575',NULL,NULL,'2026-05-23T04:08:39.941Z') ON CONFLICT (id) DO UPDATE SET device_type=EXCLUDED.device_type,status=EXCLUDED.status,brand=EXCLUDED.brand,model=EXCLUDED.model,serial_number=EXCLUDED.serial_number,mac_address=EXCLUDED.mac_address,asset_number=EXCLUDED.asset_number,firmware=EXCLUDED.firmware,comments=EXCLUDED.comments,source_updated_at=EXCLUDED.source_updated_at;
INSERT INTO cameras(device_id,form_factor) VALUES ('morjsqbq9y5hwxfy','domo-ptz') ON CONFLICT (device_id) DO UPDATE SET form_factor=EXCLUDED.form_factor;
INSERT INTO cctv_devices (id,device_type,status,brand,model,serial_number,mac_address,asset_number,firmware,comments,source_updated_at) VALUES ('morjsqbqwwk9jzc4','nvr',NULL,'Hikvision','DS-7616NI-k2','RELEVAR',NULL,'NO',NULL,NULL,'2026-05-23T04:08:39.941Z') ON CONFLICT (id) DO UPDATE SET device_type=EXCLUDED.device_type,status=EXCLUDED.status,brand=EXCLUDED.brand,model=EXCLUDED.model,serial_number=EXCLUDED.serial_number,mac_address=EXCLUDED.mac_address,asset_number=EXCLUDED.asset_number,firmware=EXCLUDED.firmware,comments=EXCLUDED.comments,source_updated_at=EXCLUDED.source_updated_at;
INSERT INTO cctv_devices (id,device_type,status,brand,model,serial_number,mac_address,asset_number,firmware,comments,source_updated_at) VALUES ('morjsqbqupul3yp0','nvr',NULL,'Hikvision','DS-7616NI-k2','RELEVAR',NULL,'NO',NULL,NULL,'2026-05-23T04:08:39.941Z') ON CONFLICT (id) DO UPDATE SET device_type=EXCLUDED.device_type,status=EXCLUDED.status,brand=EXCLUDED.brand,model=EXCLUDED.model,serial_number=EXCLUDED.serial_number,mac_address=EXCLUDED.mac_address,asset_number=EXCLUDED.asset_number,firmware=EXCLUDED.firmware,comments=EXCLUDED.comments,source_updated_at=EXCLUDED.source_updated_at;
INSERT INTO cctv_devices (id,device_type,status,brand,model,serial_number,mac_address,asset_number,firmware,comments,source_updated_at) VALUES ('morjsqbq503gwzan','nvr','descontinuado','Hikvision','DS-9516NI-S','RELEVAR',NULL,'NO',NULL,NULL,'2026-06-22T21:49:41.266Z') ON CONFLICT (id) DO UPDATE SET device_type=EXCLUDED.device_type,status=EXCLUDED.status,brand=EXCLUDED.brand,model=EXCLUDED.model,serial_number=EXCLUDED.serial_number,mac_address=EXCLUDED.mac_address,asset_number=EXCLUDED.asset_number,firmware=EXCLUDED.firmware,comments=EXCLUDED.comments,source_updated_at=EXCLUDED.source_updated_at;
INSERT INTO cctv_devices (id,device_type,status,brand,model,serial_number,mac_address,asset_number,firmware,comments,source_updated_at) VALUES ('morjsqbq4lnqra9l','nvr','descontinuado','Hikvision','DS-9516NI-S','RELEVAR',NULL,'NO',NULL,NULL,'2026-06-22T21:49:02.346Z') ON CONFLICT (id) DO UPDATE SET device_type=EXCLUDED.device_type,status=EXCLUDED.status,brand=EXCLUDED.brand,model=EXCLUDED.model,serial_number=EXCLUDED.serial_number,mac_address=EXCLUDED.mac_address,asset_number=EXCLUDED.asset_number,firmware=EXCLUDED.firmware,comments=EXCLUDED.comments,source_updated_at=EXCLUDED.source_updated_at;
INSERT INTO cctv_devices (id,device_type,status,brand,model,serial_number,mac_address,asset_number,firmware,comments,source_updated_at) VALUES ('morjsqbqtsukfzt7','nvr','descontinuado','Hikvision','DS-9516NI-S','RELEVAR',NULL,'NO',NULL,NULL,'2026-06-22T21:49:37.515Z') ON CONFLICT (id) DO UPDATE SET device_type=EXCLUDED.device_type,status=EXCLUDED.status,brand=EXCLUDED.brand,model=EXCLUDED.model,serial_number=EXCLUDED.serial_number,mac_address=EXCLUDED.mac_address,asset_number=EXCLUDED.asset_number,firmware=EXCLUDED.firmware,comments=EXCLUDED.comments,source_updated_at=EXCLUDED.source_updated_at;
INSERT INTO cctv_devices (id,device_type,status,brand,model,serial_number,mac_address,asset_number,firmware,comments,source_updated_at) VALUES ('morjsqbqsm5t6nfz','nvr','descontinuado','Hikvision','DS-9516NI-S','RELEVAR',NULL,'NO',NULL,NULL,'2026-06-22T21:48:52.818Z') ON CONFLICT (id) DO UPDATE SET device_type=EXCLUDED.device_type,status=EXCLUDED.status,brand=EXCLUDED.brand,model=EXCLUDED.model,serial_number=EXCLUDED.serial_number,mac_address=EXCLUDED.mac_address,asset_number=EXCLUDED.asset_number,firmware=EXCLUDED.firmware,comments=EXCLUDED.comments,source_updated_at=EXCLUDED.source_updated_at;
INSERT INTO cctv_devices (id,device_type,status,brand,model,serial_number,mac_address,asset_number,firmware,comments,source_updated_at) VALUES ('morjsqbqpwjih1m7','nvr','descontinuado','Hikvision','DS-9632NI-ST','RELEVAR',NULL,'NO',NULL,NULL,'2026-06-22T21:48:47.166Z') ON CONFLICT (id) DO UPDATE SET device_type=EXCLUDED.device_type,status=EXCLUDED.status,brand=EXCLUDED.brand,model=EXCLUDED.model,serial_number=EXCLUDED.serial_number,mac_address=EXCLUDED.mac_address,asset_number=EXCLUDED.asset_number,firmware=EXCLUDED.firmware,comments=EXCLUDED.comments,source_updated_at=EXCLUDED.source_updated_at;
INSERT INTO cctv_devices (id,device_type,status,brand,model,serial_number,mac_address,asset_number,firmware,comments,source_updated_at) VALUES ('morjsqbqwnl2sg3l','nvr','descontinuado','Hikvision','DS-9632NI-ST','RELEVAR',NULL,'NO',NULL,NULL,'2026-06-22T21:48:40.095Z') ON CONFLICT (id) DO UPDATE SET device_type=EXCLUDED.device_type,status=EXCLUDED.status,brand=EXCLUDED.brand,model=EXCLUDED.model,serial_number=EXCLUDED.serial_number,mac_address=EXCLUDED.mac_address,asset_number=EXCLUDED.asset_number,firmware=EXCLUDED.firmware,comments=EXCLUDED.comments,source_updated_at=EXCLUDED.source_updated_at;
INSERT INTO cctv_devices (id,device_type,status,brand,model,serial_number,mac_address,asset_number,firmware,comments,source_updated_at) VALUES ('morjsqbqarg8xcir','nvr','descontinuado','Hikvision','DS-9632NI-ST','RELEVAR',NULL,'NO',NULL,NULL,'2026-06-22T21:48:57.018Z') ON CONFLICT (id) DO UPDATE SET device_type=EXCLUDED.device_type,status=EXCLUDED.status,brand=EXCLUDED.brand,model=EXCLUDED.model,serial_number=EXCLUDED.serial_number,mac_address=EXCLUDED.mac_address,asset_number=EXCLUDED.asset_number,firmware=EXCLUDED.firmware,comments=EXCLUDED.comments,source_updated_at=EXCLUDED.source_updated_at;
INSERT INTO cctv_devices (id,device_type,status,brand,model,serial_number,mac_address,asset_number,firmware,comments,source_updated_at) VALUES ('morjsqbq950w4lmm','nvr','descontinuado','Hikvision','DS-9632NI-ST','RELEVAR',NULL,'PAT102298',NULL,NULL,'2026-06-22T21:49:19.489Z') ON CONFLICT (id) DO UPDATE SET device_type=EXCLUDED.device_type,status=EXCLUDED.status,brand=EXCLUDED.brand,model=EXCLUDED.model,serial_number=EXCLUDED.serial_number,mac_address=EXCLUDED.mac_address,asset_number=EXCLUDED.asset_number,firmware=EXCLUDED.firmware,comments=EXCLUDED.comments,source_updated_at=EXCLUDED.source_updated_at;
INSERT INTO cctv_devices (id,device_type,status,brand,model,serial_number,mac_address,asset_number,firmware,comments,source_updated_at) VALUES ('morjsqbq6f9ipakp','nvr','descontinuado','Hikvision','DS-9632NI-ST','RELEVAR',NULL,'PAT102299',NULL,NULL,'2026-06-22T21:49:23.522Z') ON CONFLICT (id) DO UPDATE SET device_type=EXCLUDED.device_type,status=EXCLUDED.status,brand=EXCLUDED.brand,model=EXCLUDED.model,serial_number=EXCLUDED.serial_number,mac_address=EXCLUDED.mac_address,asset_number=EXCLUDED.asset_number,firmware=EXCLUDED.firmware,comments=EXCLUDED.comments,source_updated_at=EXCLUDED.source_updated_at;
INSERT INTO cctv_devices (id,device_type,status,brand,model,serial_number,mac_address,asset_number,firmware,comments,source_updated_at) VALUES ('morjsqbqv521kdw1','camera','revisar','Samsung','SDC-415PA','S6518888',NULL,'NO',NULL,NULL,'2026-05-23T04:08:39.941Z') ON CONFLICT (id) DO UPDATE SET device_type=EXCLUDED.device_type,status=EXCLUDED.status,brand=EXCLUDED.brand,model=EXCLUDED.model,serial_number=EXCLUDED.serial_number,mac_address=EXCLUDED.mac_address,asset_number=EXCLUDED.asset_number,firmware=EXCLUDED.firmware,comments=EXCLUDED.comments,source_updated_at=EXCLUDED.source_updated_at;
INSERT INTO cameras(device_id,form_factor) VALUES ('morjsqbqv521kdw1','minibullet') ON CONFLICT (device_id) DO UPDATE SET form_factor=EXCLUDED.form_factor;
INSERT INTO cctv_devices (id,device_type,status,brand,model,serial_number,mac_address,asset_number,firmware,comments,source_updated_at) VALUES ('morjsqbqdrcliefq','camera','revisar','Samsung','SDC-415PA','S6518894',NULL,'NO',NULL,NULL,'2026-05-23T04:08:39.941Z') ON CONFLICT (id) DO UPDATE SET device_type=EXCLUDED.device_type,status=EXCLUDED.status,brand=EXCLUDED.brand,model=EXCLUDED.model,serial_number=EXCLUDED.serial_number,mac_address=EXCLUDED.mac_address,asset_number=EXCLUDED.asset_number,firmware=EXCLUDED.firmware,comments=EXCLUDED.comments,source_updated_at=EXCLUDED.source_updated_at;
INSERT INTO cameras(device_id,form_factor) VALUES ('morjsqbqdrcliefq','minibullet') ON CONFLICT (device_id) DO UPDATE SET form_factor=EXCLUDED.form_factor;
INSERT INTO cctv_devices (id,device_type,status,brand,model,serial_number,mac_address,asset_number,firmware,comments,source_updated_at) VALUES ('morjsqbq69xkdndl','camera','revisar','Samsung','SDC-415PA','S6518896',NULL,'NO',NULL,NULL,'2026-05-23T04:08:39.941Z') ON CONFLICT (id) DO UPDATE SET device_type=EXCLUDED.device_type,status=EXCLUDED.status,brand=EXCLUDED.brand,model=EXCLUDED.model,serial_number=EXCLUDED.serial_number,mac_address=EXCLUDED.mac_address,asset_number=EXCLUDED.asset_number,firmware=EXCLUDED.firmware,comments=EXCLUDED.comments,source_updated_at=EXCLUDED.source_updated_at;
INSERT INTO cameras(device_id,form_factor) VALUES ('morjsqbq69xkdndl','minibullet') ON CONFLICT (device_id) DO UPDATE SET form_factor=EXCLUDED.form_factor;
INSERT INTO cctv_devices (id,device_type,status,brand,model,serial_number,mac_address,asset_number,firmware,comments,source_updated_at) VALUES ('morjsqbqrqlioj5a','camera','revisar','Samsung','SDC-415PA','S6518897',NULL,'NO',NULL,NULL,'2026-05-23T04:08:39.941Z') ON CONFLICT (id) DO UPDATE SET device_type=EXCLUDED.device_type,status=EXCLUDED.status,brand=EXCLUDED.brand,model=EXCLUDED.model,serial_number=EXCLUDED.serial_number,mac_address=EXCLUDED.mac_address,asset_number=EXCLUDED.asset_number,firmware=EXCLUDED.firmware,comments=EXCLUDED.comments,source_updated_at=EXCLUDED.source_updated_at;
INSERT INTO cameras(device_id,form_factor) VALUES ('morjsqbqrqlioj5a','minibullet') ON CONFLICT (device_id) DO UPDATE SET form_factor=EXCLUDED.form_factor;
INSERT INTO cctv_devices (id,device_type,status,brand,model,serial_number,mac_address,asset_number,firmware,comments,source_updated_at) VALUES ('morjsqbq6tgzlpkj','dvr','revisar','Hikvision','DS-7216HVI-SVST','SN-430323007',NULL,'NO',NULL,NULL,'2026-05-23T04:08:39.941Z') ON CONFLICT (id) DO UPDATE SET device_type=EXCLUDED.device_type,status=EXCLUDED.status,brand=EXCLUDED.brand,model=EXCLUDED.model,serial_number=EXCLUDED.serial_number,mac_address=EXCLUDED.mac_address,asset_number=EXCLUDED.asset_number,firmware=EXCLUDED.firmware,comments=EXCLUDED.comments,source_updated_at=EXCLUDED.source_updated_at;
INSERT INTO cctv_devices (id,device_type,status,brand,model,serial_number,mac_address,asset_number,firmware,comments,source_updated_at) VALUES ('morjsqbq6qu07f8s','nvr','revisar','Hikvision','DS-7616NI-SE/P','SN-434687545',NULL,'NO',NULL,NULL,'2026-05-23T04:08:39.941Z') ON CONFLICT (id) DO UPDATE SET device_type=EXCLUDED.device_type,status=EXCLUDED.status,brand=EXCLUDED.brand,model=EXCLUDED.model,serial_number=EXCLUDED.serial_number,mac_address=EXCLUDED.mac_address,asset_number=EXCLUDED.asset_number,firmware=EXCLUDED.firmware,comments=EXCLUDED.comments,source_updated_at=EXCLUDED.source_updated_at;
INSERT INTO cctv_devices (id,device_type,status,brand,model,serial_number,mac_address,asset_number,firmware,comments,source_updated_at) VALUES ('morjsqbqrukdfvvs','camera','revisar','Samsung','SDC-415PA','Y720728',NULL,'NO',NULL,NULL,'2026-05-23T04:08:39.941Z') ON CONFLICT (id) DO UPDATE SET device_type=EXCLUDED.device_type,status=EXCLUDED.status,brand=EXCLUDED.brand,model=EXCLUDED.model,serial_number=EXCLUDED.serial_number,mac_address=EXCLUDED.mac_address,asset_number=EXCLUDED.asset_number,firmware=EXCLUDED.firmware,comments=EXCLUDED.comments,source_updated_at=EXCLUDED.source_updated_at;
INSERT INTO cameras(device_id,form_factor) VALUES ('morjsqbqrukdfvvs','minibullet') ON CONFLICT (device_id) DO UPDATE SET form_factor=EXCLUDED.form_factor;

INSERT INTO recorders(device_id,recorder_type,description,ip_address,channel_capacity,rack_id) VALUES ('morjsqbqqquwiwqq','nvr','NVR-1','10.105.0.200',128,(SELECT r.id FROM racks r JOIN buildings b ON b.id=r.building_id LEFT JOIN floors f ON f.id=r.floor_id WHERE b.name='Anexo A' AND r.code='RACK 12' AND f.name='1SS' LIMIT 1)) ON CONFLICT (device_id) DO UPDATE SET recorder_type=EXCLUDED.recorder_type,description=EXCLUDED.description,ip_address=EXCLUDED.ip_address,channel_capacity=EXCLUDED.channel_capacity,rack_id=EXCLUDED.rack_id;
INSERT INTO recorder_channels(recorder_id,channel_number,camera_id,description) VALUES ('morjsqbqqquwiwqq',1,'morjsqbq1icqzr8l','DOMO RIVADAVIA') ON CONFLICT (recorder_id,channel_number) DO UPDATE SET camera_id=EXCLUDED.camera_id,description=EXCLUDED.description;
INSERT INTO camera_locations(camera_id,building_id,floor_id,sector,description) VALUES ('morjsqbq1icqzr8l',(SELECT id FROM buildings WHERE name='Palacio'),(SELECT f.id FROM floors f JOIN buildings b ON b.id=f.building_id WHERE b.name='Palacio' AND f.name='2' LIMIT 1),NULL,'DOMO RIVADAVIA') ON CONFLICT (camera_id) DO UPDATE SET building_id=EXCLUDED.building_id,floor_id=EXCLUDED.floor_id,description=EXCLUDED.description;
INSERT INTO camera_network_connections(camera_id,switch_port,rack_id) VALUES ('morjsqbq1icqzr8l','2/0/38',(SELECT r.id FROM racks r JOIN buildings b ON b.id=r.building_id LEFT JOIN floors f ON f.id=r.floor_id WHERE b.name='Palacio' AND r.code='40' AND f.name='2' LIMIT 1)) ON CONFLICT (camera_id) DO UPDATE SET switch_port=EXCLUDED.switch_port,rack_id=EXCLUDED.rack_id;
UPDATE cameras SET ip_address='10.3.30.0', description=COALESCE(NULLIF('DOMO RIVADAVIA',''),description) WHERE device_id='morjsqbq1icqzr8l';
INSERT INTO recorder_channels(recorder_id,channel_number,camera_id,description) VALUES ('morjsqbqqquwiwqq',2,'morjsqbqhdd2iew7','DOMO CALLAO') ON CONFLICT (recorder_id,channel_number) DO UPDATE SET camera_id=EXCLUDED.camera_id,description=EXCLUDED.description;
INSERT INTO camera_locations(camera_id,building_id,floor_id,sector,description) VALUES ('morjsqbqhdd2iew7',(SELECT id FROM buildings WHERE name='Anexo H'),(SELECT f.id FROM floors f JOIN buildings b ON b.id=f.building_id WHERE b.name='Anexo H' AND f.name='6' LIMIT 1),NULL,'DOMO CALLAO') ON CONFLICT (camera_id) DO UPDATE SET building_id=EXCLUDED.building_id,floor_id=EXCLUDED.floor_id,description=EXCLUDED.description;
INSERT INTO camera_network_connections(camera_id,switch_port,rack_id) VALUES ('morjsqbqhdd2iew7','1/0/24',(SELECT r.id FROM racks r JOIN buildings b ON b.id=r.building_id LEFT JOIN floors f ON f.id=r.floor_id WHERE b.name='Anexo H' AND r.code='860' AND f.name='6' LIMIT 1)) ON CONFLICT (camera_id) DO UPDATE SET switch_port=EXCLUDED.switch_port,rack_id=EXCLUDED.rack_id;
UPDATE cameras SET ip_address='10.81.30.18', description=COALESCE(NULLIF('DOMO CALLAO',''),description) WHERE device_id='morjsqbqhdd2iew7';
INSERT INTO recorder_channels(recorder_id,channel_number,camera_id,description) VALUES ('morjsqbqqquwiwqq',3,'morjsqbqlefaiq8y','DOMO RIOBAMBA') ON CONFLICT (recorder_id,channel_number) DO UPDATE SET camera_id=EXCLUDED.camera_id,description=EXCLUDED.description;
INSERT INTO camera_locations(camera_id,building_id,floor_id,sector,description) VALUES ('morjsqbqlefaiq8y',(SELECT id FROM buildings WHERE name='Anexo A'),(SELECT f.id FROM floors f JOIN buildings b ON b.id=f.building_id WHERE b.name='Anexo A' AND f.name='ep2' LIMIT 1),NULL,'DOMO RIOBAMBA') ON CONFLICT (camera_id) DO UPDATE SET building_id=EXCLUDED.building_id,floor_id=EXCLUDED.floor_id,description=EXCLUDED.description;
INSERT INTO camera_network_connections(camera_id,switch_port,rack_id) VALUES ('morjsqbqlefaiq8y','4/0/43',(SELECT r.id FROM racks r JOIN buildings b ON b.id=r.building_id LEFT JOIN floors f ON f.id=r.floor_id WHERE b.name='Anexo A' AND r.code='131' AND f.name='ep2' LIMIT 1)) ON CONFLICT (camera_id) DO UPDATE SET switch_port=EXCLUDED.switch_port,rack_id=EXCLUDED.rack_id;
UPDATE cameras SET ip_address='10.11.30.5', description=COALESCE(NULLIF('DOMO RIOBAMBA',''),description) WHERE device_id='morjsqbqlefaiq8y';
INSERT INTO recorder_channels(recorder_id,channel_number,camera_id,description) VALUES ('morjsqbqqquwiwqq',4,'morjsqbqqi22zzuq','DOMO EXPLANADA') ON CONFLICT (recorder_id,channel_number) DO UPDATE SET camera_id=EXCLUDED.camera_id,description=EXCLUDED.description;
INSERT INTO camera_locations(camera_id,building_id,floor_id,sector,description) VALUES ('morjsqbqqi22zzuq',(SELECT id FROM buildings WHERE name='Anexo A'),(SELECT f.id FROM floors f JOIN buildings b ON b.id=f.building_id WHERE b.name='Anexo A' AND f.name='EP1' LIMIT 1),NULL,'DOMO EXPLANADA') ON CONFLICT (camera_id) DO UPDATE SET building_id=EXCLUDED.building_id,floor_id=EXCLUDED.floor_id,description=EXCLUDED.description;
INSERT INTO camera_network_connections(camera_id,switch_port,rack_id) VALUES ('morjsqbqqi22zzuq','4/0/44',(SELECT r.id FROM racks r JOIN buildings b ON b.id=r.building_id LEFT JOIN floors f ON f.id=r.floor_id WHERE b.name='Anexo A' AND r.code='0131' AND f.name='EP1' LIMIT 1)) ON CONFLICT (camera_id) DO UPDATE SET switch_port=EXCLUDED.switch_port,rack_id=EXCLUDED.rack_id;
UPDATE cameras SET ip_address='10.11.30.6', description=COALESCE(NULLIF('DOMO EXPLANADA',''),description) WHERE device_id='morjsqbqqi22zzuq';
INSERT INTO recorder_channels(recorder_id,channel_number,camera_id,description) VALUES ('morjsqbqqquwiwqq',5,'morjsqbqd2v44a3m','DOMO MITRE') ON CONFLICT (recorder_id,channel_number) DO UPDATE SET camera_id=EXCLUDED.camera_id,description=EXCLUDED.description;
INSERT INTO camera_locations(camera_id,building_id,floor_id,sector,description) VALUES ('morjsqbqd2v44a3m',(SELECT id FROM buildings WHERE name='Anexo C'),(SELECT f.id FROM floors f JOIN buildings b ON b.id=f.building_id WHERE b.name='Anexo C' AND f.name='1' LIMIT 1),NULL,'DOMO MITRE') ON CONFLICT (camera_id) DO UPDATE SET building_id=EXCLUDED.building_id,floor_id=EXCLUDED.floor_id,description=EXCLUDED.description;
INSERT INTO camera_network_connections(camera_id,switch_port,rack_id) VALUES ('morjsqbqd2v44a3m','1/0/39',(SELECT r.id FROM racks r JOIN buildings b ON b.id=r.building_id LEFT JOIN floors f ON f.id=r.floor_id WHERE b.name='Anexo C' AND r.code='310' AND f.name='1' LIMIT 1)) ON CONFLICT (camera_id) DO UPDATE SET switch_port=EXCLUDED.switch_port,rack_id=EXCLUDED.rack_id;
UPDATE cameras SET ip_address='10.31.30.3', description=COALESCE(NULLIF('DOMO MITRE',''),description) WHERE device_id='morjsqbqd2v44a3m';
INSERT INTO recorder_channels(recorder_id,channel_number,camera_id,description) VALUES ('morjsqbqqquwiwqq',6,'morjsqbqk4f054g2','PAL-INGRESOL') ON CONFLICT (recorder_id,channel_number) DO UPDATE SET camera_id=EXCLUDED.camera_id,description=EXCLUDED.description;
INSERT INTO camera_locations(camera_id,building_id,floor_id,sector,description) VALUES ('morjsqbqk4f054g2',(SELECT id FROM buildings WHERE name='Palacio'),(SELECT f.id FROM floors f JOIN buildings b ON b.id=f.building_id WHERE b.name='Palacio' AND f.name='pb' LIMIT 1),NULL,'PAL-INGRESOL') ON CONFLICT (camera_id) DO UPDATE SET building_id=EXCLUDED.building_id,floor_id=EXCLUDED.floor_id,description=EXCLUDED.description;
INSERT INTO camera_network_connections(camera_id,switch_port,rack_id) VALUES ('morjsqbqk4f054g2','1/0/19',(SELECT r.id FROM racks r JOIN buildings b ON b.id=r.building_id LEFT JOIN floors f ON f.id=r.floor_id WHERE b.name='Palacio' AND r.code='1' AND f.name='pb' LIMIT 1)) ON CONFLICT (camera_id) DO UPDATE SET switch_port=EXCLUDED.switch_port,rack_id=EXCLUDED.rack_id;
UPDATE cameras SET ip_address='10.1.30.11', description=COALESCE(NULLIF('PAL-INGRESOL',''),description) WHERE device_id='morjsqbqk4f054g2';
INSERT INTO recorder_channels(recorder_id,channel_number,camera_id,description) VALUES ('morjsqbqqquwiwqq',7,'morjsqbqwt60fl3e','PAL-INGRESOP') ON CONFLICT (recorder_id,channel_number) DO UPDATE SET camera_id=EXCLUDED.camera_id,description=EXCLUDED.description;
INSERT INTO camera_locations(camera_id,building_id,floor_id,sector,description) VALUES ('morjsqbqwt60fl3e',(SELECT id FROM buildings WHERE name='Palacio'),(SELECT f.id FROM floors f JOIN buildings b ON b.id=f.building_id WHERE b.name='Palacio' AND f.name='pb' LIMIT 1),NULL,'PAL-INGRESOP') ON CONFLICT (camera_id) DO UPDATE SET building_id=EXCLUDED.building_id,floor_id=EXCLUDED.floor_id,description=EXCLUDED.description;
INSERT INTO camera_network_connections(camera_id,switch_port,rack_id) VALUES ('morjsqbqwt60fl3e','2/0/11',(SELECT r.id FROM racks r JOIN buildings b ON b.id=r.building_id LEFT JOIN floors f ON f.id=r.floor_id WHERE b.name='Palacio' AND r.code='1' AND f.name='pb' LIMIT 1)) ON CONFLICT (camera_id) DO UPDATE SET switch_port=EXCLUDED.switch_port,rack_id=EXCLUDED.rack_id;
UPDATE cameras SET ip_address='10.1.30.12', description=COALESCE(NULLIF('PAL-INGRESOP',''),description) WHERE device_id='morjsqbqwt60fl3e';
INSERT INTO recorder_channels(recorder_id,channel_number,camera_id,description) VALUES ('morjsqbqqquwiwqq',8,'morjsqbpjidec66g','INGRESO POZOS 1') ON CONFLICT (recorder_id,channel_number) DO UPDATE SET camera_id=EXCLUDED.camera_id,description=EXCLUDED.description;
INSERT INTO camera_locations(camera_id,building_id,floor_id,sector,description) VALUES ('morjsqbpjidec66g',(SELECT id FROM buildings WHERE name='Palacio'),(SELECT f.id FROM floors f JOIN buildings b ON b.id=f.building_id WHERE b.name='Palacio' AND f.name='pb' LIMIT 1),NULL,'INGRESO POZOS 1') ON CONFLICT (camera_id) DO UPDATE SET building_id=EXCLUDED.building_id,floor_id=EXCLUDED.floor_id,description=EXCLUDED.description;
INSERT INTO camera_network_connections(camera_id,switch_port,rack_id) VALUES ('morjsqbpjidec66g','2/0/43',(SELECT r.id FROM racks r JOIN buildings b ON b.id=r.building_id LEFT JOIN floors f ON f.id=r.floor_id WHERE b.name='Palacio' AND r.code='1' AND f.name='pb' LIMIT 1)) ON CONFLICT (camera_id) DO UPDATE SET switch_port=EXCLUDED.switch_port,rack_id=EXCLUDED.rack_id;
UPDATE cameras SET ip_address='10.1.30.13', description=COALESCE(NULLIF('INGRESO POZOS 1',''),description) WHERE device_id='morjsqbpjidec66g';
INSERT INTO recorder_channels(recorder_id,channel_number,camera_id,description) VALUES ('morjsqbqqquwiwqq',9,'morjsqbq0xvhys0z','RECINTO PANTALLA 2') ON CONFLICT (recorder_id,channel_number) DO UPDATE SET camera_id=EXCLUDED.camera_id,description=EXCLUDED.description;
INSERT INTO camera_locations(camera_id,building_id,floor_id,sector,description) VALUES ('morjsqbq0xvhys0z',(SELECT id FROM buildings WHERE name='Palacio'),(SELECT f.id FROM floors f JOIN buildings b ON b.id=f.building_id WHERE b.name='Palacio' AND f.name='pb' LIMIT 1),NULL,'RECINTO PANTALLA 2') ON CONFLICT (camera_id) DO UPDATE SET building_id=EXCLUDED.building_id,floor_id=EXCLUDED.floor_id,description=EXCLUDED.description;
INSERT INTO camera_network_connections(camera_id,switch_port,rack_id) VALUES ('morjsqbq0xvhys0z','2/0/15',(SELECT r.id FROM racks r JOIN buildings b ON b.id=r.building_id LEFT JOIN floors f ON f.id=r.floor_id WHERE b.name='Palacio' AND r.code='9' AND f.name='pb' LIMIT 1)) ON CONFLICT (camera_id) DO UPDATE SET switch_port=EXCLUDED.switch_port,rack_id=EXCLUDED.rack_id;
UPDATE cameras SET ip_address='10.1.30.14', description=COALESCE(NULLIF('RECINTO PANTALLA 2',''),description) WHERE device_id='morjsqbq0xvhys0z';
INSERT INTO recorder_channels(recorder_id,channel_number,camera_id,description) VALUES ('morjsqbqqquwiwqq',10,'morjsqbph10z8nwm','CAJEROS EP1') ON CONFLICT (recorder_id,channel_number) DO UPDATE SET camera_id=EXCLUDED.camera_id,description=EXCLUDED.description;
INSERT INTO camera_locations(camera_id,building_id,floor_id,sector,description) VALUES ('morjsqbph10z8nwm',(SELECT id FROM buildings WHERE name='Anexo A'),(SELECT f.id FROM floors f JOIN buildings b ON b.id=f.building_id WHERE b.name='Anexo A' AND f.name='ep1' LIMIT 1),NULL,'CAJEROS EP1') ON CONFLICT (camera_id) DO UPDATE SET building_id=EXCLUDED.building_id,floor_id=EXCLUDED.floor_id,description=EXCLUDED.description;
INSERT INTO camera_network_connections(camera_id,switch_port,rack_id) VALUES ('morjsqbph10z8nwm','3/0/21',(SELECT r.id FROM racks r JOIN buildings b ON b.id=r.building_id LEFT JOIN floors f ON f.id=r.floor_id WHERE b.name='Anexo A' AND r.code='135' AND f.name='ep1' LIMIT 1)) ON CONFLICT (camera_id) DO UPDATE SET switch_port=EXCLUDED.switch_port,rack_id=EXCLUDED.rack_id;
UPDATE cameras SET ip_address='10.11.30.21', description=COALESCE(NULLIF('CAJEROS EP1',''),description) WHERE device_id='morjsqbph10z8nwm';
INSERT INTO recorder_channels(recorder_id,channel_number,camera_id,description) VALUES ('morjsqbqqquwiwqq',11,'morjsqbp5ky425ae','INGRESO ANXD') ON CONFLICT (recorder_id,channel_number) DO UPDATE SET camera_id=EXCLUDED.camera_id,description=EXCLUDED.description;
INSERT INTO camera_locations(camera_id,building_id,floor_id,sector,description) VALUES ('morjsqbp5ky425ae',(SELECT id FROM buildings WHERE name='Anexo D'),(SELECT f.id FROM floors f JOIN buildings b ON b.id=f.building_id WHERE b.name='Anexo D' AND f.name='pb' LIMIT 1),NULL,'INGRESO ANXD') ON CONFLICT (camera_id) DO UPDATE SET building_id=EXCLUDED.building_id,floor_id=EXCLUDED.floor_id,description=EXCLUDED.description;
INSERT INTO camera_network_connections(camera_id,switch_port,rack_id) VALUES ('morjsqbp5ky425ae','2/0/36',(SELECT r.id FROM racks r JOIN buildings b ON b.id=r.building_id LEFT JOIN floors f ON f.id=r.floor_id WHERE b.name='Anexo D' AND r.code='400' AND f.name='pb' LIMIT 1)) ON CONFLICT (camera_id) DO UPDATE SET switch_port=EXCLUDED.switch_port,rack_id=EXCLUDED.rack_id;
UPDATE cameras SET ip_address='10.41.30.0', description=COALESCE(NULLIF('INGRESO ANXD',''),description) WHERE device_id='morjsqbp5ky425ae';
INSERT INTO recorder_channels(recorder_id,channel_number,camera_id,description) VALUES ('morjsqbqqquwiwqq',12,'morjsqbpkn1wlaw1','INGRESO ANEXO C') ON CONFLICT (recorder_id,channel_number) DO UPDATE SET camera_id=EXCLUDED.camera_id,description=EXCLUDED.description;
INSERT INTO camera_locations(camera_id,building_id,floor_id,sector,description) VALUES ('morjsqbpkn1wlaw1',(SELECT id FROM buildings WHERE name='Anexo C'),(SELECT f.id FROM floors f JOIN buildings b ON b.id=f.building_id WHERE b.name='Anexo C' AND f.name='1' LIMIT 1),NULL,'INGRESO ANEXO C') ON CONFLICT (camera_id) DO UPDATE SET building_id=EXCLUDED.building_id,floor_id=EXCLUDED.floor_id,description=EXCLUDED.description;
INSERT INTO camera_network_connections(camera_id,switch_port,rack_id) VALUES ('morjsqbpkn1wlaw1','2/0/8',(SELECT r.id FROM racks r JOIN buildings b ON b.id=r.building_id LEFT JOIN floors f ON f.id=r.floor_id WHERE b.name='Anexo C' AND r.code='310' AND f.name='1' LIMIT 1)) ON CONFLICT (camera_id) DO UPDATE SET switch_port=EXCLUDED.switch_port,rack_id=EXCLUDED.rack_id;
UPDATE cameras SET ip_address='10.31.30.0', description=COALESCE(NULLIF('INGRESO ANEXO C',''),description) WHERE device_id='morjsqbpkn1wlaw1';
INSERT INTO recorder_channels(recorder_id,channel_number,camera_id,description) VALUES ('morjsqbqqquwiwqq',13,'morjsqbq58ftpj5z','ANEXOC PB2') ON CONFLICT (recorder_id,channel_number) DO UPDATE SET camera_id=EXCLUDED.camera_id,description=EXCLUDED.description;
INSERT INTO camera_locations(camera_id,building_id,floor_id,sector,description) VALUES ('morjsqbq58ftpj5z',(SELECT id FROM buildings WHERE name='Anexo C'),(SELECT f.id FROM floors f JOIN buildings b ON b.id=f.building_id WHERE b.name='Anexo C' AND f.name='1' LIMIT 1),NULL,'ANEXOC PB2') ON CONFLICT (camera_id) DO UPDATE SET building_id=EXCLUDED.building_id,floor_id=EXCLUDED.floor_id,description=EXCLUDED.description;
INSERT INTO camera_network_connections(camera_id,switch_port,rack_id) VALUES ('morjsqbq58ftpj5z','2/0/7',(SELECT r.id FROM racks r JOIN buildings b ON b.id=r.building_id LEFT JOIN floors f ON f.id=r.floor_id WHERE b.name='Anexo C' AND r.code='310' AND f.name='1' LIMIT 1)) ON CONFLICT (camera_id) DO UPDATE SET switch_port=EXCLUDED.switch_port,rack_id=EXCLUDED.rack_id;
UPDATE cameras SET ip_address='10.31.30.1', description=COALESCE(NULLIF('ANEXOC PB2',''),description) WHERE device_id='morjsqbq58ftpj5z';
INSERT INTO recorder_channels(recorder_id,channel_number,camera_id,description) VALUES ('morjsqbqqquwiwqq',14,'morjsqbqo6stzr22','PALACIO TESORERIA EXT') ON CONFLICT (recorder_id,channel_number) DO UPDATE SET camera_id=EXCLUDED.camera_id,description=EXCLUDED.description;
INSERT INTO camera_locations(camera_id,building_id,floor_id,sector,description) VALUES ('morjsqbqo6stzr22',(SELECT id FROM buildings WHERE name='Palacio'),(SELECT f.id FROM floors f JOIN buildings b ON b.id=f.building_id WHERE b.name='Palacio' AND f.name='pb' LIMIT 1),NULL,'PALACIO TESORERIA EXT') ON CONFLICT (camera_id) DO UPDATE SET building_id=EXCLUDED.building_id,floor_id=EXCLUDED.floor_id,description=EXCLUDED.description;
INSERT INTO camera_network_connections(camera_id,switch_port,rack_id) VALUES ('morjsqbqo6stzr22','2/0/46',(SELECT r.id FROM racks r JOIN buildings b ON b.id=r.building_id LEFT JOIN floors f ON f.id=r.floor_id WHERE b.name='Palacio' AND r.code='10' AND f.name='pb' LIMIT 1)) ON CONFLICT (camera_id) DO UPDATE SET switch_port=EXCLUDED.switch_port,rack_id=EXCLUDED.rack_id;
UPDATE cameras SET ip_address='10.1.30.0', description=COALESCE(NULLIF('PALACIO TESORERIA EXT',''),description) WHERE device_id='morjsqbqo6stzr22';
INSERT INTO recorder_channels(recorder_id,channel_number,camera_id,description) VALUES ('morjsqbqqquwiwqq',15,'morjsqbqmygxjxyv','TESORERIA INTERNA') ON CONFLICT (recorder_id,channel_number) DO UPDATE SET camera_id=EXCLUDED.camera_id,description=EXCLUDED.description;
INSERT INTO camera_locations(camera_id,building_id,floor_id,sector,description) VALUES ('morjsqbqmygxjxyv',(SELECT id FROM buildings WHERE name='Palacio'),(SELECT f.id FROM floors f JOIN buildings b ON b.id=f.building_id WHERE b.name='Palacio' AND f.name='pb' LIMIT 1),NULL,'TESORERIA INTERNA') ON CONFLICT (camera_id) DO UPDATE SET building_id=EXCLUDED.building_id,floor_id=EXCLUDED.floor_id,description=EXCLUDED.description;
INSERT INTO camera_network_connections(camera_id,switch_port,rack_id) VALUES ('morjsqbqmygxjxyv','2/0/44',(SELECT r.id FROM racks r JOIN buildings b ON b.id=r.building_id LEFT JOIN floors f ON f.id=r.floor_id WHERE b.name='Palacio' AND r.code='10' AND f.name='pb' LIMIT 1)) ON CONFLICT (camera_id) DO UPDATE SET switch_port=EXCLUDED.switch_port,rack_id=EXCLUDED.rack_id;
UPDATE cameras SET ip_address='10.1.30.1', description=COALESCE(NULLIF('TESORERIA INTERNA',''),description) WHERE device_id='morjsqbqmygxjxyv';
INSERT INTO recorder_channels(recorder_id,channel_number,camera_id,description) VALUES ('morjsqbqqquwiwqq',16,'morjsqbphym85pk9','TESORERIA PUBLICO') ON CONFLICT (recorder_id,channel_number) DO UPDATE SET camera_id=EXCLUDED.camera_id,description=EXCLUDED.description;
INSERT INTO camera_locations(camera_id,building_id,floor_id,sector,description) VALUES ('morjsqbphym85pk9',(SELECT id FROM buildings WHERE name='Palacio'),(SELECT f.id FROM floors f JOIN buildings b ON b.id=f.building_id WHERE b.name='Palacio' AND f.name='pb' LIMIT 1),NULL,'TESORERIA PUBLICO') ON CONFLICT (camera_id) DO UPDATE SET building_id=EXCLUDED.building_id,floor_id=EXCLUDED.floor_id,description=EXCLUDED.description;
INSERT INTO camera_network_connections(camera_id,switch_port,rack_id) VALUES ('morjsqbphym85pk9','2/0/45',(SELECT r.id FROM racks r JOIN buildings b ON b.id=r.building_id LEFT JOIN floors f ON f.id=r.floor_id WHERE b.name='Palacio' AND r.code='10' AND f.name='pb' LIMIT 1)) ON CONFLICT (camera_id) DO UPDATE SET switch_port=EXCLUDED.switch_port,rack_id=EXCLUDED.rack_id;
UPDATE cameras SET ip_address='10.1.30.5', description=COALESCE(NULLIF('TESORERIA PUBLICO',''),description) WHERE device_id='morjsqbphym85pk9';
INSERT INTO recorder_channels(recorder_id,channel_number,camera_id,description) VALUES ('morjsqbqqquwiwqq',17,'morjsqbqbfr14t6o','SALON BLANCO 1') ON CONFLICT (recorder_id,channel_number) DO UPDATE SET camera_id=EXCLUDED.camera_id,description=EXCLUDED.description;
INSERT INTO camera_locations(camera_id,building_id,floor_id,sector,description) VALUES ('morjsqbqbfr14t6o',(SELECT id FROM buildings WHERE name='Palacio'),(SELECT f.id FROM floors f JOIN buildings b ON b.id=f.building_id WHERE b.name='Palacio' AND f.name='pb' LIMIT 1),NULL,'SALON BLANCO 1') ON CONFLICT (camera_id) DO UPDATE SET building_id=EXCLUDED.building_id,floor_id=EXCLUDED.floor_id,description=EXCLUDED.description;
INSERT INTO camera_network_connections(camera_id,switch_port,rack_id) VALUES ('morjsqbqbfr14t6o','1/0/37',(SELECT r.id FROM racks r JOIN buildings b ON b.id=r.building_id LEFT JOIN floors f ON f.id=r.floor_id WHERE b.name='Palacio' AND r.code='14' AND f.name='pb' LIMIT 1)) ON CONFLICT (camera_id) DO UPDATE SET switch_port=EXCLUDED.switch_port,rack_id=EXCLUDED.rack_id;
UPDATE cameras SET ip_address='10.1.30.2', description=COALESCE(NULLIF('SALON BLANCO 1',''),description) WHERE device_id='morjsqbqbfr14t6o';
INSERT INTO recorder_channels(recorder_id,channel_number,camera_id,description) VALUES ('morjsqbqqquwiwqq',18,'morjsqbpu5rnco4h','PAL PATIO BUSTOS') ON CONFLICT (recorder_id,channel_number) DO UPDATE SET camera_id=EXCLUDED.camera_id,description=EXCLUDED.description;
INSERT INTO camera_locations(camera_id,building_id,floor_id,sector,description) VALUES ('morjsqbpu5rnco4h',(SELECT id FROM buildings WHERE name='Palacio'),(SELECT f.id FROM floors f JOIN buildings b ON b.id=f.building_id WHERE b.name='Palacio' AND f.name='pb' LIMIT 1),NULL,'PAL PATIO BUSTOS') ON CONFLICT (camera_id) DO UPDATE SET building_id=EXCLUDED.building_id,floor_id=EXCLUDED.floor_id,description=EXCLUDED.description;
INSERT INTO camera_network_connections(camera_id,switch_port,rack_id) VALUES ('morjsqbpu5rnco4h','1/0/35',(SELECT r.id FROM racks r JOIN buildings b ON b.id=r.building_id LEFT JOIN floors f ON f.id=r.floor_id WHERE b.name='Palacio' AND r.code='14' AND f.name='pb' LIMIT 1)) ON CONFLICT (camera_id) DO UPDATE SET switch_port=EXCLUDED.switch_port,rack_id=EXCLUDED.rack_id;
UPDATE cameras SET ip_address='10.1.30.3', description=COALESCE(NULLIF('PAL PATIO BUSTOS',''),description) WHERE device_id='morjsqbpu5rnco4h';
INSERT INTO recorder_channels(recorder_id,channel_number,camera_id,description) VALUES ('morjsqbqqquwiwqq',19,'morjsqbpkb1s58hs','SALON BLANCO 2') ON CONFLICT (recorder_id,channel_number) DO UPDATE SET camera_id=EXCLUDED.camera_id,description=EXCLUDED.description;
INSERT INTO camera_locations(camera_id,building_id,floor_id,sector,description) VALUES ('morjsqbpkb1s58hs',(SELECT id FROM buildings WHERE name='Palacio'),(SELECT f.id FROM floors f JOIN buildings b ON b.id=f.building_id WHERE b.name='Palacio' AND f.name='pb' LIMIT 1),NULL,'SALON BLANCO 2') ON CONFLICT (camera_id) DO UPDATE SET building_id=EXCLUDED.building_id,floor_id=EXCLUDED.floor_id,description=EXCLUDED.description;
INSERT INTO camera_network_connections(camera_id,switch_port,rack_id) VALUES ('morjsqbpkb1s58hs','2/0/43',(SELECT r.id FROM racks r JOIN buildings b ON b.id=r.building_id LEFT JOIN floors f ON f.id=r.floor_id WHERE b.name='Palacio' AND r.code='10' AND f.name='pb' LIMIT 1)) ON CONFLICT (camera_id) DO UPDATE SET switch_port=EXCLUDED.switch_port,rack_id=EXCLUDED.rack_id;
UPDATE cameras SET ip_address='10.1.30.4', description=COALESCE(NULLIF('SALON BLANCO 2',''),description) WHERE device_id='morjsqbpkb1s58hs';
INSERT INTO recorder_channels(recorder_id,channel_number,camera_id,description) VALUES ('morjsqbqqquwiwqq',20,'morjsqbph1otjls1','HALL PRESIDENCIA') ON CONFLICT (recorder_id,channel_number) DO UPDATE SET camera_id=EXCLUDED.camera_id,description=EXCLUDED.description;
INSERT INTO camera_locations(camera_id,building_id,floor_id,sector,description) VALUES ('morjsqbph1otjls1',(SELECT id FROM buildings WHERE name='Palacio'),(SELECT f.id FROM floors f JOIN buildings b ON b.id=f.building_id WHERE b.name='Palacio' AND f.name='1' LIMIT 1),NULL,'HALL PRESIDENCIA') ON CONFLICT (camera_id) DO UPDATE SET building_id=EXCLUDED.building_id,floor_id=EXCLUDED.floor_id,description=EXCLUDED.description;
INSERT INTO camera_network_connections(camera_id,switch_port,rack_id) VALUES ('morjsqbph1otjls1','2/0/48',(SELECT r.id FROM racks r JOIN buildings b ON b.id=r.building_id LEFT JOIN floors f ON f.id=r.floor_id WHERE b.name='Palacio' AND r.code='1' AND f.name='1' LIMIT 1)) ON CONFLICT (camera_id) DO UPDATE SET switch_port=EXCLUDED.switch_port,rack_id=EXCLUDED.rack_id;
UPDATE cameras SET ip_address='10.1.30.15', description=COALESCE(NULLIF('HALL PRESIDENCIA',''),description) WHERE device_id='morjsqbph1otjls1';
INSERT INTO recorder_channels(recorder_id,channel_number,camera_id,description) VALUES ('morjsqbqqquwiwqq',21,'morjsqbpwwbkeybj','EXTERIOR RIVADAVIA') ON CONFLICT (recorder_id,channel_number) DO UPDATE SET camera_id=EXCLUDED.camera_id,description=EXCLUDED.description;
INSERT INTO camera_locations(camera_id,building_id,floor_id,sector,description) VALUES ('morjsqbpwwbkeybj',(SELECT id FROM buildings WHERE name='Anexo A'),(SELECT f.id FROM floors f JOIN buildings b ON b.id=f.building_id WHERE b.name='Anexo A' AND f.name='ep2' LIMIT 1),NULL,'EXTERIOR RIVADAVIA') ON CONFLICT (camera_id) DO UPDATE SET building_id=EXCLUDED.building_id,floor_id=EXCLUDED.floor_id,description=EXCLUDED.description;
INSERT INTO camera_network_connections(camera_id,switch_port,rack_id) VALUES ('morjsqbpwwbkeybj','4/0/47',(SELECT r.id FROM racks r JOIN buildings b ON b.id=r.building_id LEFT JOIN floors f ON f.id=r.floor_id WHERE b.name='Anexo A' AND r.code='131' AND f.name='ep2' LIMIT 1)) ON CONFLICT (camera_id) DO UPDATE SET switch_port=EXCLUDED.switch_port,rack_id=EXCLUDED.rack_id;
UPDATE cameras SET ip_address='10.11.30.27', description=COALESCE(NULLIF('EXTERIOR RIVADAVIA',''),description) WHERE device_id='morjsqbpwwbkeybj';
INSERT INTO recorder_channels(recorder_id,channel_number,camera_id,description) VALUES ('morjsqbqqquwiwqq',22,'morjsqbqmk1vi8ig','MOLINETE PERSONAL') ON CONFLICT (recorder_id,channel_number) DO UPDATE SET camera_id=EXCLUDED.camera_id,description=EXCLUDED.description;
INSERT INTO camera_locations(camera_id,building_id,floor_id,sector,description) VALUES ('morjsqbqmk1vi8ig',(SELECT id FROM buildings WHERE name='Anexo A'),(SELECT f.id FROM floors f JOIN buildings b ON b.id=f.building_id WHERE b.name='Anexo A' AND f.name='pb' LIMIT 1),NULL,'MOLINETE PERSONAL') ON CONFLICT (camera_id) DO UPDATE SET building_id=EXCLUDED.building_id,floor_id=EXCLUDED.floor_id,description=EXCLUDED.description;
INSERT INTO camera_network_connections(camera_id,switch_port,rack_id) VALUES ('morjsqbqmk1vi8ig','3/0/23',(SELECT r.id FROM racks r JOIN buildings b ON b.id=r.building_id LEFT JOIN floors f ON f.id=r.floor_id WHERE b.name='Anexo A' AND r.code='131' AND f.name='pb' LIMIT 1)) ON CONFLICT (camera_id) DO UPDATE SET switch_port=EXCLUDED.switch_port,rack_id=EXCLUDED.rack_id;
UPDATE cameras SET ip_address='10.11.30.11', description=COALESCE(NULLIF('MOLINETE PERSONAL',''),description) WHERE device_id='morjsqbqmk1vi8ig';
INSERT INTO recorder_channels(recorder_id,channel_number,camera_id,description) VALUES ('morjsqbqqquwiwqq',23,'morjsqbq7zfkg4o7','PB PUERTA LATERAL') ON CONFLICT (recorder_id,channel_number) DO UPDATE SET camera_id=EXCLUDED.camera_id,description=EXCLUDED.description;
INSERT INTO camera_locations(camera_id,building_id,floor_id,sector,description) VALUES ('morjsqbq7zfkg4o7',(SELECT id FROM buildings WHERE name='Anexo A'),(SELECT f.id FROM floors f JOIN buildings b ON b.id=f.building_id WHERE b.name='Anexo A' AND f.name='pb' LIMIT 1),NULL,'PB PUERTA LATERAL') ON CONFLICT (camera_id) DO UPDATE SET building_id=EXCLUDED.building_id,floor_id=EXCLUDED.floor_id,description=EXCLUDED.description;
INSERT INTO camera_network_connections(camera_id,switch_port,rack_id) VALUES ('morjsqbq7zfkg4o7','3/0/27',(SELECT r.id FROM racks r JOIN buildings b ON b.id=r.building_id LEFT JOIN floors f ON f.id=r.floor_id WHERE b.name='Anexo A' AND r.code='131' AND f.name='pb' LIMIT 1)) ON CONFLICT (camera_id) DO UPDATE SET switch_port=EXCLUDED.switch_port,rack_id=EXCLUDED.rack_id;
UPDATE cameras SET ip_address='10.11.30.14', description=COALESCE(NULLIF('PB PUERTA LATERAL',''),description) WHERE device_id='morjsqbq7zfkg4o7';
INSERT INTO recorder_channels(recorder_id,channel_number,camera_id,description) VALUES ('morjsqbqqquwiwqq',24,'morjsqbpbt2szotu','INGRESO GENERAL') ON CONFLICT (recorder_id,channel_number) DO UPDATE SET camera_id=EXCLUDED.camera_id,description=EXCLUDED.description;
INSERT INTO camera_locations(camera_id,building_id,floor_id,sector,description) VALUES ('morjsqbpbt2szotu',(SELECT id FROM buildings WHERE name='Anexo A'),(SELECT f.id FROM floors f JOIN buildings b ON b.id=f.building_id WHERE b.name='Anexo A' AND f.name='pb' LIMIT 1),NULL,'INGRESO GENERAL') ON CONFLICT (camera_id) DO UPDATE SET building_id=EXCLUDED.building_id,floor_id=EXCLUDED.floor_id,description=EXCLUDED.description;
INSERT INTO camera_network_connections(camera_id,switch_port,rack_id) VALUES ('morjsqbpbt2szotu','3/0/28',(SELECT r.id FROM racks r JOIN buildings b ON b.id=r.building_id LEFT JOIN floors f ON f.id=r.floor_id WHERE b.name='Anexo A' AND r.code='131' AND f.name='pb' LIMIT 1)) ON CONFLICT (camera_id) DO UPDATE SET switch_port=EXCLUDED.switch_port,rack_id=EXCLUDED.rack_id;
UPDATE cameras SET ip_address='10.11.30.15', description=COALESCE(NULLIF('INGRESO GENERAL',''),description) WHERE device_id='morjsqbpbt2szotu';
INSERT INTO recorder_channels(recorder_id,channel_number,camera_id,description) VALUES ('morjsqbqqquwiwqq',25,'morjsqbq7d3d1czn','PB-7 MOSTRADOR RECEPCION') ON CONFLICT (recorder_id,channel_number) DO UPDATE SET camera_id=EXCLUDED.camera_id,description=EXCLUDED.description;
INSERT INTO camera_locations(camera_id,building_id,floor_id,sector,description) VALUES ('morjsqbq7d3d1czn',(SELECT id FROM buildings WHERE name='Anexo A'),(SELECT f.id FROM floors f JOIN buildings b ON b.id=f.building_id WHERE b.name='Anexo A' AND f.name='pb' LIMIT 1),NULL,'PB-7 MOSTRADOR RECEPCION') ON CONFLICT (camera_id) DO UPDATE SET building_id=EXCLUDED.building_id,floor_id=EXCLUDED.floor_id,description=EXCLUDED.description;
INSERT INTO camera_network_connections(camera_id,switch_port,rack_id) VALUES ('morjsqbq7d3d1czn','4/0/34',(SELECT r.id FROM racks r JOIN buildings b ON b.id=r.building_id LEFT JOIN floors f ON f.id=r.floor_id WHERE b.name='Anexo A' AND r.code='131' AND f.name='pb' LIMIT 1)) ON CONFLICT (camera_id) DO UPDATE SET switch_port=EXCLUDED.switch_port,rack_id=EXCLUDED.rack_id;
UPDATE cameras SET ip_address='10.11.30.9', description=COALESCE(NULLIF('PB-7 MOSTRADOR RECEPCION',''),description) WHERE device_id='morjsqbq7d3d1czn';
INSERT INTO recorder_channels(recorder_id,channel_number,camera_id,description) VALUES ('morjsqbqqquwiwqq',26,'morjsqbpu959ho9h','PB ASCENSOR VISITAS') ON CONFLICT (recorder_id,channel_number) DO UPDATE SET camera_id=EXCLUDED.camera_id,description=EXCLUDED.description;
INSERT INTO camera_locations(camera_id,building_id,floor_id,sector,description) VALUES ('morjsqbpu959ho9h',(SELECT id FROM buildings WHERE name='Anexo A'),(SELECT f.id FROM floors f JOIN buildings b ON b.id=f.building_id WHERE b.name='Anexo A' AND f.name='pb' LIMIT 1),NULL,'PB ASCENSOR VISITAS') ON CONFLICT (camera_id) DO UPDATE SET building_id=EXCLUDED.building_id,floor_id=EXCLUDED.floor_id,description=EXCLUDED.description;
INSERT INTO camera_network_connections(camera_id,switch_port,rack_id) VALUES ('morjsqbpu959ho9h','3/0/29',(SELECT r.id FROM racks r JOIN buildings b ON b.id=r.building_id LEFT JOIN floors f ON f.id=r.floor_id WHERE b.name='Anexo A' AND r.code='131' AND f.name='pb' LIMIT 1)) ON CONFLICT (camera_id) DO UPDATE SET switch_port=EXCLUDED.switch_port,rack_id=EXCLUDED.rack_id;
UPDATE cameras SET ip_address='10.11.30.16', description=COALESCE(NULLIF('PB ASCENSOR VISITAS',''),description) WHERE device_id='morjsqbpu959ho9h';
INSERT INTO recorder_channels(recorder_id,channel_number,camera_id,description) VALUES ('morjsqbqqquwiwqq',27,'morjsqbpehb8l9co','9-PB MOLINETES VISITA') ON CONFLICT (recorder_id,channel_number) DO UPDATE SET camera_id=EXCLUDED.camera_id,description=EXCLUDED.description;
INSERT INTO camera_locations(camera_id,building_id,floor_id,sector,description) VALUES ('morjsqbpehb8l9co',(SELECT id FROM buildings WHERE name='Anexo A'),(SELECT f.id FROM floors f JOIN buildings b ON b.id=f.building_id WHERE b.name='Anexo A' AND f.name='pb' LIMIT 1),NULL,'9-PB MOLINETES VISITA') ON CONFLICT (camera_id) DO UPDATE SET building_id=EXCLUDED.building_id,floor_id=EXCLUDED.floor_id,description=EXCLUDED.description;
INSERT INTO camera_network_connections(camera_id,switch_port,rack_id) VALUES ('morjsqbpehb8l9co','3/0/6',(SELECT r.id FROM racks r JOIN buildings b ON b.id=r.building_id LEFT JOIN floors f ON f.id=r.floor_id WHERE b.name='Anexo A' AND r.code='131' AND f.name='pb' LIMIT 1)) ON CONFLICT (camera_id) DO UPDATE SET switch_port=EXCLUDED.switch_port,rack_id=EXCLUDED.rack_id;
UPDATE cameras SET ip_address='10.11.30.8', description=COALESCE(NULLIF('9-PB MOLINETES VISITA',''),description) WHERE device_id='morjsqbpehb8l9co';
INSERT INTO recorder_channels(recorder_id,channel_number,camera_id,description) VALUES ('morjsqbqqquwiwqq',28,'morjsqbq5l6e87ay','ASCENSORES DIP RIOBAMBA') ON CONFLICT (recorder_id,channel_number) DO UPDATE SET camera_id=EXCLUDED.camera_id,description=EXCLUDED.description;
INSERT INTO camera_locations(camera_id,building_id,floor_id,sector,description) VALUES ('morjsqbq5l6e87ay',(SELECT id FROM buildings WHERE name='Anexo A'),(SELECT f.id FROM floors f JOIN buildings b ON b.id=f.building_id WHERE b.name='Anexo A' AND f.name='pb' LIMIT 1),NULL,'ASCENSORES DIP RIOBAMBA') ON CONFLICT (camera_id) DO UPDATE SET building_id=EXCLUDED.building_id,floor_id=EXCLUDED.floor_id,description=EXCLUDED.description;
INSERT INTO camera_network_connections(camera_id,switch_port,rack_id) VALUES ('morjsqbq5l6e87ay','4/0/35',(SELECT r.id FROM racks r JOIN buildings b ON b.id=r.building_id LEFT JOIN floors f ON f.id=r.floor_id WHERE b.name='Anexo A' AND r.code='131' AND f.name='pb' LIMIT 1)) ON CONFLICT (camera_id) DO UPDATE SET switch_port=EXCLUDED.switch_port,rack_id=EXCLUDED.rack_id;
UPDATE cameras SET ip_address='10.11.30.10', description=COALESCE(NULLIF('ASCENSORES DIP RIOBAMBA',''),description) WHERE device_id='morjsqbq5l6e87ay';
INSERT INTO recorder_channels(recorder_id,channel_number,camera_id,description) VALUES ('morjsqbqqquwiwqq',29,'morjsqbpjceqntsq','PASILLO TRASERO') ON CONFLICT (recorder_id,channel_number) DO UPDATE SET camera_id=EXCLUDED.camera_id,description=EXCLUDED.description;
INSERT INTO camera_locations(camera_id,building_id,floor_id,sector,description) VALUES ('morjsqbpjceqntsq',(SELECT id FROM buildings WHERE name='Anexo A'),(SELECT f.id FROM floors f JOIN buildings b ON b.id=f.building_id WHERE b.name='Anexo A' AND f.name='pb' LIMIT 1),NULL,'PASILLO TRASERO') ON CONFLICT (camera_id) DO UPDATE SET building_id=EXCLUDED.building_id,floor_id=EXCLUDED.floor_id,description=EXCLUDED.description;
INSERT INTO camera_network_connections(camera_id,switch_port,rack_id) VALUES ('morjsqbpjceqntsq','3/0/25',(SELECT r.id FROM racks r JOIN buildings b ON b.id=r.building_id LEFT JOIN floors f ON f.id=r.floor_id WHERE b.name='Anexo A' AND r.code='131' AND f.name='pb' LIMIT 1)) ON CONFLICT (camera_id) DO UPDATE SET switch_port=EXCLUDED.switch_port,rack_id=EXCLUDED.rack_id;
UPDATE cameras SET ip_address='10.11.30.12', description=COALESCE(NULLIF('PASILLO TRASERO',''),description) WHERE device_id='morjsqbpjceqntsq';
INSERT INTO recorder_channels(recorder_id,channel_number,camera_id,description) VALUES ('morjsqbqqquwiwqq',30,'morjsqbpychdysn9','PB BAR') ON CONFLICT (recorder_id,channel_number) DO UPDATE SET camera_id=EXCLUDED.camera_id,description=EXCLUDED.description;
INSERT INTO camera_locations(camera_id,building_id,floor_id,sector,description) VALUES ('morjsqbpychdysn9',(SELECT id FROM buildings WHERE name='Anexo A'),(SELECT f.id FROM floors f JOIN buildings b ON b.id=f.building_id WHERE b.name='Anexo A' AND f.name='pb' LIMIT 1),NULL,'PB BAR') ON CONFLICT (camera_id) DO UPDATE SET building_id=EXCLUDED.building_id,floor_id=EXCLUDED.floor_id,description=EXCLUDED.description;
INSERT INTO camera_network_connections(camera_id,switch_port,rack_id) VALUES ('morjsqbpychdysn9','3/0/26',(SELECT r.id FROM racks r JOIN buildings b ON b.id=r.building_id LEFT JOIN floors f ON f.id=r.floor_id WHERE b.name='Anexo A' AND r.code='131' AND f.name='pb' LIMIT 1)) ON CONFLICT (camera_id) DO UPDATE SET switch_port=EXCLUDED.switch_port,rack_id=EXCLUDED.rack_id;
UPDATE cameras SET ip_address='10.11.30.13', description=COALESCE(NULLIF('PB BAR',''),description) WHERE device_id='morjsqbpychdysn9';
INSERT INTO recorder_channels(recorder_id,channel_number,camera_id,description) VALUES ('morjsqbqqquwiwqq',31,'morjsqbq2ajo2zn4','ESCALERA PB') ON CONFLICT (recorder_id,channel_number) DO UPDATE SET camera_id=EXCLUDED.camera_id,description=EXCLUDED.description;
INSERT INTO camera_locations(camera_id,building_id,floor_id,sector,description) VALUES ('morjsqbq2ajo2zn4',(SELECT id FROM buildings WHERE name='Anexo A'),(SELECT f.id FROM floors f JOIN buildings b ON b.id=f.building_id WHERE b.name='Anexo A' AND f.name='pb' LIMIT 1),NULL,'ESCALERA PB') ON CONFLICT (camera_id) DO UPDATE SET building_id=EXCLUDED.building_id,floor_id=EXCLUDED.floor_id,description=EXCLUDED.description;
INSERT INTO camera_network_connections(camera_id,switch_port,rack_id) VALUES ('morjsqbq2ajo2zn4','3/0/2',(SELECT r.id FROM racks r JOIN buildings b ON b.id=r.building_id LEFT JOIN floors f ON f.id=r.floor_id WHERE b.name='Anexo A' AND r.code='131' AND f.name='pb' LIMIT 1)) ON CONFLICT (camera_id) DO UPDATE SET switch_port=EXCLUDED.switch_port,rack_id=EXCLUDED.rack_id;
UPDATE cameras SET ip_address='10.11.30.7', description=COALESCE(NULLIF('ESCALERA PB',''),description) WHERE device_id='morjsqbq2ajo2zn4';
INSERT INTO recorder_channels(recorder_id,channel_number,camera_id,description) VALUES ('morjsqbqqquwiwqq',32,'morjsqbq74col8x2','EP1 PASO ANEXO C') ON CONFLICT (recorder_id,channel_number) DO UPDATE SET camera_id=EXCLUDED.camera_id,description=EXCLUDED.description;
INSERT INTO camera_locations(camera_id,building_id,floor_id,sector,description) VALUES ('morjsqbq74col8x2',(SELECT id FROM buildings WHERE name='Anexo C'),(SELECT f.id FROM floors f JOIN buildings b ON b.id=f.building_id WHERE b.name='Anexo C' AND f.name='ep1' LIMIT 1),NULL,'EP1 PASO ANEXO C') ON CONFLICT (camera_id) DO UPDATE SET building_id=EXCLUDED.building_id,floor_id=EXCLUDED.floor_id,description=EXCLUDED.description;
INSERT INTO camera_network_connections(camera_id,switch_port,rack_id) VALUES ('morjsqbq74col8x2','3/0/18',(SELECT r.id FROM racks r JOIN buildings b ON b.id=r.building_id LEFT JOIN floors f ON f.id=r.floor_id WHERE b.name='Anexo C' AND r.code='135' AND f.name='ep1' LIMIT 1)) ON CONFLICT (camera_id) DO UPDATE SET switch_port=EXCLUDED.switch_port,rack_id=EXCLUDED.rack_id;
UPDATE cameras SET ip_address='10.11.30.23', description=COALESCE(NULLIF('EP1 PASO ANEXO C',''),description) WHERE device_id='morjsqbq74col8x2';
INSERT INTO recorder_channels(recorder_id,channel_number,camera_id,description) VALUES ('morjsqbqqquwiwqq',33,'morjsqbp4t0g9ar8','EP1 RELOJ RRHH') ON CONFLICT (recorder_id,channel_number) DO UPDATE SET camera_id=EXCLUDED.camera_id,description=EXCLUDED.description;
INSERT INTO camera_locations(camera_id,building_id,floor_id,sector,description) VALUES ('morjsqbp4t0g9ar8',(SELECT id FROM buildings WHERE name='Anexo A'),(SELECT f.id FROM floors f JOIN buildings b ON b.id=f.building_id WHERE b.name='Anexo A' AND f.name='ep1' LIMIT 1),NULL,'EP1 RELOJ RRHH') ON CONFLICT (camera_id) DO UPDATE SET building_id=EXCLUDED.building_id,floor_id=EXCLUDED.floor_id,description=EXCLUDED.description;
INSERT INTO camera_network_connections(camera_id,switch_port,rack_id) VALUES ('morjsqbp4t0g9ar8','3/0/23',(SELECT r.id FROM racks r JOIN buildings b ON b.id=r.building_id LEFT JOIN floors f ON f.id=r.floor_id WHERE b.name='Anexo A' AND r.code='135' AND f.name='ep1' LIMIT 1)) ON CONFLICT (camera_id) DO UPDATE SET switch_port=EXCLUDED.switch_port,rack_id=EXCLUDED.rack_id;
UPDATE cameras SET ip_address='10.11.30.22', description=COALESCE(NULLIF('EP1 RELOJ RRHH',''),description) WHERE device_id='morjsqbp4t0g9ar8';
INSERT INTO recorder_channels(recorder_id,channel_number,camera_id,description) VALUES ('morjsqbqqquwiwqq',34,'morjsqbpeyxe85if','INGRESO POZOS 2') ON CONFLICT (recorder_id,channel_number) DO UPDATE SET camera_id=EXCLUDED.camera_id,description=EXCLUDED.description;
INSERT INTO camera_locations(camera_id,building_id,floor_id,sector,description) VALUES ('morjsqbpeyxe85if',(SELECT id FROM buildings WHERE name='Palacio'),(SELECT f.id FROM floors f JOIN buildings b ON b.id=f.building_id WHERE b.name='Palacio' AND f.name='pb' LIMIT 1),NULL,'INGRESO POZOS 2') ON CONFLICT (camera_id) DO UPDATE SET building_id=EXCLUDED.building_id,floor_id=EXCLUDED.floor_id,description=EXCLUDED.description;
INSERT INTO camera_network_connections(camera_id,switch_port,rack_id) VALUES ('morjsqbpeyxe85if','2/0/23',(SELECT r.id FROM racks r JOIN buildings b ON b.id=r.building_id LEFT JOIN floors f ON f.id=r.floor_id WHERE b.name='Palacio' AND r.code='1' AND f.name='pb' LIMIT 1)) ON CONFLICT (camera_id) DO UPDATE SET switch_port=EXCLUDED.switch_port,rack_id=EXCLUDED.rack_id;
UPDATE cameras SET ip_address='10.1.30.17', description=COALESCE(NULLIF('INGRESO POZOS 2',''),description) WHERE device_id='morjsqbpeyxe85if';
INSERT INTO recorder_channels(recorder_id,channel_number,camera_id,description) VALUES ('morjsqbqqquwiwqq',35,'morjsqbqi8zsjazr','PB-ANEXO B') ON CONFLICT (recorder_id,channel_number) DO UPDATE SET camera_id=EXCLUDED.camera_id,description=EXCLUDED.description;
INSERT INTO camera_locations(camera_id,building_id,floor_id,sector,description) VALUES ('morjsqbqi8zsjazr',(SELECT id FROM buildings WHERE name='Anexo B'),(SELECT f.id FROM floors f JOIN buildings b ON b.id=f.building_id WHERE b.name='Anexo B' AND f.name='1' LIMIT 1),NULL,'PB-ANEXO B') ON CONFLICT (camera_id) DO UPDATE SET building_id=EXCLUDED.building_id,floor_id=EXCLUDED.floor_id,description=EXCLUDED.description;
INSERT INTO camera_network_connections(camera_id,switch_port,rack_id) VALUES ('morjsqbqi8zsjazr','5/0/45',(SELECT r.id FROM racks r JOIN buildings b ON b.id=r.building_id LEFT JOIN floors f ON f.id=r.floor_id WHERE b.name='Anexo B' AND r.code='200' AND f.name='1' LIMIT 1)) ON CONFLICT (camera_id) DO UPDATE SET switch_port=EXCLUDED.switch_port,rack_id=EXCLUDED.rack_id;
UPDATE cameras SET ip_address='10.31.30.2', description=COALESCE(NULLIF('PB-ANEXO B',''),description) WHERE device_id='morjsqbqi8zsjazr';
INSERT INTO recorder_channels(recorder_id,channel_number,camera_id,description) VALUES ('morjsqbqqquwiwqq',36,'morjsqbppberhaxh','BICICLETERO') ON CONFLICT (recorder_id,channel_number) DO UPDATE SET camera_id=EXCLUDED.camera_id,description=EXCLUDED.description;
INSERT INTO camera_locations(camera_id,building_id,floor_id,sector,description) VALUES ('morjsqbppberhaxh',(SELECT id FROM buildings WHERE name='Anexo A'),(SELECT f.id FROM floors f JOIN buildings b ON b.id=f.building_id WHERE b.name='Anexo A' AND f.name='pb' LIMIT 1),NULL,'BICICLETERO') ON CONFLICT (camera_id) DO UPDATE SET building_id=EXCLUDED.building_id,floor_id=EXCLUDED.floor_id,description=EXCLUDED.description;
INSERT INTO camera_network_connections(camera_id,switch_port,rack_id) VALUES ('morjsqbppberhaxh','1/0/39',(SELECT r.id FROM racks r JOIN buildings b ON b.id=r.building_id LEFT JOIN floors f ON f.id=r.floor_id WHERE b.name='Anexo A' AND r.code='131' AND f.name='pb' LIMIT 1)) ON CONFLICT (camera_id) DO UPDATE SET switch_port=EXCLUDED.switch_port,rack_id=EXCLUDED.rack_id;
UPDATE cameras SET ip_address='10.11.30.30', description=COALESCE(NULLIF('BICICLETERO',''),description) WHERE device_id='morjsqbppberhaxh';
INSERT INTO recorder_channels(recorder_id,channel_number,camera_id,description) VALUES ('morjsqbqqquwiwqq',37,'morjsqbqdroqtnm7','FONDO PASOS PERDIDOS') ON CONFLICT (recorder_id,channel_number) DO UPDATE SET camera_id=EXCLUDED.camera_id,description=EXCLUDED.description;
INSERT INTO camera_locations(camera_id,building_id,floor_id,sector,description) VALUES ('morjsqbqdroqtnm7',(SELECT id FROM buildings WHERE name='Palacio'),(SELECT f.id FROM floors f JOIN buildings b ON b.id=f.building_id WHERE b.name='Palacio' AND f.name='PB' LIMIT 1),NULL,'FONDO PASOS PERDIDOS') ON CONFLICT (camera_id) DO UPDATE SET building_id=EXCLUDED.building_id,floor_id=EXCLUDED.floor_id,description=EXCLUDED.description;
INSERT INTO camera_network_connections(camera_id,switch_port,rack_id) VALUES ('morjsqbqdroqtnm7',NULL,NULL) ON CONFLICT (camera_id) DO UPDATE SET switch_port=EXCLUDED.switch_port,rack_id=EXCLUDED.rack_id;
UPDATE cameras SET ip_address='10.2.30.2', description=COALESCE(NULLIF('FONDO PASOS PERDIDOS',''),description) WHERE device_id='morjsqbqdroqtnm7';
INSERT INTO recorder_channels(recorder_id,channel_number,camera_id,description) VALUES ('morjsqbqqquwiwqq',38,'morjsqbp3z3gyu2x','1829 P4') ON CONFLICT (recorder_id,channel_number) DO UPDATE SET camera_id=EXCLUDED.camera_id,description=EXCLUDED.description;
INSERT INTO camera_locations(camera_id,building_id,floor_id,sector,description) VALUES ('morjsqbp3z3gyu2x',(SELECT id FROM buildings WHERE name='Rivadavia 1829'),(SELECT f.id FROM floors f JOIN buildings b ON b.id=f.building_id WHERE b.name='Rivadavia 1829' AND f.name='4' LIMIT 1),NULL,'1829 P4') ON CONFLICT (camera_id) DO UPDATE SET building_id=EXCLUDED.building_id,floor_id=EXCLUDED.floor_id,description=EXCLUDED.description;
INSERT INTO camera_network_connections(camera_id,switch_port,rack_id) VALUES ('morjsqbp3z3gyu2x','1/0/47',(SELECT r.id FROM racks r JOIN buildings b ON b.id=r.building_id LEFT JOIN floors f ON f.id=r.floor_id WHERE b.name='Rivadavia 1829' AND r.code='930' AND f.name='4' LIMIT 1)) ON CONFLICT (camera_id) DO UPDATE SET switch_port=EXCLUDED.switch_port,rack_id=EXCLUDED.rack_id;
UPDATE cameras SET ip_address='10.91.30.4', description=COALESCE(NULLIF('1829 P4',''),description) WHERE device_id='morjsqbp3z3gyu2x';
INSERT INTO recorder_channels(recorder_id,channel_number,camera_id,description) VALUES ('morjsqbqqquwiwqq',39,'morjsqbqahygrw9h','PAL PASILLO FONDO') ON CONFLICT (recorder_id,channel_number) DO UPDATE SET camera_id=EXCLUDED.camera_id,description=EXCLUDED.description;
INSERT INTO camera_locations(camera_id,building_id,floor_id,sector,description) VALUES ('morjsqbqahygrw9h',(SELECT id FROM buildings WHERE name='Palacio'),(SELECT f.id FROM floors f JOIN buildings b ON b.id=f.building_id WHERE b.name='Palacio' AND f.name='PB' LIMIT 1),NULL,'PAL PASILLO FONDO') ON CONFLICT (camera_id) DO UPDATE SET building_id=EXCLUDED.building_id,floor_id=EXCLUDED.floor_id,description=EXCLUDED.description;
INSERT INTO camera_network_connections(camera_id,switch_port,rack_id) VALUES ('morjsqbqahygrw9h',NULL,(SELECT r.id FROM racks r JOIN buildings b ON b.id=r.building_id LEFT JOIN floors f ON f.id=r.floor_id WHERE b.name='Palacio' AND r.code='3' AND f.name='PB' LIMIT 1)) ON CONFLICT (camera_id) DO UPDATE SET switch_port=EXCLUDED.switch_port,rack_id=EXCLUDED.rack_id;
UPDATE cameras SET ip_address='10.1.30.32', description=COALESCE(NULLIF('PAL PASILLO FONDO',''),description) WHERE device_id='morjsqbqahygrw9h';
INSERT INTO recorder_channels(recorder_id,channel_number,camera_id,description) VALUES ('morjsqbqqquwiwqq',40,'morjsqbq04uscz38','EP1 ACCESO ANEXO B') ON CONFLICT (recorder_id,channel_number) DO UPDATE SET camera_id=EXCLUDED.camera_id,description=EXCLUDED.description;
INSERT INTO camera_locations(camera_id,building_id,floor_id,sector,description) VALUES ('morjsqbq04uscz38',(SELECT id FROM buildings WHERE name='Anexo B'),(SELECT f.id FROM floors f JOIN buildings b ON b.id=f.building_id WHERE b.name='Anexo B' AND f.name='EP1' LIMIT 1),NULL,'EP1 ACCESO ANEXO B') ON CONFLICT (camera_id) DO UPDATE SET building_id=EXCLUDED.building_id,floor_id=EXCLUDED.floor_id,description=EXCLUDED.description;
INSERT INTO camera_network_connections(camera_id,switch_port,rack_id) VALUES ('morjsqbq04uscz38','3/0/22',(SELECT r.id FROM racks r JOIN buildings b ON b.id=r.building_id LEFT JOIN floors f ON f.id=r.floor_id WHERE b.name='Anexo B' AND r.code='135' AND f.name='EP1' LIMIT 1)) ON CONFLICT (camera_id) DO UPDATE SET switch_port=EXCLUDED.switch_port,rack_id=EXCLUDED.rack_id;
UPDATE cameras SET ip_address='10.11.30.24', description=COALESCE(NULLIF('EP1 ACCESO ANEXO B',''),description) WHERE device_id='morjsqbq04uscz38';
INSERT INTO recorder_channels(recorder_id,channel_number,camera_id,description) VALUES ('morjsqbqqquwiwqq',41,'morjsqbp8pnaarhk','EXTERIOR RIOBAMBA') ON CONFLICT (recorder_id,channel_number) DO UPDATE SET camera_id=EXCLUDED.camera_id,description=EXCLUDED.description;
INSERT INTO camera_locations(camera_id,building_id,floor_id,sector,description) VALUES ('morjsqbp8pnaarhk',(SELECT id FROM buildings WHERE name='Anexo A'),(SELECT f.id FROM floors f JOIN buildings b ON b.id=f.building_id WHERE b.name='Anexo A' AND f.name='pb' LIMIT 1),NULL,'EXTERIOR RIOBAMBA') ON CONFLICT (camera_id) DO UPDATE SET building_id=EXCLUDED.building_id,floor_id=EXCLUDED.floor_id,description=EXCLUDED.description;
INSERT INTO camera_network_connections(camera_id,switch_port,rack_id) VALUES ('morjsqbp8pnaarhk','3/0/30',(SELECT r.id FROM racks r JOIN buildings b ON b.id=r.building_id LEFT JOIN floors f ON f.id=r.floor_id WHERE b.name='Anexo A' AND r.code='131' AND f.name='pb' LIMIT 1)) ON CONFLICT (camera_id) DO UPDATE SET switch_port=EXCLUDED.switch_port,rack_id=EXCLUDED.rack_id;
UPDATE cameras SET ip_address='10.11.30.17', description=COALESCE(NULLIF('EXTERIOR RIOBAMBA',''),description) WHERE device_id='morjsqbp8pnaarhk';
INSERT INTO recorder_channels(recorder_id,channel_number,camera_id,description) VALUES ('morjsqbqqquwiwqq',42,'morjsqbp23wouuur','PAL 1P ALA ENTRE RIOS') ON CONFLICT (recorder_id,channel_number) DO UPDATE SET camera_id=EXCLUDED.camera_id,description=EXCLUDED.description;
INSERT INTO camera_locations(camera_id,building_id,floor_id,sector,description) VALUES ('morjsqbp23wouuur',(SELECT id FROM buildings WHERE name='Palacio'),(SELECT f.id FROM floors f JOIN buildings b ON b.id=f.building_id WHERE b.name='Palacio' AND f.name='1' LIMIT 1),NULL,'PAL 1P ALA ENTRE RIOS') ON CONFLICT (camera_id) DO UPDATE SET building_id=EXCLUDED.building_id,floor_id=EXCLUDED.floor_id,description=EXCLUDED.description;
INSERT INTO camera_network_connections(camera_id,switch_port,rack_id) VALUES ('morjsqbp23wouuur','1/0/20',(SELECT r.id FROM racks r JOIN buildings b ON b.id=r.building_id LEFT JOIN floors f ON f.id=r.floor_id WHERE b.name='Palacio' AND r.code='25' AND f.name='1' LIMIT 1)) ON CONFLICT (camera_id) DO UPDATE SET switch_port=EXCLUDED.switch_port,rack_id=EXCLUDED.rack_id;
UPDATE cameras SET ip_address='10.3.30.2', description=COALESCE(NULLIF('PAL 1P ALA ENTRE RIOS',''),description) WHERE device_id='morjsqbp23wouuur';
INSERT INTO recorder_channels(recorder_id,channel_number,camera_id,description) VALUES ('morjsqbqqquwiwqq',43,'morjsqbpyroc84qz','PAL 1P ALA ENTRE RIOS 2') ON CONFLICT (recorder_id,channel_number) DO UPDATE SET camera_id=EXCLUDED.camera_id,description=EXCLUDED.description;
INSERT INTO camera_locations(camera_id,building_id,floor_id,sector,description) VALUES ('morjsqbpyroc84qz',(SELECT id FROM buildings WHERE name='Palacio'),(SELECT f.id FROM floors f JOIN buildings b ON b.id=f.building_id WHERE b.name='Palacio' AND f.name='1' LIMIT 1),NULL,'PAL 1P ALA ENTRE RIOS 2') ON CONFLICT (camera_id) DO UPDATE SET building_id=EXCLUDED.building_id,floor_id=EXCLUDED.floor_id,description=EXCLUDED.description;
INSERT INTO camera_network_connections(camera_id,switch_port,rack_id) VALUES ('morjsqbpyroc84qz','1/0/21',(SELECT r.id FROM racks r JOIN buildings b ON b.id=r.building_id LEFT JOIN floors f ON f.id=r.floor_id WHERE b.name='Palacio' AND r.code='25' AND f.name='1' LIMIT 1)) ON CONFLICT (camera_id) DO UPDATE SET switch_port=EXCLUDED.switch_port,rack_id=EXCLUDED.rack_id;
UPDATE cameras SET ip_address='10.3.30.3', description=COALESCE(NULLIF('PAL 1P ALA ENTRE RIOS 2',''),description) WHERE device_id='morjsqbpyroc84qz';
INSERT INTO recorder_channels(recorder_id,channel_number,camera_id,description) VALUES ('morjsqbqqquwiwqq',44,'morjsqbp2yoh5igp','PAL P1 PRENSA') ON CONFLICT (recorder_id,channel_number) DO UPDATE SET camera_id=EXCLUDED.camera_id,description=EXCLUDED.description;
INSERT INTO camera_locations(camera_id,building_id,floor_id,sector,description) VALUES ('morjsqbp2yoh5igp',(SELECT id FROM buildings WHERE name='Palacio'),(SELECT f.id FROM floors f JOIN buildings b ON b.id=f.building_id WHERE b.name='Palacio' AND f.name='1' LIMIT 1),NULL,'PAL P1 PRENSA') ON CONFLICT (camera_id) DO UPDATE SET building_id=EXCLUDED.building_id,floor_id=EXCLUDED.floor_id,description=EXCLUDED.description;
INSERT INTO camera_network_connections(camera_id,switch_port,rack_id) VALUES ('morjsqbp2yoh5igp','Fa0/23',(SELECT r.id FROM racks r JOIN buildings b ON b.id=r.building_id LEFT JOIN floors f ON f.id=r.floor_id WHERE b.name='Palacio' AND r.code='21' AND f.name='1' LIMIT 1)) ON CONFLICT (camera_id) DO UPDATE SET switch_port=EXCLUDED.switch_port,rack_id=EXCLUDED.rack_id;
UPDATE cameras SET ip_address='10.1.30.9', description=COALESCE(NULLIF('PAL P1 PRENSA',''),description) WHERE device_id='morjsqbp2yoh5igp';
INSERT INTO recorder_channels(recorder_id,channel_number,camera_id,description) VALUES ('morjsqbqqquwiwqq',45,'morjsqbp1snbahod','PAL ALA ENTRE RIOS') ON CONFLICT (recorder_id,channel_number) DO UPDATE SET camera_id=EXCLUDED.camera_id,description=EXCLUDED.description;
INSERT INTO camera_locations(camera_id,building_id,floor_id,sector,description) VALUES ('morjsqbp1snbahod',(SELECT id FROM buildings WHERE name='Palacio'),(SELECT f.id FROM floors f JOIN buildings b ON b.id=f.building_id WHERE b.name='Palacio' AND f.name='pb' LIMIT 1),NULL,'PAL ALA ENTRE RIOS') ON CONFLICT (camera_id) DO UPDATE SET building_id=EXCLUDED.building_id,floor_id=EXCLUDED.floor_id,description=EXCLUDED.description;
INSERT INTO camera_network_connections(camera_id,switch_port,rack_id) VALUES ('morjsqbp1snbahod','1/0/5',(SELECT r.id FROM racks r JOIN buildings b ON b.id=r.building_id LEFT JOIN floors f ON f.id=r.floor_id WHERE b.name='Palacio' AND r.code='1' AND f.name='pb' LIMIT 1)) ON CONFLICT (camera_id) DO UPDATE SET switch_port=EXCLUDED.switch_port,rack_id=EXCLUDED.rack_id;
UPDATE cameras SET ip_address='10.1.30.16', description=COALESCE(NULLIF('PAL ALA ENTRE RIOS',''),description) WHERE device_id='morjsqbp1snbahod';
INSERT INTO recorder_channels(recorder_id,channel_number,camera_id,description) VALUES ('morjsqbqqquwiwqq',46,'morjsqbp8cd5trgj','PASILLO A PASOS PERDIDOS') ON CONFLICT (recorder_id,channel_number) DO UPDATE SET camera_id=EXCLUDED.camera_id,description=EXCLUDED.description;
INSERT INTO camera_locations(camera_id,building_id,floor_id,sector,description) VALUES ('morjsqbp8cd5trgj',(SELECT id FROM buildings WHERE name='Palacio'),(SELECT f.id FROM floors f JOIN buildings b ON b.id=f.building_id WHERE b.name='Palacio' AND f.name='1' LIMIT 1),NULL,'PASILLO A PASOS PERDIDOS') ON CONFLICT (camera_id) DO UPDATE SET building_id=EXCLUDED.building_id,floor_id=EXCLUDED.floor_id,description=EXCLUDED.description;
INSERT INTO camera_network_connections(camera_id,switch_port,rack_id) VALUES ('morjsqbp8cd5trgj','Fa0/22',(SELECT r.id FROM racks r JOIN buildings b ON b.id=r.building_id LEFT JOIN floors f ON f.id=r.floor_id WHERE b.name='Palacio' AND r.code='21' AND f.name='1' LIMIT 1)) ON CONFLICT (camera_id) DO UPDATE SET switch_port=EXCLUDED.switch_port,rack_id=EXCLUDED.rack_id;
UPDATE cameras SET ip_address='10.1.30.21', description=COALESCE(NULLIF('PASILLO A PASOS PERDIDOS',''),description) WHERE device_id='morjsqbp8cd5trgj';
INSERT INTO recorder_channels(recorder_id,channel_number,camera_id,description) VALUES ('morjsqbqqquwiwqq',47,'morjsqbpxptev4z5','2P ALA POZOS') ON CONFLICT (recorder_id,channel_number) DO UPDATE SET camera_id=EXCLUDED.camera_id,description=EXCLUDED.description;
INSERT INTO camera_locations(camera_id,building_id,floor_id,sector,description) VALUES ('morjsqbpxptev4z5',(SELECT id FROM buildings WHERE name='Palacio'),(SELECT f.id FROM floors f JOIN buildings b ON b.id=f.building_id WHERE b.name='Palacio' AND f.name='2' LIMIT 1),NULL,'2P ALA POZOS') ON CONFLICT (camera_id) DO UPDATE SET building_id=EXCLUDED.building_id,floor_id=EXCLUDED.floor_id,description=EXCLUDED.description;
INSERT INTO camera_network_connections(camera_id,switch_port,rack_id) VALUES ('morjsqbpxptev4z5','1/0/39',(SELECT r.id FROM racks r JOIN buildings b ON b.id=r.building_id LEFT JOIN floors f ON f.id=r.floor_id WHERE b.name='Palacio' AND r.code='1' AND f.name='2' LIMIT 1)) ON CONFLICT (camera_id) DO UPDATE SET switch_port=EXCLUDED.switch_port,rack_id=EXCLUDED.rack_id;
UPDATE cameras SET ip_address='10.1.30.18', description=COALESCE(NULLIF('2P ALA POZOS',''),description) WHERE device_id='morjsqbpxptev4z5';
INSERT INTO recorder_channels(recorder_id,channel_number,camera_id,description) VALUES ('morjsqbqqquwiwqq',48,'morjsqbphnt7v4ua','PALACIO 3P') ON CONFLICT (recorder_id,channel_number) DO UPDATE SET camera_id=EXCLUDED.camera_id,description=EXCLUDED.description;
INSERT INTO camera_locations(camera_id,building_id,floor_id,sector,description) VALUES ('morjsqbphnt7v4ua',(SELECT id FROM buildings WHERE name='Palacio'),(SELECT f.id FROM floors f JOIN buildings b ON b.id=f.building_id WHERE b.name='Palacio' AND f.name='3' LIMIT 1),NULL,'PALACIO 3P') ON CONFLICT (camera_id) DO UPDATE SET building_id=EXCLUDED.building_id,floor_id=EXCLUDED.floor_id,description=EXCLUDED.description;
INSERT INTO camera_network_connections(camera_id,switch_port,rack_id) VALUES ('morjsqbphnt7v4ua','1/0/23',(SELECT r.id FROM racks r JOIN buildings b ON b.id=r.building_id LEFT JOIN floors f ON f.id=r.floor_id WHERE b.name='Palacio' AND r.code='329' AND f.name='3' LIMIT 1)) ON CONFLICT (camera_id) DO UPDATE SET switch_port=EXCLUDED.switch_port,rack_id=EXCLUDED.rack_id;
UPDATE cameras SET ip_address='10.3.30.1', description=COALESCE(NULLIF('PALACIO 3P',''),description) WHERE device_id='morjsqbphnt7v4ua';
INSERT INTO recorder_channels(recorder_id,channel_number,camera_id,description) VALUES ('morjsqbqqquwiwqq',49,'morjsqbpezdxlmtx','2P ALA ENTRE RIOS') ON CONFLICT (recorder_id,channel_number) DO UPDATE SET camera_id=EXCLUDED.camera_id,description=EXCLUDED.description;
INSERT INTO camera_locations(camera_id,building_id,floor_id,sector,description) VALUES ('morjsqbpezdxlmtx',(SELECT id FROM buildings WHERE name='Palacio'),(SELECT f.id FROM floors f JOIN buildings b ON b.id=f.building_id WHERE b.name='Palacio' AND f.name='2' LIMIT 1),NULL,'2P ALA ENTRE RIOS') ON CONFLICT (camera_id) DO UPDATE SET building_id=EXCLUDED.building_id,floor_id=EXCLUDED.floor_id,description=EXCLUDED.description;
INSERT INTO camera_network_connections(camera_id,switch_port,rack_id) VALUES ('morjsqbpezdxlmtx','2/0/16',(SELECT r.id FROM racks r JOIN buildings b ON b.id=r.building_id LEFT JOIN floors f ON f.id=r.floor_id WHERE b.name='Palacio' AND r.code='9' AND f.name='2' LIMIT 1)) ON CONFLICT (camera_id) DO UPDATE SET switch_port=EXCLUDED.switch_port,rack_id=EXCLUDED.rack_id;
UPDATE cameras SET ip_address='10.1.30.10', description=COALESCE(NULLIF('2P ALA ENTRE RIOS',''),description) WHERE device_id='morjsqbpezdxlmtx';
INSERT INTO recorder_channels(recorder_id,channel_number,camera_id,description) VALUES ('morjsqbqqquwiwqq',50,'morjsqbq5re5k0tq','DOMO HALL ANEXO A') ON CONFLICT (recorder_id,channel_number) DO UPDATE SET camera_id=EXCLUDED.camera_id,description=EXCLUDED.description;
INSERT INTO camera_locations(camera_id,building_id,floor_id,sector,description) VALUES ('morjsqbq5re5k0tq',(SELECT id FROM buildings WHERE name='Anexo A'),(SELECT f.id FROM floors f JOIN buildings b ON b.id=f.building_id WHERE b.name='Anexo A' AND f.name='ep1' LIMIT 1),NULL,'DOMO HALL ANEXO A') ON CONFLICT (camera_id) DO UPDATE SET building_id=EXCLUDED.building_id,floor_id=EXCLUDED.floor_id,description=EXCLUDED.description;
INSERT INTO camera_network_connections(camera_id,switch_port,rack_id) VALUES ('morjsqbq5re5k0tq','2/0/24',(SELECT r.id FROM racks r JOIN buildings b ON b.id=r.building_id LEFT JOIN floors f ON f.id=r.floor_id WHERE b.name='Anexo A' AND r.code='135' AND f.name='ep1' LIMIT 1)) ON CONFLICT (camera_id) DO UPDATE SET switch_port=EXCLUDED.switch_port,rack_id=EXCLUDED.rack_id;
UPDATE cameras SET ip_address='10.11.30.4', description=COALESCE(NULLIF('DOMO HALL ANEXO A',''),description) WHERE device_id='morjsqbq5re5k0tq';
INSERT INTO recorder_channels(recorder_id,channel_number,camera_id,description) VALUES ('morjsqbqqquwiwqq',51,'morjsqbpi976bqpt','PAL PRESIDENCIA 2') ON CONFLICT (recorder_id,channel_number) DO UPDATE SET camera_id=EXCLUDED.camera_id,description=EXCLUDED.description;
INSERT INTO camera_locations(camera_id,building_id,floor_id,sector,description) VALUES ('morjsqbpi976bqpt',(SELECT id FROM buildings WHERE name='Palacio'),(SELECT f.id FROM floors f JOIN buildings b ON b.id=f.building_id WHERE b.name='Palacio' AND f.name='1' LIMIT 1),NULL,'PAL PRESIDENCIA 2') ON CONFLICT (camera_id) DO UPDATE SET building_id=EXCLUDED.building_id,floor_id=EXCLUDED.floor_id,description=EXCLUDED.description;
INSERT INTO camera_network_connections(camera_id,switch_port,rack_id) VALUES ('morjsqbpi976bqpt','1/0/47',(SELECT r.id FROM racks r JOIN buildings b ON b.id=r.building_id LEFT JOIN floors f ON f.id=r.floor_id WHERE b.name='Palacio' AND r.code='1' AND f.name='1' LIMIT 1)) ON CONFLICT (camera_id) DO UPDATE SET switch_port=EXCLUDED.switch_port,rack_id=EXCLUDED.rack_id;
UPDATE cameras SET ip_address='10.1.30.6', description=COALESCE(NULLIF('PAL PRESIDENCIA 2',''),description) WHERE device_id='morjsqbpi976bqpt';
INSERT INTO recorder_channels(recorder_id,channel_number,camera_id,description) VALUES ('morjsqbqqquwiwqq',52,'morjsqbp9d2ea7e3','PAL P1 INGRESO BANDERAS') ON CONFLICT (recorder_id,channel_number) DO UPDATE SET camera_id=EXCLUDED.camera_id,description=EXCLUDED.description;
INSERT INTO camera_locations(camera_id,building_id,floor_id,sector,description) VALUES ('morjsqbp9d2ea7e3',(SELECT id FROM buildings WHERE name='Palacio'),(SELECT f.id FROM floors f JOIN buildings b ON b.id=f.building_id WHERE b.name='Palacio' AND f.name='1' LIMIT 1),NULL,'PAL P1 INGRESO BANDERAS') ON CONFLICT (camera_id) DO UPDATE SET building_id=EXCLUDED.building_id,floor_id=EXCLUDED.floor_id,description=EXCLUDED.description;
INSERT INTO camera_network_connections(camera_id,switch_port,rack_id) VALUES ('morjsqbp9d2ea7e3','1/0/43',(SELECT r.id FROM racks r JOIN buildings b ON b.id=r.building_id LEFT JOIN floors f ON f.id=r.floor_id WHERE b.name='Palacio' AND r.code='1' AND f.name='1' LIMIT 1)) ON CONFLICT (camera_id) DO UPDATE SET switch_port=EXCLUDED.switch_port,rack_id=EXCLUDED.rack_id;
UPDATE cameras SET ip_address='10.1.30.7', description=COALESCE(NULLIF('PAL P1 INGRESO BANDERAS',''),description) WHERE device_id='morjsqbp9d2ea7e3';
INSERT INTO recorder_channels(recorder_id,channel_number,camera_id,description) VALUES ('morjsqbqqquwiwqq',53,'morjsqbqqzva78bz','PAL P1 ASCENSOR PRES') ON CONFLICT (recorder_id,channel_number) DO UPDATE SET camera_id=EXCLUDED.camera_id,description=EXCLUDED.description;
INSERT INTO camera_locations(camera_id,building_id,floor_id,sector,description) VALUES ('morjsqbqqzva78bz',(SELECT id FROM buildings WHERE name='Palacio'),(SELECT f.id FROM floors f JOIN buildings b ON b.id=f.building_id WHERE b.name='Palacio' AND f.name='1' LIMIT 1),NULL,'PAL P1 ASCENSOR PRES') ON CONFLICT (camera_id) DO UPDATE SET building_id=EXCLUDED.building_id,floor_id=EXCLUDED.floor_id,description=EXCLUDED.description;
INSERT INTO camera_network_connections(camera_id,switch_port,rack_id) VALUES ('morjsqbqqzva78bz','1/0/44',(SELECT r.id FROM racks r JOIN buildings b ON b.id=r.building_id LEFT JOIN floors f ON f.id=r.floor_id WHERE b.name='Palacio' AND r.code='1' AND f.name='1' LIMIT 1)) ON CONFLICT (camera_id) DO UPDATE SET switch_port=EXCLUDED.switch_port,rack_id=EXCLUDED.rack_id;
UPDATE cameras SET ip_address='10.1.30.8', description=COALESCE(NULLIF('PAL P1 ASCENSOR PRES',''),description) WHERE device_id='morjsqbqqzva78bz';
INSERT INTO recorder_channels(recorder_id,channel_number,camera_id,description) VALUES ('morjsqbqqquwiwqq',54,'morjsqbqnz1nlyp2','DOMO RIVADAVIA 2') ON CONFLICT (recorder_id,channel_number) DO UPDATE SET camera_id=EXCLUDED.camera_id,description=EXCLUDED.description;
INSERT INTO camera_locations(camera_id,building_id,floor_id,sector,description) VALUES ('morjsqbqnz1nlyp2',(SELECT id FROM buildings WHERE name='Anexo A'),(SELECT f.id FROM floors f JOIN buildings b ON b.id=f.building_id WHERE b.name='Anexo A' AND f.name='ep1' LIMIT 1),NULL,'DOMO RIVADAVIA 2') ON CONFLICT (camera_id) DO UPDATE SET building_id=EXCLUDED.building_id,floor_id=EXCLUDED.floor_id,description=EXCLUDED.description;
INSERT INTO camera_network_connections(camera_id,switch_port,rack_id) VALUES ('morjsqbqnz1nlyp2','3/0/24',(SELECT r.id FROM racks r JOIN buildings b ON b.id=r.building_id LEFT JOIN floors f ON f.id=r.floor_id WHERE b.name='Anexo A' AND r.code='135' AND f.name='ep1' LIMIT 1)) ON CONFLICT (camera_id) DO UPDATE SET switch_port=EXCLUDED.switch_port,rack_id=EXCLUDED.rack_id;
UPDATE cameras SET ip_address='10.11.30.35', description=COALESCE(NULLIF('DOMO RIVADAVIA 2',''),description) WHERE device_id='morjsqbqnz1nlyp2';
INSERT INTO recorder_channels(recorder_id,channel_number,camera_id,description) VALUES ('morjsqbqqquwiwqq',55,'morjsqbpddd9i04q','TERRAZA ANX-A') ON CONFLICT (recorder_id,channel_number) DO UPDATE SET camera_id=EXCLUDED.camera_id,description=EXCLUDED.description;
INSERT INTO camera_locations(camera_id,building_id,floor_id,sector,description) VALUES ('morjsqbpddd9i04q',(SELECT id FROM buildings WHERE name='Anexo A'),(SELECT f.id FROM floors f JOIN buildings b ON b.id=f.building_id WHERE b.name='Anexo A' AND f.name='13' LIMIT 1),NULL,'TERRAZA ANX-A') ON CONFLICT (camera_id) DO UPDATE SET building_id=EXCLUDED.building_id,floor_id=EXCLUDED.floor_id,description=EXCLUDED.description;
INSERT INTO camera_network_connections(camera_id,switch_port,rack_id) VALUES ('morjsqbpddd9i04q','3/0/37',(SELECT r.id FROM racks r JOIN buildings b ON b.id=r.building_id LEFT JOIN floors f ON f.id=r.floor_id WHERE b.name='Anexo A' AND r.code='182' AND f.name='13' LIMIT 1)) ON CONFLICT (camera_id) DO UPDATE SET switch_port=EXCLUDED.switch_port,rack_id=EXCLUDED.rack_id;
UPDATE cameras SET ip_address='10.16.30.1', description=COALESCE(NULLIF('TERRAZA ANX-A',''),description) WHERE device_id='morjsqbpddd9i04q';
INSERT INTO recorder_channels(recorder_id,channel_number,camera_id,description) VALUES ('morjsqbqqquwiwqq',56,'morjsqbqo6lg0jzz','DOMO ENTRE RIOS') ON CONFLICT (recorder_id,channel_number) DO UPDATE SET camera_id=EXCLUDED.camera_id,description=EXCLUDED.description;
INSERT INTO camera_locations(camera_id,building_id,floor_id,sector,description) VALUES ('morjsqbqo6lg0jzz',(SELECT id FROM buildings WHERE name='Palacio'),(SELECT f.id FROM floors f JOIN buildings b ON b.id=f.building_id WHERE b.name='Palacio' AND f.name='3' LIMIT 1),NULL,'DOMO ENTRE RIOS') ON CONFLICT (camera_id) DO UPDATE SET building_id=EXCLUDED.building_id,floor_id=EXCLUDED.floor_id,description=EXCLUDED.description;
INSERT INTO camera_network_connections(camera_id,switch_port,rack_id) VALUES ('morjsqbqo6lg0jzz','1/0/25',(SELECT r.id FROM racks r JOIN buildings b ON b.id=r.building_id LEFT JOIN floors f ON f.id=r.floor_id WHERE b.name='Palacio' AND r.code='800' AND f.name='3' LIMIT 1)) ON CONFLICT (camera_id) DO UPDATE SET switch_port=EXCLUDED.switch_port,rack_id=EXCLUDED.rack_id;
UPDATE cameras SET ip_address='10.3.30.6', description=COALESCE(NULLIF('DOMO ENTRE RIOS',''),description) WHERE device_id='morjsqbqo6lg0jzz';
INSERT INTO recorder_channels(recorder_id,channel_number,camera_id,description) VALUES ('morjsqbqqquwiwqq',57,'morjsqbqeb7nz944','DOMO C POZOS') ON CONFLICT (recorder_id,channel_number) DO UPDATE SET camera_id=EXCLUDED.camera_id,description=EXCLUDED.description;
INSERT INTO camera_locations(camera_id,building_id,floor_id,sector,description) VALUES ('morjsqbqeb7nz944',(SELECT id FROM buildings WHERE name='Palacio'),(SELECT f.id FROM floors f JOIN buildings b ON b.id=f.building_id WHERE b.name='Palacio' AND f.name='2' LIMIT 1),NULL,'DOMO C POZOS') ON CONFLICT (camera_id) DO UPDATE SET building_id=EXCLUDED.building_id,floor_id=EXCLUDED.floor_id,description=EXCLUDED.description;
INSERT INTO camera_network_connections(camera_id,switch_port,rack_id) VALUES ('morjsqbqeb7nz944','1/0/48',(SELECT r.id FROM racks r JOIN buildings b ON b.id=r.building_id LEFT JOIN floors f ON f.id=r.floor_id WHERE b.name='Palacio' AND r.code='40' AND f.name='2' LIMIT 1)) ON CONFLICT (camera_id) DO UPDATE SET switch_port=EXCLUDED.switch_port,rack_id=EXCLUDED.rack_id;
UPDATE cameras SET ip_address='10.3.30.5', description=COALESCE(NULLIF('DOMO C POZOS',''),description) WHERE device_id='morjsqbqeb7nz944';
INSERT INTO recorder_channels(recorder_id,channel_number,camera_id,description) VALUES ('morjsqbqqquwiwqq',58,'morjsqbp0ix32c5t','PASCO 650 ENTRADA') ON CONFLICT (recorder_id,channel_number) DO UPDATE SET camera_id=EXCLUDED.camera_id,description=EXCLUDED.description;
INSERT INTO camera_locations(camera_id,building_id,floor_id,sector,description) VALUES ('morjsqbp0ix32c5t',(SELECT id FROM buildings WHERE name='Pasco 650'),(SELECT f.id FROM floors f JOIN buildings b ON b.id=f.building_id WHERE b.name='Pasco 650' AND f.name='pb' LIMIT 1),NULL,'PASCO 650 ENTRADA') ON CONFLICT (camera_id) DO UPDATE SET building_id=EXCLUDED.building_id,floor_id=EXCLUDED.floor_id,description=EXCLUDED.description;
INSERT INTO camera_network_connections(camera_id,switch_port,rack_id) VALUES ('morjsqbp0ix32c5t','Fa0/7',(SELECT r.id FROM racks r JOIN buildings b ON b.id=r.building_id LEFT JOIN floors f ON f.id=r.floor_id WHERE b.name='Pasco 650' AND r.code='1401' AND f.name='pb' LIMIT 1)) ON CONFLICT (camera_id) DO UPDATE SET switch_port=EXCLUDED.switch_port,rack_id=EXCLUDED.rack_id;
UPDATE cameras SET ip_address='10.91.30.7', description=COALESCE(NULLIF('PASCO 650 ENTRADA',''),description) WHERE device_id='morjsqbp0ix32c5t';
INSERT INTO recorder_channels(recorder_id,channel_number,camera_id,description) VALUES ('morjsqbqqquwiwqq',59,'morjsqbp8lsqzm4y','PASCO 650 COCHERA 1') ON CONFLICT (recorder_id,channel_number) DO UPDATE SET camera_id=EXCLUDED.camera_id,description=EXCLUDED.description;
INSERT INTO camera_locations(camera_id,building_id,floor_id,sector,description) VALUES ('morjsqbp8lsqzm4y',(SELECT id FROM buildings WHERE name='Pasco 650'),(SELECT f.id FROM floors f JOIN buildings b ON b.id=f.building_id WHERE b.name='Pasco 650' AND f.name='pb' LIMIT 1),NULL,'PASCO 650 COCHERA 1') ON CONFLICT (camera_id) DO UPDATE SET building_id=EXCLUDED.building_id,floor_id=EXCLUDED.floor_id,description=EXCLUDED.description;
INSERT INTO camera_network_connections(camera_id,switch_port,rack_id) VALUES ('morjsqbp8lsqzm4y','Fa0/5',(SELECT r.id FROM racks r JOIN buildings b ON b.id=r.building_id LEFT JOIN floors f ON f.id=r.floor_id WHERE b.name='Pasco 650' AND r.code='1401' AND f.name='pb' LIMIT 1)) ON CONFLICT (camera_id) DO UPDATE SET switch_port=EXCLUDED.switch_port,rack_id=EXCLUDED.rack_id;
UPDATE cameras SET ip_address='10.91.30.8', description=COALESCE(NULLIF('PASCO 650 COCHERA 1',''),description) WHERE device_id='morjsqbp8lsqzm4y';
INSERT INTO recorder_channels(recorder_id,channel_number,camera_id,description) VALUES ('morjsqbqqquwiwqq',60,'morjsqbqeorkb7lq','PAL INGRESO CATERING') ON CONFLICT (recorder_id,channel_number) DO UPDATE SET camera_id=EXCLUDED.camera_id,description=EXCLUDED.description;
INSERT INTO camera_locations(camera_id,building_id,floor_id,sector,description) VALUES ('morjsqbqeorkb7lq',(SELECT id FROM buildings WHERE name='Palacio'),(SELECT f.id FROM floors f JOIN buildings b ON b.id=f.building_id WHERE b.name='Palacio' AND f.name='pb' LIMIT 1),NULL,'PAL INGRESO CATERING') ON CONFLICT (camera_id) DO UPDATE SET building_id=EXCLUDED.building_id,floor_id=EXCLUDED.floor_id,description=EXCLUDED.description;
INSERT INTO camera_network_connections(camera_id,switch_port,rack_id) VALUES ('morjsqbqeorkb7lq',NULL,(SELECT r.id FROM racks r JOIN buildings b ON b.id=r.building_id LEFT JOIN floors f ON f.id=r.floor_id WHERE b.name='Palacio' AND r.code='3' AND f.name='pb' LIMIT 1)) ON CONFLICT (camera_id) DO UPDATE SET switch_port=EXCLUDED.switch_port,rack_id=EXCLUDED.rack_id;
UPDATE cameras SET ip_address='10.1.30.31', description=COALESCE(NULLIF('PAL INGRESO CATERING',''),description) WHERE device_id='morjsqbqeorkb7lq';
INSERT INTO recorder_channels(recorder_id,channel_number,camera_id,description) VALUES ('morjsqbqqquwiwqq',61,'morjsqbqmatjc6ga','ESCALERA AUDITORIO') ON CONFLICT (recorder_id,channel_number) DO UPDATE SET camera_id=EXCLUDED.camera_id,description=EXCLUDED.description;
INSERT INTO camera_locations(camera_id,building_id,floor_id,sector,description) VALUES ('morjsqbqmatjc6ga',(SELECT id FROM buildings WHERE name='Anexo A'),(SELECT f.id FROM floors f JOIN buildings b ON b.id=f.building_id WHERE b.name='Anexo A' AND f.name='pb' LIMIT 1),NULL,'ESCALERA AUDITORIO') ON CONFLICT (camera_id) DO UPDATE SET building_id=EXCLUDED.building_id,floor_id=EXCLUDED.floor_id,description=EXCLUDED.description;
INSERT INTO camera_network_connections(camera_id,switch_port,rack_id) VALUES ('morjsqbqmatjc6ga','1/0/38',(SELECT r.id FROM racks r JOIN buildings b ON b.id=r.building_id LEFT JOIN floors f ON f.id=r.floor_id WHERE b.name='Anexo A' AND r.code='131' AND f.name='pb' LIMIT 1)) ON CONFLICT (camera_id) DO UPDATE SET switch_port=EXCLUDED.switch_port,rack_id=EXCLUDED.rack_id;
UPDATE cameras SET ip_address='10.11.30.29', description=COALESCE(NULLIF('ESCALERA AUDITORIO',''),description) WHERE device_id='morjsqbqmatjc6ga';
INSERT INTO recorder_channels(recorder_id,channel_number,camera_id,description) VALUES ('morjsqbqqquwiwqq',62,'morjsqbp3asra3ht','PASARELA EP1 ANX-A') ON CONFLICT (recorder_id,channel_number) DO UPDATE SET camera_id=EXCLUDED.camera_id,description=EXCLUDED.description;
INSERT INTO camera_locations(camera_id,building_id,floor_id,sector,description) VALUES ('morjsqbp3asra3ht',(SELECT id FROM buildings WHERE name='Anexo A'),(SELECT f.id FROM floors f JOIN buildings b ON b.id=f.building_id WHERE b.name='Anexo A' AND f.name='ep1' LIMIT 1),NULL,'PASARELA EP1 ANX-A') ON CONFLICT (camera_id) DO UPDATE SET building_id=EXCLUDED.building_id,floor_id=EXCLUDED.floor_id,description=EXCLUDED.description;
INSERT INTO camera_network_connections(camera_id,switch_port,rack_id) VALUES ('morjsqbp3asra3ht','3/0/1',(SELECT r.id FROM racks r JOIN buildings b ON b.id=r.building_id LEFT JOIN floors f ON f.id=r.floor_id WHERE b.name='Anexo A' AND r.code='135' AND f.name='ep1' LIMIT 1)) ON CONFLICT (camera_id) DO UPDATE SET switch_port=EXCLUDED.switch_port,rack_id=EXCLUDED.rack_id;
UPDATE cameras SET ip_address='10.11.30.31', description=COALESCE(NULLIF('PASARELA EP1 ANX-A',''),description) WHERE device_id='morjsqbp3asra3ht';
INSERT INTO recorder_channels(recorder_id,channel_number,camera_id,description) VALUES ('morjsqbqqquwiwqq',63,'morjsqbpowmrlmxf','ANXA-PB ENTRADA LEGISLADORES') ON CONFLICT (recorder_id,channel_number) DO UPDATE SET camera_id=EXCLUDED.camera_id,description=EXCLUDED.description;
INSERT INTO camera_locations(camera_id,building_id,floor_id,sector,description) VALUES ('morjsqbpowmrlmxf',(SELECT id FROM buildings WHERE name='Anexo A'),(SELECT f.id FROM floors f JOIN buildings b ON b.id=f.building_id WHERE b.name='Anexo A' AND f.name='pb' LIMIT 1),NULL,'ANXA-PB ENTRADA LEGISLADORES') ON CONFLICT (camera_id) DO UPDATE SET building_id=EXCLUDED.building_id,floor_id=EXCLUDED.floor_id,description=EXCLUDED.description;
INSERT INTO camera_network_connections(camera_id,switch_port,rack_id) VALUES ('morjsqbpowmrlmxf','3/0/3',(SELECT r.id FROM racks r JOIN buildings b ON b.id=r.building_id LEFT JOIN floors f ON f.id=r.floor_id WHERE b.name='Anexo A' AND r.code='135' AND f.name='pb' LIMIT 1)) ON CONFLICT (camera_id) DO UPDATE SET switch_port=EXCLUDED.switch_port,rack_id=EXCLUDED.rack_id;
UPDATE cameras SET ip_address='10.11.30.32', description=COALESCE(NULLIF('ANXA-PB ENTRADA LEGISLADORES',''),description) WHERE device_id='morjsqbpowmrlmxf';
INSERT INTO recorder_channels(recorder_id,channel_number,camera_id,description) VALUES ('morjsqbqqquwiwqq',64,'morjsqbpjeq0hboc','ASCENSOR 8 Y 9') ON CONFLICT (recorder_id,channel_number) DO UPDATE SET camera_id=EXCLUDED.camera_id,description=EXCLUDED.description;
INSERT INTO camera_locations(camera_id,building_id,floor_id,sector,description) VALUES ('morjsqbpjeq0hboc',(SELECT id FROM buildings WHERE name='Anexo A'),(SELECT f.id FROM floors f JOIN buildings b ON b.id=f.building_id WHERE b.name='Anexo A' AND f.name='1' LIMIT 1),NULL,'ASCENSOR 8 Y 9') ON CONFLICT (camera_id) DO UPDATE SET building_id=EXCLUDED.building_id,floor_id=EXCLUDED.floor_id,description=EXCLUDED.description;
INSERT INTO camera_network_connections(camera_id,switch_port,rack_id) VALUES ('morjsqbpjeq0hboc','4/0/39',(SELECT r.id FROM racks r JOIN buildings b ON b.id=r.building_id LEFT JOIN floors f ON f.id=r.floor_id WHERE b.name='Anexo A' AND r.code='141' AND f.name='1' LIMIT 1)) ON CONFLICT (camera_id) DO UPDATE SET switch_port=EXCLUDED.switch_port,rack_id=EXCLUDED.rack_id;
UPDATE cameras SET ip_address='10.12.30.6', description=COALESCE(NULLIF('ASCENSOR 8 Y 9',''),description) WHERE device_id='morjsqbpjeq0hboc';
INSERT INTO recorder_channels(recorder_id,channel_number,camera_id,description) VALUES ('morjsqbqqquwiwqq',65,'morjsqbp98hminpc','P1 ASCENSOR 12 Y 13') ON CONFLICT (recorder_id,channel_number) DO UPDATE SET camera_id=EXCLUDED.camera_id,description=EXCLUDED.description;
INSERT INTO camera_locations(camera_id,building_id,floor_id,sector,description) VALUES ('morjsqbp98hminpc',(SELECT id FROM buildings WHERE name='Anexo A'),(SELECT f.id FROM floors f JOIN buildings b ON b.id=f.building_id WHERE b.name='Anexo A' AND f.name='1' LIMIT 1),NULL,'P1 ASCENSOR 12 Y 13') ON CONFLICT (camera_id) DO UPDATE SET building_id=EXCLUDED.building_id,floor_id=EXCLUDED.floor_id,description=EXCLUDED.description;
INSERT INTO camera_network_connections(camera_id,switch_port,rack_id) VALUES ('morjsqbp98hminpc','4/0/40',(SELECT r.id FROM racks r JOIN buildings b ON b.id=r.building_id LEFT JOIN floors f ON f.id=r.floor_id WHERE b.name='Anexo A' AND r.code='141' AND f.name='1' LIMIT 1)) ON CONFLICT (camera_id) DO UPDATE SET switch_port=EXCLUDED.switch_port,rack_id=EXCLUDED.rack_id;
UPDATE cameras SET ip_address='10.12.30.7', description=COALESCE(NULLIF('P1 ASCENSOR 12 Y 13',''),description) WHERE device_id='morjsqbp98hminpc';
INSERT INTO recorder_channels(recorder_id,channel_number,camera_id,description) VALUES ('morjsqbqqquwiwqq',66,'morjsqbpv0yby8ad','P1 ESCALERA') ON CONFLICT (recorder_id,channel_number) DO UPDATE SET camera_id=EXCLUDED.camera_id,description=EXCLUDED.description;
INSERT INTO camera_locations(camera_id,building_id,floor_id,sector,description) VALUES ('morjsqbpv0yby8ad',(SELECT id FROM buildings WHERE name='Anexo A'),(SELECT f.id FROM floors f JOIN buildings b ON b.id=f.building_id WHERE b.name='Anexo A' AND f.name='1' LIMIT 1),NULL,'P1 ESCALERA') ON CONFLICT (camera_id) DO UPDATE SET building_id=EXCLUDED.building_id,floor_id=EXCLUDED.floor_id,description=EXCLUDED.description;
INSERT INTO camera_network_connections(camera_id,switch_port,rack_id) VALUES ('morjsqbpv0yby8ad','4/0/43',(SELECT r.id FROM racks r JOIN buildings b ON b.id=r.building_id LEFT JOIN floors f ON f.id=r.floor_id WHERE b.name='Anexo A' AND r.code='141' AND f.name='1' LIMIT 1)) ON CONFLICT (camera_id) DO UPDATE SET switch_port=EXCLUDED.switch_port,rack_id=EXCLUDED.rack_id;
UPDATE cameras SET ip_address='10.12.30.8', description=COALESCE(NULLIF('P1 ESCALERA',''),description) WHERE device_id='morjsqbpv0yby8ad';
INSERT INTO recorder_channels(recorder_id,channel_number,camera_id,description) VALUES ('morjsqbqqquwiwqq',67,'morjsqbpvp1qufnn','P1 ASCENSOR LEGISLADORES') ON CONFLICT (recorder_id,channel_number) DO UPDATE SET camera_id=EXCLUDED.camera_id,description=EXCLUDED.description;
INSERT INTO camera_locations(camera_id,building_id,floor_id,sector,description) VALUES ('morjsqbpvp1qufnn',(SELECT id FROM buildings WHERE name='Anexo A'),(SELECT f.id FROM floors f JOIN buildings b ON b.id=f.building_id WHERE b.name='Anexo A' AND f.name='1' LIMIT 1),NULL,'P1 ASCENSOR LEGISLADORES') ON CONFLICT (camera_id) DO UPDATE SET building_id=EXCLUDED.building_id,floor_id=EXCLUDED.floor_id,description=EXCLUDED.description;
INSERT INTO camera_network_connections(camera_id,switch_port,rack_id) VALUES ('morjsqbpvp1qufnn','4/0/37',(SELECT r.id FROM racks r JOIN buildings b ON b.id=r.building_id LEFT JOIN floors f ON f.id=r.floor_id WHERE b.name='Anexo A' AND r.code='141' AND f.name='1' LIMIT 1)) ON CONFLICT (camera_id) DO UPDATE SET switch_port=EXCLUDED.switch_port,rack_id=EXCLUDED.rack_id;
UPDATE cameras SET ip_address='10.12.30.9', description=COALESCE(NULLIF('P1 ASCENSOR LEGISLADORES',''),description) WHERE device_id='morjsqbpvp1qufnn';
INSERT INTO recorder_channels(recorder_id,channel_number,camera_id,description) VALUES ('morjsqbqqquwiwqq',68,'morjsqbpgus79o34','P1 ASCENSOR PUBLICO') ON CONFLICT (recorder_id,channel_number) DO UPDATE SET camera_id=EXCLUDED.camera_id,description=EXCLUDED.description;
INSERT INTO camera_locations(camera_id,building_id,floor_id,sector,description) VALUES ('morjsqbpgus79o34',(SELECT id FROM buildings WHERE name='Anexo A'),(SELECT f.id FROM floors f JOIN buildings b ON b.id=f.building_id WHERE b.name='Anexo A' AND f.name='1' LIMIT 1),NULL,'P1 ASCENSOR PUBLICO') ON CONFLICT (camera_id) DO UPDATE SET building_id=EXCLUDED.building_id,floor_id=EXCLUDED.floor_id,description=EXCLUDED.description;
INSERT INTO camera_network_connections(camera_id,switch_port,rack_id) VALUES ('morjsqbpgus79o34','4/0/42',(SELECT r.id FROM racks r JOIN buildings b ON b.id=r.building_id LEFT JOIN floors f ON f.id=r.floor_id WHERE b.name='Anexo A' AND r.code='141' AND f.name='1' LIMIT 1)) ON CONFLICT (camera_id) DO UPDATE SET switch_port=EXCLUDED.switch_port,rack_id=EXCLUDED.rack_id;
UPDATE cameras SET ip_address='10.12.30.10', description=COALESCE(NULLIF('P1 ASCENSOR PUBLICO',''),description) WHERE device_id='morjsqbpgus79o34';
INSERT INTO recorder_channels(recorder_id,channel_number,camera_id,description) VALUES ('morjsqbqqquwiwqq',69,'morjsqbpbawdtx8o','PASCO 650 COCHERA 3') ON CONFLICT (recorder_id,channel_number) DO UPDATE SET camera_id=EXCLUDED.camera_id,description=EXCLUDED.description;
INSERT INTO camera_locations(camera_id,building_id,floor_id,sector,description) VALUES ('morjsqbpbawdtx8o',(SELECT id FROM buildings WHERE name='Pasco 650'),(SELECT f.id FROM floors f JOIN buildings b ON b.id=f.building_id WHERE b.name='Pasco 650' AND f.name='pb' LIMIT 1),NULL,'PASCO 650 COCHERA 3') ON CONFLICT (camera_id) DO UPDATE SET building_id=EXCLUDED.building_id,floor_id=EXCLUDED.floor_id,description=EXCLUDED.description;
INSERT INTO camera_network_connections(camera_id,switch_port,rack_id) VALUES ('morjsqbpbawdtx8o','Fa0/10',(SELECT r.id FROM racks r JOIN buildings b ON b.id=r.building_id LEFT JOIN floors f ON f.id=r.floor_id WHERE b.name='Pasco 650' AND r.code='1401' AND f.name='pb' LIMIT 1)) ON CONFLICT (camera_id) DO UPDATE SET switch_port=EXCLUDED.switch_port,rack_id=EXCLUDED.rack_id;
UPDATE cameras SET ip_address='10.91.30.10', description=COALESCE(NULLIF('PASCO 650 COCHERA 3',''),description) WHERE device_id='morjsqbpbawdtx8o';
INSERT INTO recorder_channels(recorder_id,channel_number,camera_id,description) VALUES ('morjsqbqqquwiwqq',70,'morjsqbpn7zbqqbd','PASCO 650 COCHERA 4') ON CONFLICT (recorder_id,channel_number) DO UPDATE SET camera_id=EXCLUDED.camera_id,description=EXCLUDED.description;
INSERT INTO camera_locations(camera_id,building_id,floor_id,sector,description) VALUES ('morjsqbpn7zbqqbd',(SELECT id FROM buildings WHERE name='Pasco 650'),(SELECT f.id FROM floors f JOIN buildings b ON b.id=f.building_id WHERE b.name='Pasco 650' AND f.name='pb' LIMIT 1),NULL,'PASCO 650 COCHERA 4') ON CONFLICT (camera_id) DO UPDATE SET building_id=EXCLUDED.building_id,floor_id=EXCLUDED.floor_id,description=EXCLUDED.description;
INSERT INTO camera_network_connections(camera_id,switch_port,rack_id) VALUES ('morjsqbpn7zbqqbd','Fa0/8',(SELECT r.id FROM racks r JOIN buildings b ON b.id=r.building_id LEFT JOIN floors f ON f.id=r.floor_id WHERE b.name='Pasco 650' AND r.code='1401' AND f.name='pb' LIMIT 1)) ON CONFLICT (camera_id) DO UPDATE SET switch_port=EXCLUDED.switch_port,rack_id=EXCLUDED.rack_id;
UPDATE cameras SET ip_address='10.91.30.11', description=COALESCE(NULLIF('PASCO 650 COCHERA 4',''),description) WHERE device_id='morjsqbpn7zbqqbd';
INSERT INTO recorder_channels(recorder_id,channel_number,camera_id,description) VALUES ('morjsqbqqquwiwqq',71,'morjsqbp347fyp95','PASCO 650 COCHERA 5') ON CONFLICT (recorder_id,channel_number) DO UPDATE SET camera_id=EXCLUDED.camera_id,description=EXCLUDED.description;
INSERT INTO camera_locations(camera_id,building_id,floor_id,sector,description) VALUES ('morjsqbp347fyp95',(SELECT id FROM buildings WHERE name='Pasco 650'),(SELECT f.id FROM floors f JOIN buildings b ON b.id=f.building_id WHERE b.name='Pasco 650' AND f.name='pb' LIMIT 1),NULL,'PASCO 650 COCHERA 5') ON CONFLICT (camera_id) DO UPDATE SET building_id=EXCLUDED.building_id,floor_id=EXCLUDED.floor_id,description=EXCLUDED.description;
INSERT INTO camera_network_connections(camera_id,switch_port,rack_id) VALUES ('morjsqbp347fyp95','Fa0/9',(SELECT r.id FROM racks r JOIN buildings b ON b.id=r.building_id LEFT JOIN floors f ON f.id=r.floor_id WHERE b.name='Pasco 650' AND r.code='1401' AND f.name='pb' LIMIT 1)) ON CONFLICT (camera_id) DO UPDATE SET switch_port=EXCLUDED.switch_port,rack_id=EXCLUDED.rack_id;
UPDATE cameras SET ip_address='10.91.30.12', description=COALESCE(NULLIF('PASCO 650 COCHERA 5',''),description) WHERE device_id='morjsqbp347fyp95';
INSERT INTO recorder_channels(recorder_id,channel_number,camera_id,description) VALUES ('morjsqbqqquwiwqq',72,'morjsqbpzf4c7mhq','PASCO 650 DEPOSITO FONDO') ON CONFLICT (recorder_id,channel_number) DO UPDATE SET camera_id=EXCLUDED.camera_id,description=EXCLUDED.description;
INSERT INTO camera_locations(camera_id,building_id,floor_id,sector,description) VALUES ('morjsqbpzf4c7mhq',(SELECT id FROM buildings WHERE name='Pasco 650'),(SELECT f.id FROM floors f JOIN buildings b ON b.id=f.building_id WHERE b.name='Pasco 650' AND f.name='pb' LIMIT 1),NULL,'PASCO 650 DEPOSITO FONDO') ON CONFLICT (camera_id) DO UPDATE SET building_id=EXCLUDED.building_id,floor_id=EXCLUDED.floor_id,description=EXCLUDED.description;
INSERT INTO camera_network_connections(camera_id,switch_port,rack_id) VALUES ('morjsqbpzf4c7mhq','Fa0/11',(SELECT r.id FROM racks r JOIN buildings b ON b.id=r.building_id LEFT JOIN floors f ON f.id=r.floor_id WHERE b.name='Pasco 650' AND r.code='1401' AND f.name='pb' LIMIT 1)) ON CONFLICT (camera_id) DO UPDATE SET switch_port=EXCLUDED.switch_port,rack_id=EXCLUDED.rack_id;
UPDATE cameras SET ip_address='10.91.30.13', description=COALESCE(NULLIF('PASCO 650 DEPOSITO FONDO',''),description) WHERE device_id='morjsqbpzf4c7mhq';
INSERT INTO recorder_channels(recorder_id,channel_number,camera_id,description) VALUES ('morjsqbqqquwiwqq',73,'morjsqbpiprujjpx','PASCO 650 DEPOSITO FRENTE') ON CONFLICT (recorder_id,channel_number) DO UPDATE SET camera_id=EXCLUDED.camera_id,description=EXCLUDED.description;
INSERT INTO camera_locations(camera_id,building_id,floor_id,sector,description) VALUES ('morjsqbpiprujjpx',(SELECT id FROM buildings WHERE name='Pasco 650'),(SELECT f.id FROM floors f JOIN buildings b ON b.id=f.building_id WHERE b.name='Pasco 650' AND f.name='pb' LIMIT 1),NULL,'PASCO 650 DEPOSITO FRENTE') ON CONFLICT (camera_id) DO UPDATE SET building_id=EXCLUDED.building_id,floor_id=EXCLUDED.floor_id,description=EXCLUDED.description;
INSERT INTO camera_network_connections(camera_id,switch_port,rack_id) VALUES ('morjsqbpiprujjpx','Fa0/4',(SELECT r.id FROM racks r JOIN buildings b ON b.id=r.building_id LEFT JOIN floors f ON f.id=r.floor_id WHERE b.name='Pasco 650' AND r.code='1401' AND f.name='pb' LIMIT 1)) ON CONFLICT (camera_id) DO UPDATE SET switch_port=EXCLUDED.switch_port,rack_id=EXCLUDED.rack_id;
UPDATE cameras SET ip_address='10.91.30.14', description=COALESCE(NULLIF('PASCO 650 DEPOSITO FRENTE',''),description) WHERE device_id='morjsqbpiprujjpx';
INSERT INTO recorder_channels(recorder_id,channel_number,camera_id,description) VALUES ('morjsqbqqquwiwqq',74,'morjsqbqorj9qlgv','INGRESO IMPRENTA') ON CONFLICT (recorder_id,channel_number) DO UPDATE SET camera_id=EXCLUDED.camera_id,description=EXCLUDED.description;
INSERT INTO camera_locations(camera_id,building_id,floor_id,sector,description) VALUES ('morjsqbqorj9qlgv',(SELECT id FROM buildings WHERE name='Palacio'),(SELECT f.id FROM floors f JOIN buildings b ON b.id=f.building_id WHERE b.name='Palacio' AND f.name='1ss' LIMIT 1),NULL,'INGRESO IMPRENTA') ON CONFLICT (camera_id) DO UPDATE SET building_id=EXCLUDED.building_id,floor_id=EXCLUDED.floor_id,description=EXCLUDED.description;
INSERT INTO camera_network_connections(camera_id,switch_port,rack_id) VALUES ('morjsqbqorj9qlgv','4/0/20',(SELECT r.id FROM racks r JOIN buildings b ON b.id=r.building_id LEFT JOIN floors f ON f.id=r.floor_id WHERE b.name='Palacio' AND r.code='90' AND f.name='1ss' LIMIT 1)) ON CONFLICT (camera_id) DO UPDATE SET switch_port=EXCLUDED.switch_port,rack_id=EXCLUDED.rack_id;
UPDATE cameras SET ip_address='10.1.30.22', description=COALESCE(NULLIF('INGRESO IMPRENTA',''),description) WHERE device_id='morjsqbqorj9qlgv';
INSERT INTO recorder_channels(recorder_id,channel_number,camera_id,description) VALUES ('morjsqbqqquwiwqq',75,'morjsqbqco6gdmw2','IMPRENTA PASILLO ACCESO') ON CONFLICT (recorder_id,channel_number) DO UPDATE SET camera_id=EXCLUDED.camera_id,description=EXCLUDED.description;
INSERT INTO camera_locations(camera_id,building_id,floor_id,sector,description) VALUES ('morjsqbqco6gdmw2',(SELECT id FROM buildings WHERE name='Palacio'),(SELECT f.id FROM floors f JOIN buildings b ON b.id=f.building_id WHERE b.name='Palacio' AND f.name='1ss' LIMIT 1),NULL,'IMPRENTA PASILLO ACCESO') ON CONFLICT (camera_id) DO UPDATE SET building_id=EXCLUDED.building_id,floor_id=EXCLUDED.floor_id,description=EXCLUDED.description;
INSERT INTO camera_network_connections(camera_id,switch_port,rack_id) VALUES ('morjsqbqco6gdmw2','5/0/1',(SELECT r.id FROM racks r JOIN buildings b ON b.id=r.building_id LEFT JOIN floors f ON f.id=r.floor_id WHERE b.name='Palacio' AND r.code='90' AND f.name='1ss' LIMIT 1)) ON CONFLICT (camera_id) DO UPDATE SET switch_port=EXCLUDED.switch_port,rack_id=EXCLUDED.rack_id;
UPDATE cameras SET ip_address='10.1.30.23', description=COALESCE(NULLIF('IMPRENTA PASILLO ACCESO',''),description) WHERE device_id='morjsqbqco6gdmw2';
INSERT INTO recorder_channels(recorder_id,channel_number,camera_id,description) VALUES ('morjsqbqqquwiwqq',76,'morjsqbq0d6smdwx','INGRESO IMPRESION') ON CONFLICT (recorder_id,channel_number) DO UPDATE SET camera_id=EXCLUDED.camera_id,description=EXCLUDED.description;
INSERT INTO camera_locations(camera_id,building_id,floor_id,sector,description) VALUES ('morjsqbq0d6smdwx',(SELECT id FROM buildings WHERE name='Palacio'),(SELECT f.id FROM floors f JOIN buildings b ON b.id=f.building_id WHERE b.name='Palacio' AND f.name='1ss' LIMIT 1),NULL,'INGRESO IMPRESION') ON CONFLICT (camera_id) DO UPDATE SET building_id=EXCLUDED.building_id,floor_id=EXCLUDED.floor_id,description=EXCLUDED.description;
INSERT INTO camera_network_connections(camera_id,switch_port,rack_id) VALUES ('morjsqbq0d6smdwx','5/0/2',(SELECT r.id FROM racks r JOIN buildings b ON b.id=r.building_id LEFT JOIN floors f ON f.id=r.floor_id WHERE b.name='Palacio' AND r.code='90' AND f.name='1ss' LIMIT 1)) ON CONFLICT (camera_id) DO UPDATE SET switch_port=EXCLUDED.switch_port,rack_id=EXCLUDED.rack_id;
UPDATE cameras SET ip_address='10.1.30.24', description=COALESCE(NULLIF('INGRESO IMPRESION',''),description) WHERE device_id='morjsqbq0d6smdwx';
INSERT INTO recorder_channels(recorder_id,channel_number,camera_id,description) VALUES ('morjsqbqqquwiwqq',77,'morjsqbp1wi67oai','IMPRESION 1') ON CONFLICT (recorder_id,channel_number) DO UPDATE SET camera_id=EXCLUDED.camera_id,description=EXCLUDED.description;
INSERT INTO camera_locations(camera_id,building_id,floor_id,sector,description) VALUES ('morjsqbp1wi67oai',(SELECT id FROM buildings WHERE name='Palacio'),(SELECT f.id FROM floors f JOIN buildings b ON b.id=f.building_id WHERE b.name='Palacio' AND f.name='1ss' LIMIT 1),NULL,'IMPRESION 1') ON CONFLICT (camera_id) DO UPDATE SET building_id=EXCLUDED.building_id,floor_id=EXCLUDED.floor_id,description=EXCLUDED.description;
INSERT INTO camera_network_connections(camera_id,switch_port,rack_id) VALUES ('morjsqbp1wi67oai','5/0/3',(SELECT r.id FROM racks r JOIN buildings b ON b.id=r.building_id LEFT JOIN floors f ON f.id=r.floor_id WHERE b.name='Palacio' AND r.code='90' AND f.name='1ss' LIMIT 1)) ON CONFLICT (camera_id) DO UPDATE SET switch_port=EXCLUDED.switch_port,rack_id=EXCLUDED.rack_id;
UPDATE cameras SET ip_address='10.1.30.25', description=COALESCE(NULLIF('IMPRESION 1',''),description) WHERE device_id='morjsqbp1wi67oai';
INSERT INTO recorder_channels(recorder_id,channel_number,camera_id,description) VALUES ('morjsqbqqquwiwqq',78,'morjsqbpmc81wxow','IMPRESION 2') ON CONFLICT (recorder_id,channel_number) DO UPDATE SET camera_id=EXCLUDED.camera_id,description=EXCLUDED.description;
INSERT INTO camera_locations(camera_id,building_id,floor_id,sector,description) VALUES ('morjsqbpmc81wxow',(SELECT id FROM buildings WHERE name='Palacio'),(SELECT f.id FROM floors f JOIN buildings b ON b.id=f.building_id WHERE b.name='Palacio' AND f.name='1ss' LIMIT 1),NULL,'IMPRESION 2') ON CONFLICT (camera_id) DO UPDATE SET building_id=EXCLUDED.building_id,floor_id=EXCLUDED.floor_id,description=EXCLUDED.description;
INSERT INTO camera_network_connections(camera_id,switch_port,rack_id) VALUES ('morjsqbpmc81wxow','1/0/10',(SELECT r.id FROM racks r JOIN buildings b ON b.id=r.building_id LEFT JOIN floors f ON f.id=r.floor_id WHERE b.name='Palacio' AND r.code='91' AND f.name='1ss' LIMIT 1)) ON CONFLICT (camera_id) DO UPDATE SET switch_port=EXCLUDED.switch_port,rack_id=EXCLUDED.rack_id;
UPDATE cameras SET ip_address='10.1.30.26', description=COALESCE(NULLIF('IMPRESION 2',''),description) WHERE device_id='morjsqbpmc81wxow';
INSERT INTO recorder_channels(recorder_id,channel_number,camera_id,description) VALUES ('morjsqbqqquwiwqq',79,'morjsqbp4ib04zo0','ENCUADERNACION 1') ON CONFLICT (recorder_id,channel_number) DO UPDATE SET camera_id=EXCLUDED.camera_id,description=EXCLUDED.description;
INSERT INTO camera_locations(camera_id,building_id,floor_id,sector,description) VALUES ('morjsqbp4ib04zo0',(SELECT id FROM buildings WHERE name='Palacio'),(SELECT f.id FROM floors f JOIN buildings b ON b.id=f.building_id WHERE b.name='Palacio' AND f.name='1ss' LIMIT 1),NULL,'ENCUADERNACION 1') ON CONFLICT (camera_id) DO UPDATE SET building_id=EXCLUDED.building_id,floor_id=EXCLUDED.floor_id,description=EXCLUDED.description;
INSERT INTO camera_network_connections(camera_id,switch_port,rack_id) VALUES ('morjsqbp4ib04zo0','1/0/20',(SELECT r.id FROM racks r JOIN buildings b ON b.id=r.building_id LEFT JOIN floors f ON f.id=r.floor_id WHERE b.name='Palacio' AND r.code='92' AND f.name='1ss' LIMIT 1)) ON CONFLICT (camera_id) DO UPDATE SET switch_port=EXCLUDED.switch_port,rack_id=EXCLUDED.rack_id;
UPDATE cameras SET ip_address='10.1.30.27', description=COALESCE(NULLIF('ENCUADERNACION 1',''),description) WHERE device_id='morjsqbp4ib04zo0';
INSERT INTO recorder_channels(recorder_id,channel_number,camera_id,description) VALUES ('morjsqbqqquwiwqq',80,'morjsqbprd3hajci','ENCUADERNACION 2') ON CONFLICT (recorder_id,channel_number) DO UPDATE SET camera_id=EXCLUDED.camera_id,description=EXCLUDED.description;
INSERT INTO camera_locations(camera_id,building_id,floor_id,sector,description) VALUES ('morjsqbprd3hajci',(SELECT id FROM buildings WHERE name='Palacio'),(SELECT f.id FROM floors f JOIN buildings b ON b.id=f.building_id WHERE b.name='Palacio' AND f.name='1ss' LIMIT 1),NULL,'ENCUADERNACION 2') ON CONFLICT (camera_id) DO UPDATE SET building_id=EXCLUDED.building_id,floor_id=EXCLUDED.floor_id,description=EXCLUDED.description;
INSERT INTO camera_network_connections(camera_id,switch_port,rack_id) VALUES ('morjsqbprd3hajci','1/0/2',(SELECT r.id FROM racks r JOIN buildings b ON b.id=r.building_id LEFT JOIN floors f ON f.id=r.floor_id WHERE b.name='Palacio' AND r.code='94' AND f.name='1ss' LIMIT 1)) ON CONFLICT (camera_id) DO UPDATE SET switch_port=EXCLUDED.switch_port,rack_id=EXCLUDED.rack_id;
UPDATE cameras SET ip_address='10.1.30.28', description=COALESCE(NULLIF('ENCUADERNACION 2',''),description) WHERE device_id='morjsqbprd3hajci';
INSERT INTO recorder_channels(recorder_id,channel_number,camera_id,description) VALUES ('morjsqbqqquwiwqq',81,'morjsqbqagshn5o8','YRIGOYEN 1920') ON CONFLICT (recorder_id,channel_number) DO UPDATE SET camera_id=EXCLUDED.camera_id,description=EXCLUDED.description;
INSERT INTO camera_locations(camera_id,building_id,floor_id,sector,description) VALUES ('morjsqbqagshn5o8',(SELECT id FROM buildings WHERE name='Yrigoyen 1920'),(SELECT f.id FROM floors f JOIN buildings b ON b.id=f.building_id WHERE b.name='Yrigoyen 1920' AND f.name='1' LIMIT 1),NULL,'YRIGOYEN 1920') ON CONFLICT (camera_id) DO UPDATE SET building_id=EXCLUDED.building_id,floor_id=EXCLUDED.floor_id,description=EXCLUDED.description;
INSERT INTO camera_network_connections(camera_id,switch_port,rack_id) VALUES ('morjsqbqagshn5o8','1/0/46',(SELECT r.id FROM racks r JOIN buildings b ON b.id=r.building_id LEFT JOIN floors f ON f.id=r.floor_id WHERE b.name='Yrigoyen 1920' AND r.code='1010' AND f.name='1' LIMIT 1)) ON CONFLICT (camera_id) DO UPDATE SET switch_port=EXCLUDED.switch_port,rack_id=EXCLUDED.rack_id;
UPDATE cameras SET ip_address='10.91.30.15', description=COALESCE(NULLIF('YRIGOYEN 1920',''),description) WHERE device_id='morjsqbqagshn5o8';
INSERT INTO recorder_channels(recorder_id,channel_number,camera_id,description) VALUES ('morjsqbqqquwiwqq',82,'morjsqbpszhgnndh','PUERTA ANX E') ON CONFLICT (recorder_id,channel_number) DO UPDATE SET camera_id=EXCLUDED.camera_id,description=EXCLUDED.description;
INSERT INTO camera_locations(camera_id,building_id,floor_id,sector,description) VALUES ('morjsqbpszhgnndh',(SELECT id FROM buildings WHERE name='Anexo E'),(SELECT f.id FROM floors f JOIN buildings b ON b.id=f.building_id WHERE b.name='Anexo E' AND f.name='PB' LIMIT 1),NULL,'PUERTA ANX E') ON CONFLICT (camera_id) DO UPDATE SET building_id=EXCLUDED.building_id,floor_id=EXCLUDED.floor_id,description=EXCLUDED.description;
INSERT INTO camera_network_connections(camera_id,switch_port,rack_id) VALUES ('morjsqbpszhgnndh','3/0/41',(SELECT r.id FROM racks r JOIN buildings b ON b.id=r.building_id LEFT JOIN floors f ON f.id=r.floor_id WHERE b.name='Anexo E' AND r.code='500' AND f.name='PB' LIMIT 1)) ON CONFLICT (camera_id) DO UPDATE SET switch_port=EXCLUDED.switch_port,rack_id=EXCLUDED.rack_id;
UPDATE cameras SET ip_address='10.91.30.16', description=COALESCE(NULLIF('PUERTA ANX E',''),description) WHERE device_id='morjsqbpszhgnndh';
INSERT INTO recorder_channels(recorder_id,channel_number,camera_id,description) VALUES ('morjsqbqqquwiwqq',83,'morjsqbq9is0g1fa','HALL MITRE 2085 - 2') ON CONFLICT (recorder_id,channel_number) DO UPDATE SET camera_id=EXCLUDED.camera_id,description=EXCLUDED.description;
INSERT INTO camera_locations(camera_id,building_id,floor_id,sector,description) VALUES ('morjsqbq9is0g1fa',(SELECT id FROM buildings WHERE name='Anexo E'),(SELECT f.id FROM floors f JOIN buildings b ON b.id=f.building_id WHERE b.name='Anexo E' AND f.name='PB' LIMIT 1),NULL,'HALL MITRE 2085 - 2') ON CONFLICT (camera_id) DO UPDATE SET building_id=EXCLUDED.building_id,floor_id=EXCLUDED.floor_id,description=EXCLUDED.description;
INSERT INTO camera_network_connections(camera_id,switch_port,rack_id) VALUES ('morjsqbq9is0g1fa',NULL,(SELECT r.id FROM racks r JOIN buildings b ON b.id=r.building_id LEFT JOIN floors f ON f.id=r.floor_id WHERE b.name='Anexo E' AND r.code='500' AND f.name='PB' LIMIT 1)) ON CONFLICT (camera_id) DO UPDATE SET switch_port=EXCLUDED.switch_port,rack_id=EXCLUDED.rack_id;
UPDATE cameras SET ip_address='10.91.30.17', description=COALESCE(NULLIF('HALL MITRE 2085 - 2',''),description) WHERE device_id='morjsqbq9is0g1fa';
INSERT INTO recorder_channels(recorder_id,channel_number,camera_id,description) VALUES ('morjsqbqqquwiwqq',84,NULL,NULL) ON CONFLICT (recorder_id,channel_number) DO UPDATE SET camera_id=EXCLUDED.camera_id,description=EXCLUDED.description;
INSERT INTO recorder_channels(recorder_id,channel_number,camera_id,description) VALUES ('morjsqbqqquwiwqq',85,NULL,NULL) ON CONFLICT (recorder_id,channel_number) DO UPDATE SET camera_id=EXCLUDED.camera_id,description=EXCLUDED.description;
INSERT INTO recorder_channels(recorder_id,channel_number,camera_id,description) VALUES ('morjsqbqqquwiwqq',86,NULL,NULL) ON CONFLICT (recorder_id,channel_number) DO UPDATE SET camera_id=EXCLUDED.camera_id,description=EXCLUDED.description;
INSERT INTO recorder_channels(recorder_id,channel_number,camera_id,description) VALUES ('morjsqbqqquwiwqq',87,NULL,NULL) ON CONFLICT (recorder_id,channel_number) DO UPDATE SET camera_id=EXCLUDED.camera_id,description=EXCLUDED.description;
INSERT INTO recorder_channels(recorder_id,channel_number,camera_id,description) VALUES ('morjsqbqqquwiwqq',88,NULL,NULL) ON CONFLICT (recorder_id,channel_number) DO UPDATE SET camera_id=EXCLUDED.camera_id,description=EXCLUDED.description;
INSERT INTO recorder_channels(recorder_id,channel_number,camera_id,description) VALUES ('morjsqbqqquwiwqq',89,NULL,NULL) ON CONFLICT (recorder_id,channel_number) DO UPDATE SET camera_id=EXCLUDED.camera_id,description=EXCLUDED.description;
INSERT INTO recorder_channels(recorder_id,channel_number,camera_id,description) VALUES ('morjsqbqqquwiwqq',90,NULL,NULL) ON CONFLICT (recorder_id,channel_number) DO UPDATE SET camera_id=EXCLUDED.camera_id,description=EXCLUDED.description;
INSERT INTO recorder_channels(recorder_id,channel_number,camera_id,description) VALUES ('morjsqbqqquwiwqq',91,NULL,NULL) ON CONFLICT (recorder_id,channel_number) DO UPDATE SET camera_id=EXCLUDED.camera_id,description=EXCLUDED.description;
INSERT INTO recorder_channels(recorder_id,channel_number,camera_id,description) VALUES ('morjsqbqqquwiwqq',92,NULL,NULL) ON CONFLICT (recorder_id,channel_number) DO UPDATE SET camera_id=EXCLUDED.camera_id,description=EXCLUDED.description;
INSERT INTO recorder_channels(recorder_id,channel_number,camera_id,description) VALUES ('morjsqbqqquwiwqq',93,NULL,NULL) ON CONFLICT (recorder_id,channel_number) DO UPDATE SET camera_id=EXCLUDED.camera_id,description=EXCLUDED.description;
INSERT INTO recorder_channels(recorder_id,channel_number,camera_id,description) VALUES ('morjsqbqqquwiwqq',94,NULL,NULL) ON CONFLICT (recorder_id,channel_number) DO UPDATE SET camera_id=EXCLUDED.camera_id,description=EXCLUDED.description;
INSERT INTO recorder_channels(recorder_id,channel_number,camera_id,description) VALUES ('morjsqbqqquwiwqq',95,NULL,NULL) ON CONFLICT (recorder_id,channel_number) DO UPDATE SET camera_id=EXCLUDED.camera_id,description=EXCLUDED.description;
INSERT INTO recorder_channels(recorder_id,channel_number,camera_id,description) VALUES ('morjsqbqqquwiwqq',96,NULL,NULL) ON CONFLICT (recorder_id,channel_number) DO UPDATE SET camera_id=EXCLUDED.camera_id,description=EXCLUDED.description;
INSERT INTO recorder_channels(recorder_id,channel_number,camera_id,description) VALUES ('morjsqbqqquwiwqq',97,NULL,NULL) ON CONFLICT (recorder_id,channel_number) DO UPDATE SET camera_id=EXCLUDED.camera_id,description=EXCLUDED.description;
INSERT INTO recorder_channels(recorder_id,channel_number,camera_id,description) VALUES ('morjsqbqqquwiwqq',98,NULL,NULL) ON CONFLICT (recorder_id,channel_number) DO UPDATE SET camera_id=EXCLUDED.camera_id,description=EXCLUDED.description;
INSERT INTO recorder_channels(recorder_id,channel_number,camera_id,description) VALUES ('morjsqbqqquwiwqq',99,NULL,NULL) ON CONFLICT (recorder_id,channel_number) DO UPDATE SET camera_id=EXCLUDED.camera_id,description=EXCLUDED.description;
INSERT INTO recorder_channels(recorder_id,channel_number,camera_id,description) VALUES ('morjsqbqqquwiwqq',100,NULL,NULL) ON CONFLICT (recorder_id,channel_number) DO UPDATE SET camera_id=EXCLUDED.camera_id,description=EXCLUDED.description;
INSERT INTO recorder_channels(recorder_id,channel_number,camera_id,description) VALUES ('morjsqbqqquwiwqq',101,NULL,NULL) ON CONFLICT (recorder_id,channel_number) DO UPDATE SET camera_id=EXCLUDED.camera_id,description=EXCLUDED.description;
INSERT INTO recorder_channels(recorder_id,channel_number,camera_id,description) VALUES ('morjsqbqqquwiwqq',102,NULL,NULL) ON CONFLICT (recorder_id,channel_number) DO UPDATE SET camera_id=EXCLUDED.camera_id,description=EXCLUDED.description;
INSERT INTO recorder_channels(recorder_id,channel_number,camera_id,description) VALUES ('morjsqbqqquwiwqq',103,NULL,NULL) ON CONFLICT (recorder_id,channel_number) DO UPDATE SET camera_id=EXCLUDED.camera_id,description=EXCLUDED.description;
INSERT INTO recorder_channels(recorder_id,channel_number,camera_id,description) VALUES ('morjsqbqqquwiwqq',104,NULL,NULL) ON CONFLICT (recorder_id,channel_number) DO UPDATE SET camera_id=EXCLUDED.camera_id,description=EXCLUDED.description;
INSERT INTO recorder_channels(recorder_id,channel_number,camera_id,description) VALUES ('morjsqbqqquwiwqq',105,NULL,NULL) ON CONFLICT (recorder_id,channel_number) DO UPDATE SET camera_id=EXCLUDED.camera_id,description=EXCLUDED.description;
INSERT INTO recorder_channels(recorder_id,channel_number,camera_id,description) VALUES ('morjsqbqqquwiwqq',106,NULL,NULL) ON CONFLICT (recorder_id,channel_number) DO UPDATE SET camera_id=EXCLUDED.camera_id,description=EXCLUDED.description;
INSERT INTO recorder_channels(recorder_id,channel_number,camera_id,description) VALUES ('morjsqbqqquwiwqq',107,NULL,NULL) ON CONFLICT (recorder_id,channel_number) DO UPDATE SET camera_id=EXCLUDED.camera_id,description=EXCLUDED.description;
INSERT INTO recorder_channels(recorder_id,channel_number,camera_id,description) VALUES ('morjsqbqqquwiwqq',108,NULL,NULL) ON CONFLICT (recorder_id,channel_number) DO UPDATE SET camera_id=EXCLUDED.camera_id,description=EXCLUDED.description;
INSERT INTO recorder_channels(recorder_id,channel_number,camera_id,description) VALUES ('morjsqbqqquwiwqq',109,NULL,NULL) ON CONFLICT (recorder_id,channel_number) DO UPDATE SET camera_id=EXCLUDED.camera_id,description=EXCLUDED.description;
INSERT INTO recorder_channels(recorder_id,channel_number,camera_id,description) VALUES ('morjsqbqqquwiwqq',110,NULL,NULL) ON CONFLICT (recorder_id,channel_number) DO UPDATE SET camera_id=EXCLUDED.camera_id,description=EXCLUDED.description;
INSERT INTO recorder_channels(recorder_id,channel_number,camera_id,description) VALUES ('morjsqbqqquwiwqq',111,NULL,NULL) ON CONFLICT (recorder_id,channel_number) DO UPDATE SET camera_id=EXCLUDED.camera_id,description=EXCLUDED.description;
INSERT INTO recorder_channels(recorder_id,channel_number,camera_id,description) VALUES ('morjsqbqqquwiwqq',112,NULL,NULL) ON CONFLICT (recorder_id,channel_number) DO UPDATE SET camera_id=EXCLUDED.camera_id,description=EXCLUDED.description;
INSERT INTO recorder_channels(recorder_id,channel_number,camera_id,description) VALUES ('morjsqbqqquwiwqq',113,NULL,NULL) ON CONFLICT (recorder_id,channel_number) DO UPDATE SET camera_id=EXCLUDED.camera_id,description=EXCLUDED.description;
INSERT INTO recorder_channels(recorder_id,channel_number,camera_id,description) VALUES ('morjsqbqqquwiwqq',114,NULL,NULL) ON CONFLICT (recorder_id,channel_number) DO UPDATE SET camera_id=EXCLUDED.camera_id,description=EXCLUDED.description;
INSERT INTO recorder_channels(recorder_id,channel_number,camera_id,description) VALUES ('morjsqbqqquwiwqq',115,NULL,NULL) ON CONFLICT (recorder_id,channel_number) DO UPDATE SET camera_id=EXCLUDED.camera_id,description=EXCLUDED.description;
INSERT INTO recorder_channels(recorder_id,channel_number,camera_id,description) VALUES ('morjsqbqqquwiwqq',116,NULL,NULL) ON CONFLICT (recorder_id,channel_number) DO UPDATE SET camera_id=EXCLUDED.camera_id,description=EXCLUDED.description;
INSERT INTO recorder_channels(recorder_id,channel_number,camera_id,description) VALUES ('morjsqbqqquwiwqq',117,NULL,NULL) ON CONFLICT (recorder_id,channel_number) DO UPDATE SET camera_id=EXCLUDED.camera_id,description=EXCLUDED.description;
INSERT INTO recorder_channels(recorder_id,channel_number,camera_id,description) VALUES ('morjsqbqqquwiwqq',118,NULL,NULL) ON CONFLICT (recorder_id,channel_number) DO UPDATE SET camera_id=EXCLUDED.camera_id,description=EXCLUDED.description;
INSERT INTO recorder_channels(recorder_id,channel_number,camera_id,description) VALUES ('morjsqbqqquwiwqq',119,NULL,NULL) ON CONFLICT (recorder_id,channel_number) DO UPDATE SET camera_id=EXCLUDED.camera_id,description=EXCLUDED.description;
INSERT INTO recorder_channels(recorder_id,channel_number,camera_id,description) VALUES ('morjsqbqqquwiwqq',120,NULL,NULL) ON CONFLICT (recorder_id,channel_number) DO UPDATE SET camera_id=EXCLUDED.camera_id,description=EXCLUDED.description;
INSERT INTO recorder_channels(recorder_id,channel_number,camera_id,description) VALUES ('morjsqbqqquwiwqq',121,NULL,NULL) ON CONFLICT (recorder_id,channel_number) DO UPDATE SET camera_id=EXCLUDED.camera_id,description=EXCLUDED.description;
INSERT INTO recorder_channels(recorder_id,channel_number,camera_id,description) VALUES ('morjsqbqqquwiwqq',122,NULL,NULL) ON CONFLICT (recorder_id,channel_number) DO UPDATE SET camera_id=EXCLUDED.camera_id,description=EXCLUDED.description;
INSERT INTO recorder_channels(recorder_id,channel_number,camera_id,description) VALUES ('morjsqbqqquwiwqq',123,NULL,NULL) ON CONFLICT (recorder_id,channel_number) DO UPDATE SET camera_id=EXCLUDED.camera_id,description=EXCLUDED.description;
INSERT INTO recorder_channels(recorder_id,channel_number,camera_id,description) VALUES ('morjsqbqqquwiwqq',124,NULL,NULL) ON CONFLICT (recorder_id,channel_number) DO UPDATE SET camera_id=EXCLUDED.camera_id,description=EXCLUDED.description;
INSERT INTO recorder_channels(recorder_id,channel_number,camera_id,description) VALUES ('morjsqbqqquwiwqq',125,NULL,NULL) ON CONFLICT (recorder_id,channel_number) DO UPDATE SET camera_id=EXCLUDED.camera_id,description=EXCLUDED.description;
INSERT INTO recorder_channels(recorder_id,channel_number,camera_id,description) VALUES ('morjsqbqqquwiwqq',126,NULL,NULL) ON CONFLICT (recorder_id,channel_number) DO UPDATE SET camera_id=EXCLUDED.camera_id,description=EXCLUDED.description;
INSERT INTO recorder_channels(recorder_id,channel_number,camera_id,description) VALUES ('morjsqbqqquwiwqq',127,NULL,NULL) ON CONFLICT (recorder_id,channel_number) DO UPDATE SET camera_id=EXCLUDED.camera_id,description=EXCLUDED.description;
INSERT INTO recorder_channels(recorder_id,channel_number,camera_id,description) VALUES ('morjsqbqqquwiwqq',128,NULL,NULL) ON CONFLICT (recorder_id,channel_number) DO UPDATE SET camera_id=EXCLUDED.camera_id,description=EXCLUDED.description;
INSERT INTO recorders(device_id,recorder_type,description,ip_address,channel_capacity,rack_id) VALUES ('morjsqbqvaqv5vuf','nvr','NVR-6','10.105.0.195',128,(SELECT r.id FROM racks r JOIN buildings b ON b.id=r.building_id LEFT JOIN floors f ON f.id=r.floor_id WHERE b.name='Anexo A' AND r.code='RACK 12' AND f.name='1SS' LIMIT 1)) ON CONFLICT (device_id) DO UPDATE SET recorder_type=EXCLUDED.recorder_type,description=EXCLUDED.description,ip_address=EXCLUDED.ip_address,channel_capacity=EXCLUDED.channel_capacity,rack_id=EXCLUDED.rack_id;
INSERT INTO recorder_channels(recorder_id,channel_number,camera_id,description) VALUES ('morjsqbqvaqv5vuf',1,'morjsqbqy0iel763','ANX C 8vo PASILLO 1') ON CONFLICT (recorder_id,channel_number) DO UPDATE SET camera_id=EXCLUDED.camera_id,description=EXCLUDED.description;
INSERT INTO camera_locations(camera_id,building_id,floor_id,sector,description) VALUES ('morjsqbqy0iel763',(SELECT id FROM buildings WHERE name='Anexo C'),(SELECT f.id FROM floors f JOIN buildings b ON b.id=f.building_id WHERE b.name='Anexo C' AND f.name='8' LIMIT 1),NULL,'ANX C 8vo PASILLO 1') ON CONFLICT (camera_id) DO UPDATE SET building_id=EXCLUDED.building_id,floor_id=EXCLUDED.floor_id,description=EXCLUDED.description;
INSERT INTO camera_network_connections(camera_id,switch_port,rack_id) VALUES ('morjsqbqy0iel763','3/0/21',(SELECT r.id FROM racks r JOIN buildings b ON b.id=r.building_id LEFT JOIN floors f ON f.id=r.floor_id WHERE b.name='Anexo C' AND r.code='0380' AND f.name='8' LIMIT 1)) ON CONFLICT (camera_id) DO UPDATE SET switch_port=EXCLUDED.switch_port,rack_id=EXCLUDED.rack_id;
UPDATE cameras SET ip_address='10.32.30.3', description=COALESCE(NULLIF('ANX C 8vo PASILLO 1',''),description) WHERE device_id='morjsqbqy0iel763';
INSERT INTO recorder_channels(recorder_id,channel_number,camera_id,description) VALUES ('morjsqbqvaqv5vuf',2,'morjsqbqurdo0bfn','P03 INGRESO HEMICICLO') ON CONFLICT (recorder_id,channel_number) DO UPDATE SET camera_id=EXCLUDED.camera_id,description=EXCLUDED.description;
INSERT INTO camera_locations(camera_id,building_id,floor_id,sector,description) VALUES ('morjsqbqurdo0bfn',(SELECT id FROM buildings WHERE name='Palacio'),(SELECT f.id FROM floors f JOIN buildings b ON b.id=f.building_id WHERE b.name='Palacio' AND f.name='03' LIMIT 1),NULL,'P03 INGRESO HEMICICLO') ON CONFLICT (camera_id) DO UPDATE SET building_id=EXCLUDED.building_id,floor_id=EXCLUDED.floor_id,description=EXCLUDED.description;
INSERT INTO camera_network_connections(camera_id,switch_port,rack_id) VALUES ('morjsqbqurdo0bfn','1/0/47',(SELECT r.id FROM racks r JOIN buildings b ON b.id=r.building_id LEFT JOIN floors f ON f.id=r.floor_id WHERE b.name='Palacio' AND r.code='0065' AND f.name='03' LIMIT 1)) ON CONFLICT (camera_id) DO UPDATE SET switch_port=EXCLUDED.switch_port,rack_id=EXCLUDED.rack_id;
UPDATE cameras SET ip_address='10.3.30.9', description=COALESCE(NULLIF('P03 INGRESO HEMICICLO',''),description) WHERE device_id='morjsqbqurdo0bfn';
INSERT INTO recorder_channels(recorder_id,channel_number,camera_id,description) VALUES ('morjsqbqvaqv5vuf',3,'morjsqbpbrigb2od','Grupo Electrogeno') ON CONFLICT (recorder_id,channel_number) DO UPDATE SET camera_id=EXCLUDED.camera_id,description=EXCLUDED.description;
INSERT INTO camera_locations(camera_id,building_id,floor_id,sector,description) VALUES ('morjsqbpbrigb2od',(SELECT id FROM buildings WHERE name='Anexo C'),(SELECT f.id FROM floors f JOIN buildings b ON b.id=f.building_id WHERE b.name='Anexo C' AND f.name='1ss' LIMIT 1),NULL,'Grupo Electrogeno') ON CONFLICT (camera_id) DO UPDATE SET building_id=EXCLUDED.building_id,floor_id=EXCLUDED.floor_id,description=EXCLUDED.description;
INSERT INTO camera_network_connections(camera_id,switch_port,rack_id) VALUES ('morjsqbpbrigb2od','2/0/33',(SELECT r.id FROM racks r JOIN buildings b ON b.id=r.building_id LEFT JOIN floors f ON f.id=r.floor_id WHERE b.name='Anexo C' AND r.code='0400' AND f.name='1ss' LIMIT 1)) ON CONFLICT (camera_id) DO UPDATE SET switch_port=EXCLUDED.switch_port,rack_id=EXCLUDED.rack_id;
UPDATE cameras SET ip_address='10.41.30.14', description=COALESCE(NULLIF('Grupo Electrogeno',''),description) WHERE device_id='morjsqbpbrigb2od';
INSERT INTO recorder_channels(recorder_id,channel_number,camera_id,description) VALUES ('morjsqbqvaqv5vuf',4,'morjsqbpzeyl69sf','ANXH-P5-1') ON CONFLICT (recorder_id,channel_number) DO UPDATE SET camera_id=EXCLUDED.camera_id,description=EXCLUDED.description;
INSERT INTO camera_locations(camera_id,building_id,floor_id,sector,description) VALUES ('morjsqbpzeyl69sf',(SELECT id FROM buildings WHERE name='Anexo H'),(SELECT f.id FROM floors f JOIN buildings b ON b.id=f.building_id WHERE b.name='Anexo H' AND f.name='05' LIMIT 1),NULL,'ANXH-P5-1') ON CONFLICT (camera_id) DO UPDATE SET building_id=EXCLUDED.building_id,floor_id=EXCLUDED.floor_id,description=EXCLUDED.description;
INSERT INTO camera_network_connections(camera_id,switch_port,rack_id) VALUES ('morjsqbpzeyl69sf','1/0/46',(SELECT r.id FROM racks r JOIN buildings b ON b.id=r.building_id LEFT JOIN floors f ON f.id=r.floor_id WHERE b.name='Anexo H' AND r.code='0851' AND f.name='05' LIMIT 1)) ON CONFLICT (camera_id) DO UPDATE SET switch_port=EXCLUDED.switch_port,rack_id=EXCLUDED.rack_id;
UPDATE cameras SET ip_address='10.81.30.19', description=COALESCE(NULLIF('ANXH-P5-1',''),description) WHERE device_id='morjsqbpzeyl69sf';
INSERT INTO recorder_channels(recorder_id,channel_number,camera_id,description) VALUES ('morjsqbqvaqv5vuf',5,'morjsqbqd5uz71oz','TERRAZA CALLAO') ON CONFLICT (recorder_id,channel_number) DO UPDATE SET camera_id=EXCLUDED.camera_id,description=EXCLUDED.description;
INSERT INTO camera_locations(camera_id,building_id,floor_id,sector,description) VALUES ('morjsqbqd5uz71oz',(SELECT id FROM buildings WHERE name='Anexo A'),(SELECT f.id FROM floors f JOIN buildings b ON b.id=f.building_id WHERE b.name='Anexo A' AND f.name='13' LIMIT 1),NULL,'TERRAZA CALLAO') ON CONFLICT (camera_id) DO UPDATE SET building_id=EXCLUDED.building_id,floor_id=EXCLUDED.floor_id,description=EXCLUDED.description;
INSERT INTO camera_network_connections(camera_id,switch_port,rack_id) VALUES ('morjsqbqd5uz71oz','6/0/44',(SELECT r.id FROM racks r JOIN buildings b ON b.id=r.building_id LEFT JOIN floors f ON f.id=r.floor_id WHERE b.name='Anexo A' AND r.code='0180' AND f.name='13' LIMIT 1)) ON CONFLICT (camera_id) DO UPDATE SET switch_port=EXCLUDED.switch_port,rack_id=EXCLUDED.rack_id;
UPDATE cameras SET ip_address='10.16.30.23', description=COALESCE(NULLIF('TERRAZA CALLAO',''),description) WHERE device_id='morjsqbqd5uz71oz';
INSERT INTO recorder_channels(recorder_id,channel_number,camera_id,description) VALUES ('morjsqbqvaqv5vuf',6,'morjsqbql7ei3pw0','TERRAZA ANX-C') ON CONFLICT (recorder_id,channel_number) DO UPDATE SET camera_id=EXCLUDED.camera_id,description=EXCLUDED.description;
INSERT INTO camera_locations(camera_id,building_id,floor_id,sector,description) VALUES ('morjsqbql7ei3pw0',(SELECT id FROM buildings WHERE name='Anexo C'),(SELECT f.id FROM floors f JOIN buildings b ON b.id=f.building_id WHERE b.name='Anexo C' AND f.name='08' LIMIT 1),NULL,'TERRAZA ANX-C') ON CONFLICT (camera_id) DO UPDATE SET building_id=EXCLUDED.building_id,floor_id=EXCLUDED.floor_id,description=EXCLUDED.description;
INSERT INTO camera_network_connections(camera_id,switch_port,rack_id) VALUES ('morjsqbql7ei3pw0','3/0/42',(SELECT r.id FROM racks r JOIN buildings b ON b.id=r.building_id LEFT JOIN floors f ON f.id=r.floor_id WHERE b.name='Anexo C' AND r.code='0380' AND f.name='08' LIMIT 1)) ON CONFLICT (camera_id) DO UPDATE SET switch_port=EXCLUDED.switch_port,rack_id=EXCLUDED.rack_id;
UPDATE cameras SET ip_address='10.32.30.2', description=COALESCE(NULLIF('TERRAZA ANX-C',''),description) WHERE device_id='morjsqbql7ei3pw0';
INSERT INTO recorder_channels(recorder_id,channel_number,camera_id,description) VALUES ('morjsqbqvaqv5vuf',7,'morjsqbqkb43btv7','TERRAZA ANX-D') ON CONFLICT (recorder_id,channel_number) DO UPDATE SET camera_id=EXCLUDED.camera_id,description=EXCLUDED.description;
INSERT INTO camera_locations(camera_id,building_id,floor_id,sector,description) VALUES ('morjsqbqkb43btv7',(SELECT id FROM buildings WHERE name='Anexo D'),(SELECT f.id FROM floors f JOIN buildings b ON b.id=f.building_id WHERE b.name='Anexo D' AND f.name='08' LIMIT 1),NULL,'TERRAZA ANX-D') ON CONFLICT (camera_id) DO UPDATE SET building_id=EXCLUDED.building_id,floor_id=EXCLUDED.floor_id,description=EXCLUDED.description;
INSERT INTO camera_network_connections(camera_id,switch_port,rack_id) VALUES ('morjsqbqkb43btv7','2/0/47',(SELECT r.id FROM racks r JOIN buildings b ON b.id=r.building_id LEFT JOIN floors f ON f.id=r.floor_id WHERE b.name='Anexo D' AND r.code='0480' AND f.name='08' LIMIT 1)) ON CONFLICT (camera_id) DO UPDATE SET switch_port=EXCLUDED.switch_port,rack_id=EXCLUDED.rack_id;
UPDATE cameras SET ip_address='10.41.30.15', description=COALESCE(NULLIF('TERRAZA ANX-D',''),description) WHERE device_id='morjsqbqkb43btv7';
INSERT INTO recorder_channels(recorder_id,channel_number,camera_id,description) VALUES ('morjsqbqvaqv5vuf',8,'morjsqbqv82sa1zx','1SS ASCENSOR VISITA') ON CONFLICT (recorder_id,channel_number) DO UPDATE SET camera_id=EXCLUDED.camera_id,description=EXCLUDED.description;
INSERT INTO camera_locations(camera_id,building_id,floor_id,sector,description) VALUES ('morjsqbqv82sa1zx',(SELECT id FROM buildings WHERE name='Anexo A'),(SELECT f.id FROM floors f JOIN buildings b ON b.id=f.building_id WHERE b.name='Anexo A' AND f.name='1ss' LIMIT 1),NULL,'1SS ASCENSOR VISITA') ON CONFLICT (camera_id) DO UPDATE SET building_id=EXCLUDED.building_id,floor_id=EXCLUDED.floor_id,description=EXCLUDED.description;
INSERT INTO camera_network_connections(camera_id,switch_port,rack_id) VALUES ('morjsqbqv82sa1zx','2/0/23',(SELECT r.id FROM racks r JOIN buildings b ON b.id=r.building_id LEFT JOIN floors f ON f.id=r.floor_id WHERE b.name='Anexo A' AND r.code='0127' AND f.name='1ss' LIMIT 1)) ON CONFLICT (camera_id) DO UPDATE SET switch_port=EXCLUDED.switch_port,rack_id=EXCLUDED.rack_id;
UPDATE cameras SET ip_address='10.11.30.79', description=COALESCE(NULLIF('1SS ASCENSOR VISITA',''),description) WHERE device_id='morjsqbqv82sa1zx';
INSERT INTO recorder_channels(recorder_id,channel_number,camera_id,description) VALUES ('morjsqbqvaqv5vuf',9,'morjsqbp8g94hm5j','1SS MONTACARGA') ON CONFLICT (recorder_id,channel_number) DO UPDATE SET camera_id=EXCLUDED.camera_id,description=EXCLUDED.description;
INSERT INTO camera_locations(camera_id,building_id,floor_id,sector,description) VALUES ('morjsqbp8g94hm5j',(SELECT id FROM buildings WHERE name='Anexo A'),(SELECT f.id FROM floors f JOIN buildings b ON b.id=f.building_id WHERE b.name='Anexo A' AND f.name='1ss' LIMIT 1),NULL,'1SS MONTACARGA') ON CONFLICT (camera_id) DO UPDATE SET building_id=EXCLUDED.building_id,floor_id=EXCLUDED.floor_id,description=EXCLUDED.description;
INSERT INTO camera_network_connections(camera_id,switch_port,rack_id) VALUES ('morjsqbp8g94hm5j','1/0/16',(SELECT r.id FROM racks r JOIN buildings b ON b.id=r.building_id LEFT JOIN floors f ON f.id=r.floor_id WHERE b.name='Anexo A' AND r.code='0127' AND f.name='1ss' LIMIT 1)) ON CONFLICT (camera_id) DO UPDATE SET switch_port=EXCLUDED.switch_port,rack_id=EXCLUDED.rack_id;
UPDATE cameras SET ip_address='10.11.30.78', description=COALESCE(NULLIF('1SS MONTACARGA',''),description) WHERE device_id='morjsqbp8g94hm5j';
INSERT INTO recorder_channels(recorder_id,channel_number,camera_id,description) VALUES ('morjsqbqvaqv5vuf',10,'morjsqbpgf9zaby4','DEPOSITO PREVENCION SINIESTROS') ON CONFLICT (recorder_id,channel_number) DO UPDATE SET camera_id=EXCLUDED.camera_id,description=EXCLUDED.description;
INSERT INTO camera_locations(camera_id,building_id,floor_id,sector,description) VALUES ('morjsqbpgf9zaby4',(SELECT id FROM buildings WHERE name='Anexo A'),(SELECT f.id FROM floors f JOIN buildings b ON b.id=f.building_id WHERE b.name='Anexo A' AND f.name='5ss' LIMIT 1),NULL,'DEPOSITO PREVENCION SINIESTROS') ON CONFLICT (camera_id) DO UPDATE SET building_id=EXCLUDED.building_id,floor_id=EXCLUDED.floor_id,description=EXCLUDED.description;
INSERT INTO camera_network_connections(camera_id,switch_port,rack_id) VALUES ('morjsqbpgf9zaby4','2/0/46',(SELECT r.id FROM racks r JOIN buildings b ON b.id=r.building_id LEFT JOIN floors f ON f.id=r.floor_id WHERE b.name='Anexo A' AND r.code='0120' AND f.name='5ss' LIMIT 1)) ON CONFLICT (camera_id) DO UPDATE SET switch_port=EXCLUDED.switch_port,rack_id=EXCLUDED.rack_id;
UPDATE cameras SET ip_address='10.11.30.80', description=COALESCE(NULLIF('DEPOSITO PREVENCION SINIESTROS',''),description) WHERE device_id='morjsqbpgf9zaby4';
INSERT INTO recorder_channels(recorder_id,channel_number,camera_id,description) VALUES ('morjsqbqvaqv5vuf',11,'morjsqbqhgkvh1jh','PAÑOL 1') ON CONFLICT (recorder_id,channel_number) DO UPDATE SET camera_id=EXCLUDED.camera_id,description=EXCLUDED.description;
INSERT INTO camera_locations(camera_id,building_id,floor_id,sector,description) VALUES ('morjsqbqhgkvh1jh',(SELECT id FROM buildings WHERE name='Anexo C'),(SELECT f.id FROM floors f JOIN buildings b ON b.id=f.building_id WHERE b.name='Anexo C' AND f.name='PB' LIMIT 1),NULL,'PAÑOL 1') ON CONFLICT (camera_id) DO UPDATE SET building_id=EXCLUDED.building_id,floor_id=EXCLUDED.floor_id,description=EXCLUDED.description;
INSERT INTO camera_network_connections(camera_id,switch_port,rack_id) VALUES ('morjsqbqhgkvh1jh',NULL,NULL) ON CONFLICT (camera_id) DO UPDATE SET switch_port=EXCLUDED.switch_port,rack_id=EXCLUDED.rack_id;
UPDATE cameras SET ip_address='10.31.30.9', description=COALESCE(NULLIF('PAÑOL 1',''),description) WHERE device_id='morjsqbqhgkvh1jh';
INSERT INTO recorder_channels(recorder_id,channel_number,camera_id,description) VALUES ('morjsqbqvaqv5vuf',12,'morjsqbq90i77l1u','PAÑOL 2') ON CONFLICT (recorder_id,channel_number) DO UPDATE SET camera_id=EXCLUDED.camera_id,description=EXCLUDED.description;
INSERT INTO camera_locations(camera_id,building_id,floor_id,sector,description) VALUES ('morjsqbq90i77l1u',(SELECT id FROM buildings WHERE name='Anexo C'),(SELECT f.id FROM floors f JOIN buildings b ON b.id=f.building_id WHERE b.name='Anexo C' AND f.name='PB' LIMIT 1),NULL,'PAÑOL 2') ON CONFLICT (camera_id) DO UPDATE SET building_id=EXCLUDED.building_id,floor_id=EXCLUDED.floor_id,description=EXCLUDED.description;
INSERT INTO camera_network_connections(camera_id,switch_port,rack_id) VALUES ('morjsqbq90i77l1u',NULL,NULL) ON CONFLICT (camera_id) DO UPDATE SET switch_port=EXCLUDED.switch_port,rack_id=EXCLUDED.rack_id;
UPDATE cameras SET ip_address='10.31.30.10', description=COALESCE(NULLIF('PAÑOL 2',''),description) WHERE device_id='morjsqbq90i77l1u';
INSERT INTO recorder_channels(recorder_id,channel_number,camera_id,description) VALUES ('morjsqbqvaqv5vuf',13,'morjsqbqujmowhp7','DOMO MITRE 2') ON CONFLICT (recorder_id,channel_number) DO UPDATE SET camera_id=EXCLUDED.camera_id,description=EXCLUDED.description;
INSERT INTO camera_locations(camera_id,building_id,floor_id,sector,description) VALUES ('morjsqbqujmowhp7',(SELECT id FROM buildings WHERE name='Anexo D'),(SELECT f.id FROM floors f JOIN buildings b ON b.id=f.building_id WHERE b.name='Anexo D' AND f.name='02' LIMIT 1),NULL,'DOMO MITRE 2') ON CONFLICT (camera_id) DO UPDATE SET building_id=EXCLUDED.building_id,floor_id=EXCLUDED.floor_id,description=EXCLUDED.description;
INSERT INTO camera_network_connections(camera_id,switch_port,rack_id) VALUES ('morjsqbqujmowhp7',NULL,(SELECT r.id FROM racks r JOIN buildings b ON b.id=r.building_id LEFT JOIN floors f ON f.id=r.floor_id WHERE b.name='Anexo D' AND r.code='0420' AND f.name='02' LIMIT 1)) ON CONFLICT (camera_id) DO UPDATE SET switch_port=EXCLUDED.switch_port,rack_id=EXCLUDED.rack_id;
UPDATE cameras SET ip_address='10.41.30.16', description=COALESCE(NULLIF('DOMO MITRE 2',''),description) WHERE device_id='morjsqbqujmowhp7';
INSERT INTO recorder_channels(recorder_id,channel_number,camera_id,description) VALUES ('morjsqbqvaqv5vuf',14,'morjsqbqkd3fadow','ANX B PISO 2') ON CONFLICT (recorder_id,channel_number) DO UPDATE SET camera_id=EXCLUDED.camera_id,description=EXCLUDED.description;
INSERT INTO camera_locations(camera_id,building_id,floor_id,sector,description) VALUES ('morjsqbqkd3fadow',(SELECT id FROM buildings WHERE name='Anexo B'),(SELECT f.id FROM floors f JOIN buildings b ON b.id=f.building_id WHERE b.name='Anexo B' AND f.name='01' LIMIT 1),NULL,'ANX B PISO 2') ON CONFLICT (camera_id) DO UPDATE SET building_id=EXCLUDED.building_id,floor_id=EXCLUDED.floor_id,description=EXCLUDED.description;
INSERT INTO camera_network_connections(camera_id,switch_port,rack_id) VALUES ('morjsqbqkd3fadow',NULL,(SELECT r.id FROM racks r JOIN buildings b ON b.id=r.building_id LEFT JOIN floors f ON f.id=r.floor_id WHERE b.name='Anexo B' AND r.code='0200' AND f.name='01' LIMIT 1)) ON CONFLICT (camera_id) DO UPDATE SET switch_port=EXCLUDED.switch_port,rack_id=EXCLUDED.rack_id;
UPDATE cameras SET ip_address='10.31.30.11', description=COALESCE(NULLIF('ANX B PISO 2',''),description) WHERE device_id='morjsqbqkd3fadow';
INSERT INTO recorder_channels(recorder_id,channel_number,camera_id,description) VALUES ('morjsqbqvaqv5vuf',15,'morjsqbqllk1lx6m','ANX B PISO 5') ON CONFLICT (recorder_id,channel_number) DO UPDATE SET camera_id=EXCLUDED.camera_id,description=EXCLUDED.description;
INSERT INTO camera_locations(camera_id,building_id,floor_id,sector,description) VALUES ('morjsqbqllk1lx6m',(SELECT id FROM buildings WHERE name='Anexo B'),(SELECT f.id FROM floors f JOIN buildings b ON b.id=f.building_id WHERE b.name='Anexo B' AND f.name='01' LIMIT 1),NULL,'ANX B PISO 5') ON CONFLICT (camera_id) DO UPDATE SET building_id=EXCLUDED.building_id,floor_id=EXCLUDED.floor_id,description=EXCLUDED.description;
INSERT INTO camera_network_connections(camera_id,switch_port,rack_id) VALUES ('morjsqbqllk1lx6m',NULL,(SELECT r.id FROM racks r JOIN buildings b ON b.id=r.building_id LEFT JOIN floors f ON f.id=r.floor_id WHERE b.name='Anexo B' AND r.code='0200' AND f.name='01' LIMIT 1)) ON CONFLICT (camera_id) DO UPDATE SET switch_port=EXCLUDED.switch_port,rack_id=EXCLUDED.rack_id;
UPDATE cameras SET ip_address='10.31.30.12', description=COALESCE(NULLIF('ANX B PISO 5',''),description) WHERE device_id='morjsqbqllk1lx6m';
INSERT INTO recorder_channels(recorder_id,channel_number,camera_id,description) VALUES ('morjsqbqvaqv5vuf',16,'morjsqbqg5wp9g40','ANX B PISO 8') ON CONFLICT (recorder_id,channel_number) DO UPDATE SET camera_id=EXCLUDED.camera_id,description=EXCLUDED.description;
INSERT INTO camera_locations(camera_id,building_id,floor_id,sector,description) VALUES ('morjsqbqg5wp9g40',(SELECT id FROM buildings WHERE name='Anexo B'),(SELECT f.id FROM floors f JOIN buildings b ON b.id=f.building_id WHERE b.name='Anexo B' AND f.name='01' LIMIT 1),NULL,'ANX B PISO 8') ON CONFLICT (camera_id) DO UPDATE SET building_id=EXCLUDED.building_id,floor_id=EXCLUDED.floor_id,description=EXCLUDED.description;
INSERT INTO camera_network_connections(camera_id,switch_port,rack_id) VALUES ('morjsqbqg5wp9g40',NULL,(SELECT r.id FROM racks r JOIN buildings b ON b.id=r.building_id LEFT JOIN floors f ON f.id=r.floor_id WHERE b.name='Anexo B' AND r.code='0200' AND f.name='01' LIMIT 1)) ON CONFLICT (camera_id) DO UPDATE SET switch_port=EXCLUDED.switch_port,rack_id=EXCLUDED.rack_id;
UPDATE cameras SET ip_address='10.31.30.13', description=COALESCE(NULLIF('ANX B PISO 8',''),description) WHERE device_id='morjsqbqg5wp9g40';
INSERT INTO recorder_channels(recorder_id,channel_number,camera_id,description) VALUES ('morjsqbqvaqv5vuf',17,'morjsqbqgxq0bqe0','DTV INGRESO') ON CONFLICT (recorder_id,channel_number) DO UPDATE SET camera_id=EXCLUDED.camera_id,description=EXCLUDED.description;
INSERT INTO camera_locations(camera_id,building_id,floor_id,sector,description) VALUES ('morjsqbqgxq0bqe0',(SELECT id FROM buildings WHERE name='Anexo C'),(SELECT f.id FROM floors f JOIN buildings b ON b.id=f.building_id WHERE b.name='Anexo C' AND f.name='PB' LIMIT 1),NULL,'DTV INGRESO') ON CONFLICT (camera_id) DO UPDATE SET building_id=EXCLUDED.building_id,floor_id=EXCLUDED.floor_id,description=EXCLUDED.description;
INSERT INTO camera_network_connections(camera_id,switch_port,rack_id) VALUES ('morjsqbqgxq0bqe0','3/0/01',(SELECT r.id FROM racks r JOIN buildings b ON b.id=r.building_id LEFT JOIN floors f ON f.id=r.floor_id WHERE b.name='Anexo C' AND r.code='0300' AND f.name='PB' LIMIT 1)) ON CONFLICT (camera_id) DO UPDATE SET switch_port=EXCLUDED.switch_port,rack_id=EXCLUDED.rack_id;
UPDATE cameras SET ip_address='10.31.30.14', description=COALESCE(NULLIF('DTV INGRESO',''),description) WHERE device_id='morjsqbqgxq0bqe0';
INSERT INTO recorder_channels(recorder_id,channel_number,camera_id,description) VALUES ('morjsqbqvaqv5vuf',18,'morjsqbqzodahe5u','DTV ESTUDIO') ON CONFLICT (recorder_id,channel_number) DO UPDATE SET camera_id=EXCLUDED.camera_id,description=EXCLUDED.description;
INSERT INTO camera_locations(camera_id,building_id,floor_id,sector,description) VALUES ('morjsqbqzodahe5u',(SELECT id FROM buildings WHERE name='Anexo C'),(SELECT f.id FROM floors f JOIN buildings b ON b.id=f.building_id WHERE b.name='Anexo C' AND f.name='PB' LIMIT 1),NULL,'DTV ESTUDIO') ON CONFLICT (camera_id) DO UPDATE SET building_id=EXCLUDED.building_id,floor_id=EXCLUDED.floor_id,description=EXCLUDED.description;
INSERT INTO camera_network_connections(camera_id,switch_port,rack_id) VALUES ('morjsqbqzodahe5u','3/0/03',(SELECT r.id FROM racks r JOIN buildings b ON b.id=r.building_id LEFT JOIN floors f ON f.id=r.floor_id WHERE b.name='Anexo C' AND r.code='0300' AND f.name='PB' LIMIT 1)) ON CONFLICT (camera_id) DO UPDATE SET switch_port=EXCLUDED.switch_port,rack_id=EXCLUDED.rack_id;
UPDATE cameras SET ip_address='10.31.30.15', description=COALESCE(NULLIF('DTV ESTUDIO',''),description) WHERE device_id='morjsqbqzodahe5u';
INSERT INTO recorder_channels(recorder_id,channel_number,camera_id,description) VALUES ('morjsqbqvaqv5vuf',19,'morjsqbq07nq5mlo','DTV PISO 1') ON CONFLICT (recorder_id,channel_number) DO UPDATE SET camera_id=EXCLUDED.camera_id,description=EXCLUDED.description;
INSERT INTO camera_locations(camera_id,building_id,floor_id,sector,description) VALUES ('morjsqbq07nq5mlo',(SELECT id FROM buildings WHERE name='Anexo C'),(SELECT f.id FROM floors f JOIN buildings b ON b.id=f.building_id WHERE b.name='Anexo C' AND f.name='PB' LIMIT 1),NULL,'DTV PISO 1') ON CONFLICT (camera_id) DO UPDATE SET building_id=EXCLUDED.building_id,floor_id=EXCLUDED.floor_id,description=EXCLUDED.description;
INSERT INTO camera_network_connections(camera_id,switch_port,rack_id) VALUES ('morjsqbq07nq5mlo','3/0/02',(SELECT r.id FROM racks r JOIN buildings b ON b.id=r.building_id LEFT JOIN floors f ON f.id=r.floor_id WHERE b.name='Anexo C' AND r.code='0300' AND f.name='PB' LIMIT 1)) ON CONFLICT (camera_id) DO UPDATE SET switch_port=EXCLUDED.switch_port,rack_id=EXCLUDED.rack_id;
UPDATE cameras SET ip_address='10.31.30.16', description=COALESCE(NULLIF('DTV PISO 1',''),description) WHERE device_id='morjsqbq07nq5mlo';
INSERT INTO recorder_channels(recorder_id,channel_number,camera_id,description) VALUES ('morjsqbqvaqv5vuf',20,'morjsqbq5rec38wy','DTV CONTROL') ON CONFLICT (recorder_id,channel_number) DO UPDATE SET camera_id=EXCLUDED.camera_id,description=EXCLUDED.description;
INSERT INTO camera_locations(camera_id,building_id,floor_id,sector,description) VALUES ('morjsqbq5rec38wy',(SELECT id FROM buildings WHERE name='Anexo C'),(SELECT f.id FROM floors f JOIN buildings b ON b.id=f.building_id WHERE b.name='Anexo C' AND f.name='PB' LIMIT 1),NULL,'DTV CONTROL') ON CONFLICT (camera_id) DO UPDATE SET building_id=EXCLUDED.building_id,floor_id=EXCLUDED.floor_id,description=EXCLUDED.description;
INSERT INTO camera_network_connections(camera_id,switch_port,rack_id) VALUES ('morjsqbq5rec38wy','1/0/19',(SELECT r.id FROM racks r JOIN buildings b ON b.id=r.building_id LEFT JOIN floors f ON f.id=r.floor_id WHERE b.name='Anexo C' AND r.code='0300' AND f.name='PB' LIMIT 1)) ON CONFLICT (camera_id) DO UPDATE SET switch_port=EXCLUDED.switch_port,rack_id=EXCLUDED.rack_id;
UPDATE cameras SET ip_address='10.31.30.17', description=COALESCE(NULLIF('DTV CONTROL',''),description) WHERE device_id='morjsqbq5rec38wy';
INSERT INTO recorder_channels(recorder_id,channel_number,camera_id,description) VALUES ('morjsqbqvaqv5vuf',21,'morjsqbpgs0ykg5n','ANX D 2DO CONTRA FRENTE') ON CONFLICT (recorder_id,channel_number) DO UPDATE SET camera_id=EXCLUDED.camera_id,description=EXCLUDED.description;
INSERT INTO camera_locations(camera_id,building_id,floor_id,sector,description) VALUES ('morjsqbpgs0ykg5n',(SELECT id FROM buildings WHERE name='Anexo D'),(SELECT f.id FROM floors f JOIN buildings b ON b.id=f.building_id WHERE b.name='Anexo D' AND f.name='02' LIMIT 1),NULL,'ANX D 2DO CONTRA FRENTE') ON CONFLICT (camera_id) DO UPDATE SET building_id=EXCLUDED.building_id,floor_id=EXCLUDED.floor_id,description=EXCLUDED.description;
INSERT INTO camera_network_connections(camera_id,switch_port,rack_id) VALUES ('morjsqbpgs0ykg5n','1/0/05',(SELECT r.id FROM racks r JOIN buildings b ON b.id=r.building_id LEFT JOIN floors f ON f.id=r.floor_id WHERE b.name='Anexo D' AND r.code='0420' AND f.name='02' LIMIT 1)) ON CONFLICT (camera_id) DO UPDATE SET switch_port=EXCLUDED.switch_port,rack_id=EXCLUDED.rack_id;
UPDATE cameras SET ip_address='10.41.30.17', description=COALESCE(NULLIF('ANX D 2DO CONTRA FRENTE',''),description) WHERE device_id='morjsqbpgs0ykg5n';
INSERT INTO recorder_channels(recorder_id,channel_number,camera_id,description) VALUES ('morjsqbqvaqv5vuf',22,'morjsqbqchpg67dp','RECINTO1') ON CONFLICT (recorder_id,channel_number) DO UPDATE SET camera_id=EXCLUDED.camera_id,description=EXCLUDED.description;
INSERT INTO camera_locations(camera_id,building_id,floor_id,sector,description) VALUES ('morjsqbqchpg67dp',(SELECT id FROM buildings WHERE name='Palacio'),(SELECT f.id FROM floors f JOIN buildings b ON b.id=f.building_id WHERE b.name='Palacio' AND f.name='02' LIMIT 1),NULL,'RECINTO1') ON CONFLICT (camera_id) DO UPDATE SET building_id=EXCLUDED.building_id,floor_id=EXCLUDED.floor_id,description=EXCLUDED.description;
INSERT INTO camera_network_connections(camera_id,switch_port,rack_id) VALUES ('morjsqbqchpg67dp','1/0/22',(SELECT r.id FROM racks r JOIN buildings b ON b.id=r.building_id LEFT JOIN floors f ON f.id=r.floor_id WHERE b.name='Palacio' AND r.code='0043' AND f.name='02' LIMIT 1)) ON CONFLICT (camera_id) DO UPDATE SET switch_port=EXCLUDED.switch_port,rack_id=EXCLUDED.rack_id;
UPDATE cameras SET ip_address='10.1.30.251', description=COALESCE(NULLIF('RECINTO1',''),description) WHERE device_id='morjsqbqchpg67dp';
INSERT INTO recorder_channels(recorder_id,channel_number,camera_id,description) VALUES ('morjsqbqvaqv5vuf',23,'morjsqbqsmacm907','RECINTO2') ON CONFLICT (recorder_id,channel_number) DO UPDATE SET camera_id=EXCLUDED.camera_id,description=EXCLUDED.description;
INSERT INTO camera_locations(camera_id,building_id,floor_id,sector,description) VALUES ('morjsqbqsmacm907',(SELECT id FROM buildings WHERE name='Palacio'),(SELECT f.id FROM floors f JOIN buildings b ON b.id=f.building_id WHERE b.name='Palacio' AND f.name='02' LIMIT 1),NULL,'RECINTO2') ON CONFLICT (camera_id) DO UPDATE SET building_id=EXCLUDED.building_id,floor_id=EXCLUDED.floor_id,description=EXCLUDED.description;
INSERT INTO camera_network_connections(camera_id,switch_port,rack_id) VALUES ('morjsqbqsmacm907','1/0/18',(SELECT r.id FROM racks r JOIN buildings b ON b.id=r.building_id LEFT JOIN floors f ON f.id=r.floor_id WHERE b.name='Palacio' AND r.code='0043' AND f.name='02' LIMIT 1)) ON CONFLICT (camera_id) DO UPDATE SET switch_port=EXCLUDED.switch_port,rack_id=EXCLUDED.rack_id;
UPDATE cameras SET ip_address='10.1.30.252', description=COALESCE(NULLIF('RECINTO2',''),description) WHERE device_id='morjsqbqsmacm907';
INSERT INTO recorder_channels(recorder_id,channel_number,camera_id,description) VALUES ('morjsqbqvaqv5vuf',24,'morjsqbq21h7skmx','1SS DEPOSITO') ON CONFLICT (recorder_id,channel_number) DO UPDATE SET camera_id=EXCLUDED.camera_id,description=EXCLUDED.description;
INSERT INTO camera_locations(camera_id,building_id,floor_id,sector,description) VALUES ('morjsqbq21h7skmx',(SELECT id FROM buildings WHERE name='Anexo A'),(SELECT f.id FROM floors f JOIN buildings b ON b.id=f.building_id WHERE b.name='Anexo A' AND f.name='1ss' LIMIT 1),NULL,'1SS DEPOSITO') ON CONFLICT (camera_id) DO UPDATE SET building_id=EXCLUDED.building_id,floor_id=EXCLUDED.floor_id,description=EXCLUDED.description;
INSERT INTO camera_network_connections(camera_id,switch_port,rack_id) VALUES ('morjsqbq21h7skmx','2/0/32',(SELECT r.id FROM racks r JOIN buildings b ON b.id=r.building_id LEFT JOIN floors f ON f.id=r.floor_id WHERE b.name='Anexo A' AND r.code='0127' AND f.name='1ss' LIMIT 1)) ON CONFLICT (camera_id) DO UPDATE SET switch_port=EXCLUDED.switch_port,rack_id=EXCLUDED.rack_id;
UPDATE cameras SET ip_address='10.11.30.82', description=COALESCE(NULLIF('1SS DEPOSITO',''),description) WHERE device_id='morjsqbq21h7skmx';
INSERT INTO recorder_channels(recorder_id,channel_number,camera_id,description) VALUES ('morjsqbqvaqv5vuf',25,'morjsqbp9h8ls0fx','DEPOSITO SOPORTE 4SS') ON CONFLICT (recorder_id,channel_number) DO UPDATE SET camera_id=EXCLUDED.camera_id,description=EXCLUDED.description;
INSERT INTO camera_locations(camera_id,building_id,floor_id,sector,description) VALUES ('morjsqbp9h8ls0fx',(SELECT id FROM buildings WHERE name='Anexo A'),(SELECT f.id FROM floors f JOIN buildings b ON b.id=f.building_id WHERE b.name='Anexo A' AND f.name='4ss' LIMIT 1),NULL,'DEPOSITO SOPORTE 4SS') ON CONFLICT (camera_id) DO UPDATE SET building_id=EXCLUDED.building_id,floor_id=EXCLUDED.floor_id,description=EXCLUDED.description;
INSERT INTO camera_network_connections(camera_id,switch_port,rack_id) VALUES ('morjsqbp9h8ls0fx','1/0/24',(SELECT r.id FROM racks r JOIN buildings b ON b.id=r.building_id LEFT JOIN floors f ON f.id=r.floor_id WHERE b.name='Anexo A' AND r.code='0120' AND f.name='4ss' LIMIT 1)) ON CONFLICT (camera_id) DO UPDATE SET switch_port=EXCLUDED.switch_port,rack_id=EXCLUDED.rack_id;
UPDATE cameras SET ip_address='10.11.30.83', description=COALESCE(NULLIF('DEPOSITO SOPORTE 4SS',''),description) WHERE device_id='morjsqbp9h8ls0fx';
INSERT INTO recorder_channels(recorder_id,channel_number,camera_id,description) VALUES ('morjsqbqvaqv5vuf',26,'morjsqbq22ub2ava','DTV ESTUDIO 2') ON CONFLICT (recorder_id,channel_number) DO UPDATE SET camera_id=EXCLUDED.camera_id,description=EXCLUDED.description;
INSERT INTO camera_locations(camera_id,building_id,floor_id,sector,description) VALUES ('morjsqbq22ub2ava',(SELECT id FROM buildings WHERE name='Anexo C'),(SELECT f.id FROM floors f JOIN buildings b ON b.id=f.building_id WHERE b.name='Anexo C' AND f.name='PB' LIMIT 1),NULL,'DTV ESTUDIO 2') ON CONFLICT (camera_id) DO UPDATE SET building_id=EXCLUDED.building_id,floor_id=EXCLUDED.floor_id,description=EXCLUDED.description;
INSERT INTO camera_network_connections(camera_id,switch_port,rack_id) VALUES ('morjsqbq22ub2ava',NULL,NULL) ON CONFLICT (camera_id) DO UPDATE SET switch_port=EXCLUDED.switch_port,rack_id=EXCLUDED.rack_id;
UPDATE cameras SET ip_address='10.31.30.18', description=COALESCE(NULLIF('DTV ESTUDIO 2',''),description) WHERE device_id='morjsqbq22ub2ava';
INSERT INTO recorder_channels(recorder_id,channel_number,camera_id,description) VALUES ('morjsqbqvaqv5vuf',27,'morjsqbp1np760uu','DC 1') ON CONFLICT (recorder_id,channel_number) DO UPDATE SET camera_id=EXCLUDED.camera_id,description=EXCLUDED.description;
INSERT INTO camera_locations(camera_id,building_id,floor_id,sector,description) VALUES ('morjsqbp1np760uu',(SELECT id FROM buildings WHERE name='Anexo A'),(SELECT f.id FROM floors f JOIN buildings b ON b.id=f.building_id WHERE b.name='Anexo A' AND f.name='1ss' LIMIT 1),NULL,'DC 1') ON CONFLICT (camera_id) DO UPDATE SET building_id=EXCLUDED.building_id,floor_id=EXCLUDED.floor_id,description=EXCLUDED.description;
INSERT INTO camera_network_connections(camera_id,switch_port,rack_id) VALUES ('morjsqbp1np760uu',NULL,NULL) ON CONFLICT (camera_id) DO UPDATE SET switch_port=EXCLUDED.switch_port,rack_id=EXCLUDED.rack_id;
UPDATE cameras SET ip_address='10.14.30.11', description=COALESCE(NULLIF('DC 1',''),description) WHERE device_id='morjsqbp1np760uu';
INSERT INTO recorder_channels(recorder_id,channel_number,camera_id,description) VALUES ('morjsqbqvaqv5vuf',28,'morjsqbpmrlz2gcd','DC 2') ON CONFLICT (recorder_id,channel_number) DO UPDATE SET camera_id=EXCLUDED.camera_id,description=EXCLUDED.description;
INSERT INTO camera_locations(camera_id,building_id,floor_id,sector,description) VALUES ('morjsqbpmrlz2gcd',(SELECT id FROM buildings WHERE name='Anexo A'),(SELECT f.id FROM floors f JOIN buildings b ON b.id=f.building_id WHERE b.name='Anexo A' AND f.name='1ss' LIMIT 1),NULL,'DC 2') ON CONFLICT (camera_id) DO UPDATE SET building_id=EXCLUDED.building_id,floor_id=EXCLUDED.floor_id,description=EXCLUDED.description;
INSERT INTO camera_network_connections(camera_id,switch_port,rack_id) VALUES ('morjsqbpmrlz2gcd',NULL,NULL) ON CONFLICT (camera_id) DO UPDATE SET switch_port=EXCLUDED.switch_port,rack_id=EXCLUDED.rack_id;
UPDATE cameras SET ip_address='10.14.30.12', description=COALESCE(NULLIF('DC 2',''),description) WHERE device_id='morjsqbpmrlz2gcd';
INSERT INTO recorder_channels(recorder_id,channel_number,camera_id,description) VALUES ('morjsqbqvaqv5vuf',29,'morjsqbpq21i8wf9','DC 4') ON CONFLICT (recorder_id,channel_number) DO UPDATE SET camera_id=EXCLUDED.camera_id,description=EXCLUDED.description;
INSERT INTO camera_locations(camera_id,building_id,floor_id,sector,description) VALUES ('morjsqbpq21i8wf9',(SELECT id FROM buildings WHERE name='Anexo A'),(SELECT f.id FROM floors f JOIN buildings b ON b.id=f.building_id WHERE b.name='Anexo A' AND f.name='1ss' LIMIT 1),NULL,'DC 4') ON CONFLICT (camera_id) DO UPDATE SET building_id=EXCLUDED.building_id,floor_id=EXCLUDED.floor_id,description=EXCLUDED.description;
INSERT INTO camera_network_connections(camera_id,switch_port,rack_id) VALUES ('morjsqbpq21i8wf9',NULL,NULL) ON CONFLICT (camera_id) DO UPDATE SET switch_port=EXCLUDED.switch_port,rack_id=EXCLUDED.rack_id;
UPDATE cameras SET ip_address='10.14.30.13', description=COALESCE(NULLIF('DC 4',''),description) WHERE device_id='morjsqbpq21i8wf9';
INSERT INTO recorder_channels(recorder_id,channel_number,camera_id,description) VALUES ('morjsqbqvaqv5vuf',30,'morjsqbpmrswng74','DC 3') ON CONFLICT (recorder_id,channel_number) DO UPDATE SET camera_id=EXCLUDED.camera_id,description=EXCLUDED.description;
INSERT INTO camera_locations(camera_id,building_id,floor_id,sector,description) VALUES ('morjsqbpmrswng74',(SELECT id FROM buildings WHERE name='Anexo A'),(SELECT f.id FROM floors f JOIN buildings b ON b.id=f.building_id WHERE b.name='Anexo A' AND f.name='1ss' LIMIT 1),NULL,'DC 3') ON CONFLICT (camera_id) DO UPDATE SET building_id=EXCLUDED.building_id,floor_id=EXCLUDED.floor_id,description=EXCLUDED.description;
INSERT INTO camera_network_connections(camera_id,switch_port,rack_id) VALUES ('morjsqbpmrswng74',NULL,NULL) ON CONFLICT (camera_id) DO UPDATE SET switch_port=EXCLUDED.switch_port,rack_id=EXCLUDED.rack_id;
UPDATE cameras SET ip_address='10.14.30.14', description=COALESCE(NULLIF('DC 3',''),description) WHERE device_id='morjsqbpmrswng74';
INSERT INTO recorder_channels(recorder_id,channel_number,camera_id,description) VALUES ('morjsqbqvaqv5vuf',31,'morjsqbpzzvn4s1h','DC 5') ON CONFLICT (recorder_id,channel_number) DO UPDATE SET camera_id=EXCLUDED.camera_id,description=EXCLUDED.description;
INSERT INTO camera_locations(camera_id,building_id,floor_id,sector,description) VALUES ('morjsqbpzzvn4s1h',(SELECT id FROM buildings WHERE name='Anexo A'),(SELECT f.id FROM floors f JOIN buildings b ON b.id=f.building_id WHERE b.name='Anexo A' AND f.name='1ss' LIMIT 1),NULL,'DC 5') ON CONFLICT (camera_id) DO UPDATE SET building_id=EXCLUDED.building_id,floor_id=EXCLUDED.floor_id,description=EXCLUDED.description;
INSERT INTO camera_network_connections(camera_id,switch_port,rack_id) VALUES ('morjsqbpzzvn4s1h',NULL,NULL) ON CONFLICT (camera_id) DO UPDATE SET switch_port=EXCLUDED.switch_port,rack_id=EXCLUDED.rack_id;
UPDATE cameras SET ip_address='10.14.30.15', description=COALESCE(NULLIF('DC 5',''),description) WHERE device_id='morjsqbpzzvn4s1h';
INSERT INTO recorder_channels(recorder_id,channel_number,camera_id,description) VALUES ('morjsqbqvaqv5vuf',32,'morjsqbpfs8veqxz','DC 6') ON CONFLICT (recorder_id,channel_number) DO UPDATE SET camera_id=EXCLUDED.camera_id,description=EXCLUDED.description;
INSERT INTO camera_locations(camera_id,building_id,floor_id,sector,description) VALUES ('morjsqbpfs8veqxz',(SELECT id FROM buildings WHERE name='Anexo A'),(SELECT f.id FROM floors f JOIN buildings b ON b.id=f.building_id WHERE b.name='Anexo A' AND f.name='1ss' LIMIT 1),NULL,'DC 6') ON CONFLICT (camera_id) DO UPDATE SET building_id=EXCLUDED.building_id,floor_id=EXCLUDED.floor_id,description=EXCLUDED.description;
INSERT INTO camera_network_connections(camera_id,switch_port,rack_id) VALUES ('morjsqbpfs8veqxz',NULL,NULL) ON CONFLICT (camera_id) DO UPDATE SET switch_port=EXCLUDED.switch_port,rack_id=EXCLUDED.rack_id;
UPDATE cameras SET ip_address='10.14.30.16', description=COALESCE(NULLIF('DC 6',''),description) WHERE device_id='morjsqbpfs8veqxz';
INSERT INTO recorder_channels(recorder_id,channel_number,camera_id,description) VALUES ('morjsqbqvaqv5vuf',33,'morjsqbpr3oxu4p7','DC EXT 1') ON CONFLICT (recorder_id,channel_number) DO UPDATE SET camera_id=EXCLUDED.camera_id,description=EXCLUDED.description;
INSERT INTO camera_locations(camera_id,building_id,floor_id,sector,description) VALUES ('morjsqbpr3oxu4p7',(SELECT id FROM buildings WHERE name='Anexo A'),(SELECT f.id FROM floors f JOIN buildings b ON b.id=f.building_id WHERE b.name='Anexo A' AND f.name='1ss' LIMIT 1),NULL,'DC EXT 1') ON CONFLICT (camera_id) DO UPDATE SET building_id=EXCLUDED.building_id,floor_id=EXCLUDED.floor_id,description=EXCLUDED.description;
INSERT INTO camera_network_connections(camera_id,switch_port,rack_id) VALUES ('morjsqbpr3oxu4p7',NULL,NULL) ON CONFLICT (camera_id) DO UPDATE SET switch_port=EXCLUDED.switch_port,rack_id=EXCLUDED.rack_id;
UPDATE cameras SET ip_address='10.14.30.17', description=COALESCE(NULLIF('DC EXT 1',''),description) WHERE device_id='morjsqbpr3oxu4p7';
INSERT INTO recorder_channels(recorder_id,channel_number,camera_id,description) VALUES ('morjsqbqvaqv5vuf',34,'morjsqbpv0nscezk','DC EXT 2') ON CONFLICT (recorder_id,channel_number) DO UPDATE SET camera_id=EXCLUDED.camera_id,description=EXCLUDED.description;
INSERT INTO camera_locations(camera_id,building_id,floor_id,sector,description) VALUES ('morjsqbpv0nscezk',(SELECT id FROM buildings WHERE name='Anexo A'),(SELECT f.id FROM floors f JOIN buildings b ON b.id=f.building_id WHERE b.name='Anexo A' AND f.name='1ss' LIMIT 1),NULL,'DC EXT 2') ON CONFLICT (camera_id) DO UPDATE SET building_id=EXCLUDED.building_id,floor_id=EXCLUDED.floor_id,description=EXCLUDED.description;
INSERT INTO camera_network_connections(camera_id,switch_port,rack_id) VALUES ('morjsqbpv0nscezk',NULL,NULL) ON CONFLICT (camera_id) DO UPDATE SET switch_port=EXCLUDED.switch_port,rack_id=EXCLUDED.rack_id;
UPDATE cameras SET ip_address='10.14.30.18', description=COALESCE(NULLIF('DC EXT 2',''),description) WHERE device_id='morjsqbpv0nscezk';
INSERT INTO recorder_channels(recorder_id,channel_number,camera_id,description) VALUES ('morjsqbqvaqv5vuf',35,'morjsqbqb57p9kvz','INGRESO BAJO RECINTO') ON CONFLICT (recorder_id,channel_number) DO UPDATE SET camera_id=EXCLUDED.camera_id,description=EXCLUDED.description;
INSERT INTO camera_locations(camera_id,building_id,floor_id,sector,description) VALUES ('morjsqbqb57p9kvz',(SELECT id FROM buildings WHERE name='Palacio'),(SELECT f.id FROM floors f JOIN buildings b ON b.id=f.building_id WHERE b.name='Palacio' AND f.name='PB' LIMIT 1),NULL,'INGRESO BAJO RECINTO') ON CONFLICT (camera_id) DO UPDATE SET building_id=EXCLUDED.building_id,floor_id=EXCLUDED.floor_id,description=EXCLUDED.description;
INSERT INTO camera_network_connections(camera_id,switch_port,rack_id) VALUES ('morjsqbqb57p9kvz',NULL,(SELECT r.id FROM racks r JOIN buildings b ON b.id=r.building_id LEFT JOIN floors f ON f.id=r.floor_id WHERE b.name='Palacio' AND r.code='0001' AND f.name='PB' LIMIT 1)) ON CONFLICT (camera_id) DO UPDATE SET switch_port=EXCLUDED.switch_port,rack_id=EXCLUDED.rack_id;
UPDATE cameras SET ip_address='10.1.30.30', description=COALESCE(NULLIF('INGRESO BAJO RECINTO',''),description) WHERE device_id='morjsqbqb57p9kvz';
INSERT INTO recorder_channels(recorder_id,channel_number,camera_id,description) VALUES ('morjsqbqvaqv5vuf',36,'morjsqbq077j67e2','PALACIO 1P PASILLO A SENADO') ON CONFLICT (recorder_id,channel_number) DO UPDATE SET camera_id=EXCLUDED.camera_id,description=EXCLUDED.description;
INSERT INTO camera_locations(camera_id,building_id,floor_id,sector,description) VALUES ('morjsqbq077j67e2',(SELECT id FROM buildings WHERE name='Palacio'),(SELECT f.id FROM floors f JOIN buildings b ON b.id=f.building_id WHERE b.name='Palacio' AND f.name='01' LIMIT 1),NULL,'PALACIO 1P PASILLO A SENADO') ON CONFLICT (camera_id) DO UPDATE SET building_id=EXCLUDED.building_id,floor_id=EXCLUDED.floor_id,description=EXCLUDED.description;
INSERT INTO camera_network_connections(camera_id,switch_port,rack_id) VALUES ('morjsqbq077j67e2','1/0/40',(SELECT r.id FROM racks r JOIN buildings b ON b.id=r.building_id LEFT JOIN floors f ON f.id=r.floor_id WHERE b.name='Palacio' AND r.code='0025' AND f.name='01' LIMIT 1)) ON CONFLICT (camera_id) DO UPDATE SET switch_port=EXCLUDED.switch_port,rack_id=EXCLUDED.rack_id;
UPDATE cameras SET ip_address='10.3.30.7', description=COALESCE(NULLIF('PALACIO 1P PASILLO A SENADO',''),description) WHERE device_id='morjsqbq077j67e2';
INSERT INTO recorder_channels(recorder_id,channel_number,camera_id,description) VALUES ('morjsqbqvaqv5vuf',37,'morjsqbqknyc7vwn','PALACIO 3P ALA ENTRE RIOS') ON CONFLICT (recorder_id,channel_number) DO UPDATE SET camera_id=EXCLUDED.camera_id,description=EXCLUDED.description;
INSERT INTO camera_locations(camera_id,building_id,floor_id,sector,description) VALUES ('morjsqbqknyc7vwn',(SELECT id FROM buildings WHERE name='Palacio'),(SELECT f.id FROM floors f JOIN buildings b ON b.id=f.building_id WHERE b.name='Palacio' AND f.name='03' LIMIT 1),NULL,'PALACIO 3P ALA ENTRE RIOS') ON CONFLICT (camera_id) DO UPDATE SET building_id=EXCLUDED.building_id,floor_id=EXCLUDED.floor_id,description=EXCLUDED.description;
INSERT INTO camera_network_connections(camera_id,switch_port,rack_id) VALUES ('morjsqbqknyc7vwn',NULL,NULL) ON CONFLICT (camera_id) DO UPDATE SET switch_port=EXCLUDED.switch_port,rack_id=EXCLUDED.rack_id;
UPDATE cameras SET ip_address='10.3.30.8', description=COALESCE(NULLIF('PALACIO 3P ALA ENTRE RIOS',''),description) WHERE device_id='morjsqbqknyc7vwn';
INSERT INTO recorder_channels(recorder_id,channel_number,camera_id,description) VALUES ('morjsqbqvaqv5vuf',38,'morjsqbqepj8pdah','SS AUTOMOTORES') ON CONFLICT (recorder_id,channel_number) DO UPDATE SET camera_id=EXCLUDED.camera_id,description=EXCLUDED.description;
INSERT INTO camera_locations(camera_id,building_id,floor_id,sector,description) VALUES ('morjsqbqepj8pdah',(SELECT id FROM buildings WHERE name='Anexo D'),(SELECT f.id FROM floors f JOIN buildings b ON b.id=f.building_id WHERE b.name='Anexo D' AND f.name='1ss' LIMIT 1),NULL,'SS AUTOMOTORES') ON CONFLICT (camera_id) DO UPDATE SET building_id=EXCLUDED.building_id,floor_id=EXCLUDED.floor_id,description=EXCLUDED.description;
INSERT INTO camera_network_connections(camera_id,switch_port,rack_id) VALUES ('morjsqbqepj8pdah','1/0/24',NULL) ON CONFLICT (camera_id) DO UPDATE SET switch_port=EXCLUDED.switch_port,rack_id=EXCLUDED.rack_id;
UPDATE cameras SET ip_address='10.41.30.18', description=COALESCE(NULLIF('SS AUTOMOTORES',''),description) WHERE device_id='morjsqbqepj8pdah';
INSERT INTO recorder_channels(recorder_id,channel_number,camera_id,description) VALUES ('morjsqbqvaqv5vuf',39,'morjsqbqk6bk80u0','RECINTO CATERING 1') ON CONFLICT (recorder_id,channel_number) DO UPDATE SET camera_id=EXCLUDED.camera_id,description=EXCLUDED.description;
INSERT INTO camera_locations(camera_id,building_id,floor_id,sector,description) VALUES ('morjsqbqk6bk80u0',(SELECT id FROM buildings WHERE name='Palacio'),(SELECT f.id FROM floors f JOIN buildings b ON b.id=f.building_id WHERE b.name='Palacio' AND f.name='PB' LIMIT 1),NULL,'RECINTO CATERING 1') ON CONFLICT (camera_id) DO UPDATE SET building_id=EXCLUDED.building_id,floor_id=EXCLUDED.floor_id,description=EXCLUDED.description;
INSERT INTO camera_network_connections(camera_id,switch_port,rack_id) VALUES ('morjsqbqk6bk80u0',NULL,NULL) ON CONFLICT (camera_id) DO UPDATE SET switch_port=EXCLUDED.switch_port,rack_id=EXCLUDED.rack_id;
UPDATE cameras SET ip_address='10.1.30.33', description=COALESCE(NULLIF('RECINTO CATERING 1',''),description) WHERE device_id='morjsqbqk6bk80u0';
INSERT INTO recorder_channels(recorder_id,channel_number,camera_id,description) VALUES ('morjsqbqvaqv5vuf',40,'morjsqbqrqbjz21g','PASCO DEPOSITO 2') ON CONFLICT (recorder_id,channel_number) DO UPDATE SET camera_id=EXCLUDED.camera_id,description=EXCLUDED.description;
INSERT INTO camera_locations(camera_id,building_id,floor_id,sector,description) VALUES ('morjsqbqrqbjz21g',(SELECT id FROM buildings WHERE name='Pasco 650'),(SELECT f.id FROM floors f JOIN buildings b ON b.id=f.building_id WHERE b.name='Pasco 650' AND f.name='01' LIMIT 1),NULL,'PASCO DEPOSITO 2') ON CONFLICT (camera_id) DO UPDATE SET building_id=EXCLUDED.building_id,floor_id=EXCLUDED.floor_id,description=EXCLUDED.description;
INSERT INTO camera_network_connections(camera_id,switch_port,rack_id) VALUES ('morjsqbqrqbjz21g','1/0/15',(SELECT r.id FROM racks r JOIN buildings b ON b.id=r.building_id LEFT JOIN floors f ON f.id=r.floor_id WHERE b.name='Pasco 650' AND r.code='1501' AND f.name='01' LIMIT 1)) ON CONFLICT (camera_id) DO UPDATE SET switch_port=EXCLUDED.switch_port,rack_id=EXCLUDED.rack_id;
UPDATE cameras SET ip_address='10.91.30.18', description=COALESCE(NULLIF('PASCO DEPOSITO 2',''),description) WHERE device_id='morjsqbqrqbjz21g';
INSERT INTO recorder_channels(recorder_id,channel_number,camera_id,description) VALUES ('morjsqbqvaqv5vuf',41,'morjsqbqagages10','1P ASCENSOR 7') ON CONFLICT (recorder_id,channel_number) DO UPDATE SET camera_id=EXCLUDED.camera_id,description=EXCLUDED.description;
INSERT INTO camera_locations(camera_id,building_id,floor_id,sector,description) VALUES ('morjsqbqagages10',(SELECT id FROM buildings WHERE name='Palacio'),(SELECT f.id FROM floors f JOIN buildings b ON b.id=f.building_id WHERE b.name='Palacio' AND f.name='01' LIMIT 1),NULL,'1P ASCENSOR 7') ON CONFLICT (camera_id) DO UPDATE SET building_id=EXCLUDED.building_id,floor_id=EXCLUDED.floor_id,description=EXCLUDED.description;
INSERT INTO camera_network_connections(camera_id,switch_port,rack_id) VALUES ('morjsqbqagages10',NULL,NULL) ON CONFLICT (camera_id) DO UPDATE SET switch_port=EXCLUDED.switch_port,rack_id=EXCLUDED.rack_id;
UPDATE cameras SET ip_address='10.2.30.1', description=COALESCE(NULLIF('1P ASCENSOR 7',''),description) WHERE device_id='morjsqbqagages10';
INSERT INTO recorder_channels(recorder_id,channel_number,camera_id,description) VALUES ('morjsqbqvaqv5vuf',42,'morjsqbq6tlhvhn9','PALACIO RECINTO CATERING 2') ON CONFLICT (recorder_id,channel_number) DO UPDATE SET camera_id=EXCLUDED.camera_id,description=EXCLUDED.description;
INSERT INTO camera_locations(camera_id,building_id,floor_id,sector,description) VALUES ('morjsqbq6tlhvhn9',(SELECT id FROM buildings WHERE name='Palacio'),(SELECT f.id FROM floors f JOIN buildings b ON b.id=f.building_id WHERE b.name='Palacio' AND f.name='PB' LIMIT 1),NULL,'PALACIO RECINTO CATERING 2') ON CONFLICT (camera_id) DO UPDATE SET building_id=EXCLUDED.building_id,floor_id=EXCLUDED.floor_id,description=EXCLUDED.description;
INSERT INTO camera_network_connections(camera_id,switch_port,rack_id) VALUES ('morjsqbq6tlhvhn9',NULL,NULL) ON CONFLICT (camera_id) DO UPDATE SET switch_port=EXCLUDED.switch_port,rack_id=EXCLUDED.rack_id;
UPDATE cameras SET ip_address='10.1.30.34', description=COALESCE(NULLIF('PALACIO RECINTO CATERING 2',''),description) WHERE device_id='morjsqbq6tlhvhn9';
INSERT INTO recorder_channels(recorder_id,channel_number,camera_id,description) VALUES ('morjsqbqvaqv5vuf',43,'morjsqbq48kusafb','DTV SALA STREAMING') ON CONFLICT (recorder_id,channel_number) DO UPDATE SET camera_id=EXCLUDED.camera_id,description=EXCLUDED.description;
INSERT INTO camera_locations(camera_id,building_id,floor_id,sector,description) VALUES ('morjsqbq48kusafb',(SELECT id FROM buildings WHERE name='Anexo C'),(SELECT f.id FROM floors f JOIN buildings b ON b.id=f.building_id WHERE b.name='Anexo C' AND f.name='PB' LIMIT 1),NULL,'DTV SALA STREAMING') ON CONFLICT (camera_id) DO UPDATE SET building_id=EXCLUDED.building_id,floor_id=EXCLUDED.floor_id,description=EXCLUDED.description;
INSERT INTO camera_network_connections(camera_id,switch_port,rack_id) VALUES ('morjsqbq48kusafb',NULL,NULL) ON CONFLICT (camera_id) DO UPDATE SET switch_port=EXCLUDED.switch_port,rack_id=EXCLUDED.rack_id;
UPDATE cameras SET ip_address='10.31.30.19', description=COALESCE(NULLIF('DTV SALA STREAMING',''),description) WHERE device_id='morjsqbq48kusafb';
INSERT INTO recorder_channels(recorder_id,channel_number,camera_id,description) VALUES ('morjsqbqvaqv5vuf',44,'morjsqbqduad9ob5','PALACIO 2P MUSEO 1') ON CONFLICT (recorder_id,channel_number) DO UPDATE SET camera_id=EXCLUDED.camera_id,description=EXCLUDED.description;
INSERT INTO camera_locations(camera_id,building_id,floor_id,sector,description) VALUES ('morjsqbqduad9ob5',(SELECT id FROM buildings WHERE name='Palacio'),(SELECT f.id FROM floors f JOIN buildings b ON b.id=f.building_id WHERE b.name='Palacio' AND f.name='02' LIMIT 1),NULL,'PALACIO 2P MUSEO 1') ON CONFLICT (camera_id) DO UPDATE SET building_id=EXCLUDED.building_id,floor_id=EXCLUDED.floor_id,description=EXCLUDED.description;
INSERT INTO camera_network_connections(camera_id,switch_port,rack_id) VALUES ('morjsqbqduad9ob5',NULL,NULL) ON CONFLICT (camera_id) DO UPDATE SET switch_port=EXCLUDED.switch_port,rack_id=EXCLUDED.rack_id;
UPDATE cameras SET ip_address='10.3.30.11', description=COALESCE(NULLIF('PALACIO 2P MUSEO 1',''),description) WHERE device_id='morjsqbqduad9ob5';
INSERT INTO recorder_channels(recorder_id,channel_number,camera_id,description) VALUES ('morjsqbqvaqv5vuf',45,'morjsqbqpilp308g','PALACIO 2P MUSEO 2') ON CONFLICT (recorder_id,channel_number) DO UPDATE SET camera_id=EXCLUDED.camera_id,description=EXCLUDED.description;
INSERT INTO camera_locations(camera_id,building_id,floor_id,sector,description) VALUES ('morjsqbqpilp308g',(SELECT id FROM buildings WHERE name='Palacio'),(SELECT f.id FROM floors f JOIN buildings b ON b.id=f.building_id WHERE b.name='Palacio' AND f.name='02' LIMIT 1),NULL,'PALACIO 2P MUSEO 2') ON CONFLICT (camera_id) DO UPDATE SET building_id=EXCLUDED.building_id,floor_id=EXCLUDED.floor_id,description=EXCLUDED.description;
INSERT INTO camera_network_connections(camera_id,switch_port,rack_id) VALUES ('morjsqbqpilp308g',NULL,NULL) ON CONFLICT (camera_id) DO UPDATE SET switch_port=EXCLUDED.switch_port,rack_id=EXCLUDED.rack_id;
UPDATE cameras SET ip_address='10.3.30.12', description=COALESCE(NULLIF('PALACIO 2P MUSEO 2',''),description) WHERE device_id='morjsqbqpilp308g';
INSERT INTO recorder_channels(recorder_id,channel_number,camera_id,description) VALUES ('morjsqbqvaqv5vuf',46,'morjsqbpdtrhntdk','EP2 COCINA') ON CONFLICT (recorder_id,channel_number) DO UPDATE SET camera_id=EXCLUDED.camera_id,description=EXCLUDED.description;
INSERT INTO camera_locations(camera_id,building_id,floor_id,sector,description) VALUES ('morjsqbpdtrhntdk',(SELECT id FROM buildings WHERE name='Anexo A'),(SELECT f.id FROM floors f JOIN buildings b ON b.id=f.building_id WHERE b.name='Anexo A' AND f.name='01' LIMIT 1),NULL,'EP2 COCINA') ON CONFLICT (camera_id) DO UPDATE SET building_id=EXCLUDED.building_id,floor_id=EXCLUDED.floor_id,description=EXCLUDED.description;
INSERT INTO camera_network_connections(camera_id,switch_port,rack_id) VALUES ('morjsqbpdtrhntdk','4/0/46',(SELECT r.id FROM racks r JOIN buildings b ON b.id=r.building_id LEFT JOIN floors f ON f.id=r.floor_id WHERE b.name='Anexo A' AND r.code='0141' AND f.name='01' LIMIT 1)) ON CONFLICT (camera_id) DO UPDATE SET switch_port=EXCLUDED.switch_port,rack_id=EXCLUDED.rack_id;
UPDATE cameras SET ip_address='10.12.30.14', description=COALESCE(NULLIF('EP2 COCINA',''),description) WHERE device_id='morjsqbpdtrhntdk';
INSERT INTO recorder_channels(recorder_id,channel_number,camera_id,description) VALUES ('morjsqbqvaqv5vuf',47,'morjsqbq936tvgec','EP2 MOSTRADOR COMEDOR') ON CONFLICT (recorder_id,channel_number) DO UPDATE SET camera_id=EXCLUDED.camera_id,description=EXCLUDED.description;
INSERT INTO camera_locations(camera_id,building_id,floor_id,sector,description) VALUES ('morjsqbq936tvgec',(SELECT id FROM buildings WHERE name='Anexo A'),(SELECT f.id FROM floors f JOIN buildings b ON b.id=f.building_id WHERE b.name='Anexo A' AND f.name='01' LIMIT 1),NULL,'EP2 MOSTRADOR COMEDOR') ON CONFLICT (camera_id) DO UPDATE SET building_id=EXCLUDED.building_id,floor_id=EXCLUDED.floor_id,description=EXCLUDED.description;
INSERT INTO camera_network_connections(camera_id,switch_port,rack_id) VALUES ('morjsqbq936tvgec','4/0/45',(SELECT r.id FROM racks r JOIN buildings b ON b.id=r.building_id LEFT JOIN floors f ON f.id=r.floor_id WHERE b.name='Anexo A' AND r.code='0141' AND f.name='01' LIMIT 1)) ON CONFLICT (camera_id) DO UPDATE SET switch_port=EXCLUDED.switch_port,rack_id=EXCLUDED.rack_id;
UPDATE cameras SET ip_address='10.12.30.15', description=COALESCE(NULLIF('EP2 MOSTRADOR COMEDOR',''),description) WHERE device_id='morjsqbq936tvgec';
INSERT INTO recorder_channels(recorder_id,channel_number,camera_id,description) VALUES ('morjsqbqvaqv5vuf',48,'morjsqbqzjnym4p7','2SS DEPOSITO GASTRONOMIA') ON CONFLICT (recorder_id,channel_number) DO UPDATE SET camera_id=EXCLUDED.camera_id,description=EXCLUDED.description;
INSERT INTO camera_locations(camera_id,building_id,floor_id,sector,description) VALUES ('morjsqbqzjnym4p7',(SELECT id FROM buildings WHERE name='Anexo A'),(SELECT f.id FROM floors f JOIN buildings b ON b.id=f.building_id WHERE b.name='Anexo A' AND f.name='1ss' LIMIT 1),NULL,'2SS DEPOSITO GASTRONOMIA') ON CONFLICT (camera_id) DO UPDATE SET building_id=EXCLUDED.building_id,floor_id=EXCLUDED.floor_id,description=EXCLUDED.description;
INSERT INTO camera_network_connections(camera_id,switch_port,rack_id) VALUES ('morjsqbqzjnym4p7','2/0/24',(SELECT r.id FROM racks r JOIN buildings b ON b.id=r.building_id LEFT JOIN floors f ON f.id=r.floor_id WHERE b.name='Anexo A' AND r.code='0127' AND f.name='1ss' LIMIT 1)) ON CONFLICT (camera_id) DO UPDATE SET switch_port=EXCLUDED.switch_port,rack_id=EXCLUDED.rack_id;
UPDATE cameras SET ip_address='10.11.30.84', description=COALESCE(NULLIF('2SS DEPOSITO GASTRONOMIA',''),description) WHERE device_id='morjsqbqzjnym4p7';
INSERT INTO recorder_channels(recorder_id,channel_number,camera_id,description) VALUES ('morjsqbqvaqv5vuf',49,'morjsqbqjy7cwzsl','P12 PASILLO MITRE') ON CONFLICT (recorder_id,channel_number) DO UPDATE SET camera_id=EXCLUDED.camera_id,description=EXCLUDED.description;
INSERT INTO camera_locations(camera_id,building_id,floor_id,sector,description) VALUES ('morjsqbqjy7cwzsl',(SELECT id FROM buildings WHERE name='Anexo A'),(SELECT f.id FROM floors f JOIN buildings b ON b.id=f.building_id WHERE b.name='Anexo A' AND f.name='13' LIMIT 1),NULL,'P12 PASILLO MITRE') ON CONFLICT (camera_id) DO UPDATE SET building_id=EXCLUDED.building_id,floor_id=EXCLUDED.floor_id,description=EXCLUDED.description;
INSERT INTO camera_network_connections(camera_id,switch_port,rack_id) VALUES ('morjsqbqjy7cwzsl','6/0/41',(SELECT r.id FROM racks r JOIN buildings b ON b.id=r.building_id LEFT JOIN floors f ON f.id=r.floor_id WHERE b.name='Anexo A' AND r.code='0180' AND f.name='13' LIMIT 1)) ON CONFLICT (camera_id) DO UPDATE SET switch_port=EXCLUDED.switch_port,rack_id=EXCLUDED.rack_id;
UPDATE cameras SET ip_address='10.16.30.24', description=COALESCE(NULLIF('P12 PASILLO MITRE',''),description) WHERE device_id='morjsqbqjy7cwzsl';
INSERT INTO recorder_channels(recorder_id,channel_number,camera_id,description) VALUES ('morjsqbqvaqv5vuf',50,'morjsqbqgnxtslzf','P12 PASILLO CENTRAL 2') ON CONFLICT (recorder_id,channel_number) DO UPDATE SET camera_id=EXCLUDED.camera_id,description=EXCLUDED.description;
INSERT INTO camera_locations(camera_id,building_id,floor_id,sector,description) VALUES ('morjsqbqgnxtslzf',(SELECT id FROM buildings WHERE name='Anexo A'),(SELECT f.id FROM floors f JOIN buildings b ON b.id=f.building_id WHERE b.name='Anexo A' AND f.name='13' LIMIT 1),NULL,'P12 PASILLO CENTRAL 2') ON CONFLICT (camera_id) DO UPDATE SET building_id=EXCLUDED.building_id,floor_id=EXCLUDED.floor_id,description=EXCLUDED.description;
INSERT INTO camera_network_connections(camera_id,switch_port,rack_id) VALUES ('morjsqbqgnxtslzf','6/0/42',(SELECT r.id FROM racks r JOIN buildings b ON b.id=r.building_id LEFT JOIN floors f ON f.id=r.floor_id WHERE b.name='Anexo A' AND r.code='0180' AND f.name='13' LIMIT 1)) ON CONFLICT (camera_id) DO UPDATE SET switch_port=EXCLUDED.switch_port,rack_id=EXCLUDED.rack_id;
UPDATE cameras SET ip_address='10.16.30.25', description=COALESCE(NULLIF('P12 PASILLO CENTRAL 2',''),description) WHERE device_id='morjsqbqgnxtslzf';
INSERT INTO recorder_channels(recorder_id,channel_number,camera_id,description) VALUES ('morjsqbqvaqv5vuf',51,'morjsqbqhx4gw4r3','P12 PASILLO RIVADAVIA') ON CONFLICT (recorder_id,channel_number) DO UPDATE SET camera_id=EXCLUDED.camera_id,description=EXCLUDED.description;
INSERT INTO camera_locations(camera_id,building_id,floor_id,sector,description) VALUES ('morjsqbqhx4gw4r3',(SELECT id FROM buildings WHERE name='Anexo A'),(SELECT f.id FROM floors f JOIN buildings b ON b.id=f.building_id WHERE b.name='Anexo A' AND f.name='13' LIMIT 1),NULL,'P12 PASILLO RIVADAVIA') ON CONFLICT (camera_id) DO UPDATE SET building_id=EXCLUDED.building_id,floor_id=EXCLUDED.floor_id,description=EXCLUDED.description;
INSERT INTO camera_network_connections(camera_id,switch_port,rack_id) VALUES ('morjsqbqhx4gw4r3','6/0/43',(SELECT r.id FROM racks r JOIN buildings b ON b.id=r.building_id LEFT JOIN floors f ON f.id=r.floor_id WHERE b.name='Anexo A' AND r.code='0180' AND f.name='13' LIMIT 1)) ON CONFLICT (camera_id) DO UPDATE SET switch_port=EXCLUDED.switch_port,rack_id=EXCLUDED.rack_id;
UPDATE cameras SET ip_address='10.16.30.26', description=COALESCE(NULLIF('P12 PASILLO RIVADAVIA',''),description) WHERE device_id='morjsqbqhx4gw4r3';
INSERT INTO recorder_channels(recorder_id,channel_number,camera_id,description) VALUES ('morjsqbqvaqv5vuf',52,'morjsqbqt84iysmu','P10 PASILLO MITRE') ON CONFLICT (recorder_id,channel_number) DO UPDATE SET camera_id=EXCLUDED.camera_id,description=EXCLUDED.description;
INSERT INTO camera_locations(camera_id,building_id,floor_id,sector,description) VALUES ('morjsqbqt84iysmu',(SELECT id FROM buildings WHERE name='Anexo A'),(SELECT f.id FROM floors f JOIN buildings b ON b.id=f.building_id WHERE b.name='Anexo A' AND f.name='11' LIMIT 1),NULL,'P10 PASILLO MITRE') ON CONFLICT (camera_id) DO UPDATE SET building_id=EXCLUDED.building_id,floor_id=EXCLUDED.floor_id,description=EXCLUDED.description;
INSERT INTO camera_network_connections(camera_id,switch_port,rack_id) VALUES ('morjsqbqt84iysmu','6/0/41',(SELECT r.id FROM racks r JOIN buildings b ON b.id=r.building_id LEFT JOIN floors f ON f.id=r.floor_id WHERE b.name='Anexo A' AND r.code='0176' AND f.name='11' LIMIT 1)) ON CONFLICT (camera_id) DO UPDATE SET switch_port=EXCLUDED.switch_port,rack_id=EXCLUDED.rack_id;
UPDATE cameras SET ip_address='10.16.30.27', description=COALESCE(NULLIF('P10 PASILLO MITRE',''),description) WHERE device_id='morjsqbqt84iysmu';
INSERT INTO recorder_channels(recorder_id,channel_number,camera_id,description) VALUES ('morjsqbqvaqv5vuf',53,'morjsqbqo4bl124c','P10 PASILLO CENTRAL 2') ON CONFLICT (recorder_id,channel_number) DO UPDATE SET camera_id=EXCLUDED.camera_id,description=EXCLUDED.description;
INSERT INTO camera_locations(camera_id,building_id,floor_id,sector,description) VALUES ('morjsqbqo4bl124c',(SELECT id FROM buildings WHERE name='Anexo A'),(SELECT f.id FROM floors f JOIN buildings b ON b.id=f.building_id WHERE b.name='Anexo A' AND f.name='11' LIMIT 1),NULL,'P10 PASILLO CENTRAL 2') ON CONFLICT (camera_id) DO UPDATE SET building_id=EXCLUDED.building_id,floor_id=EXCLUDED.floor_id,description=EXCLUDED.description;
INSERT INTO camera_network_connections(camera_id,switch_port,rack_id) VALUES ('morjsqbqo4bl124c','6/0/42',(SELECT r.id FROM racks r JOIN buildings b ON b.id=r.building_id LEFT JOIN floors f ON f.id=r.floor_id WHERE b.name='Anexo A' AND r.code='0176' AND f.name='11' LIMIT 1)) ON CONFLICT (camera_id) DO UPDATE SET switch_port=EXCLUDED.switch_port,rack_id=EXCLUDED.rack_id;
UPDATE cameras SET ip_address='10.16.30.28', description=COALESCE(NULLIF('P10 PASILLO CENTRAL 2',''),description) WHERE device_id='morjsqbqo4bl124c';
INSERT INTO recorder_channels(recorder_id,channel_number,camera_id,description) VALUES ('morjsqbqvaqv5vuf',54,'morjsqbqu4d3n73k','P10 PASILLO RIVADAVIA') ON CONFLICT (recorder_id,channel_number) DO UPDATE SET camera_id=EXCLUDED.camera_id,description=EXCLUDED.description;
INSERT INTO camera_locations(camera_id,building_id,floor_id,sector,description) VALUES ('morjsqbqu4d3n73k',(SELECT id FROM buildings WHERE name='Anexo A'),(SELECT f.id FROM floors f JOIN buildings b ON b.id=f.building_id WHERE b.name='Anexo A' AND f.name='11' LIMIT 1),NULL,'P10 PASILLO RIVADAVIA') ON CONFLICT (camera_id) DO UPDATE SET building_id=EXCLUDED.building_id,floor_id=EXCLUDED.floor_id,description=EXCLUDED.description;
INSERT INTO camera_network_connections(camera_id,switch_port,rack_id) VALUES ('morjsqbqu4d3n73k','6/0/43',(SELECT r.id FROM racks r JOIN buildings b ON b.id=r.building_id LEFT JOIN floors f ON f.id=r.floor_id WHERE b.name='Anexo A' AND r.code='0176' AND f.name='11' LIMIT 1)) ON CONFLICT (camera_id) DO UPDATE SET switch_port=EXCLUDED.switch_port,rack_id=EXCLUDED.rack_id;
UPDATE cameras SET ip_address='10.16.30.29', description=COALESCE(NULLIF('P10 PASILLO RIVADAVIA',''),description) WHERE device_id='morjsqbqu4d3n73k';
INSERT INTO recorder_channels(recorder_id,channel_number,camera_id,description) VALUES ('morjsqbqvaqv5vuf',55,'morjsqbq86y3ppii','P8 PASILLO MITRE') ON CONFLICT (recorder_id,channel_number) DO UPDATE SET camera_id=EXCLUDED.camera_id,description=EXCLUDED.description;
INSERT INTO camera_locations(camera_id,building_id,floor_id,sector,description) VALUES ('morjsqbq86y3ppii',(SELECT id FROM buildings WHERE name='Anexo A'),(SELECT f.id FROM floors f JOIN buildings b ON b.id=f.building_id WHERE b.name='Anexo A' AND f.name='09' LIMIT 1),NULL,'P8 PASILLO MITRE') ON CONFLICT (camera_id) DO UPDATE SET building_id=EXCLUDED.building_id,floor_id=EXCLUDED.floor_id,description=EXCLUDED.description;
INSERT INTO camera_network_connections(camera_id,switch_port,rack_id) VALUES ('morjsqbq86y3ppii','6/0/41',(SELECT r.id FROM racks r JOIN buildings b ON b.id=r.building_id LEFT JOIN floors f ON f.id=r.floor_id WHERE b.name='Anexo A' AND r.code='0170' AND f.name='09' LIMIT 1)) ON CONFLICT (camera_id) DO UPDATE SET switch_port=EXCLUDED.switch_port,rack_id=EXCLUDED.rack_id;
UPDATE cameras SET ip_address='10.15.30.25', description=COALESCE(NULLIF('P8 PASILLO MITRE',''),description) WHERE device_id='morjsqbq86y3ppii';
INSERT INTO recorder_channels(recorder_id,channel_number,camera_id,description) VALUES ('morjsqbqvaqv5vuf',56,'morjsqbqur2rgp49','P8 PASILLO CENTRAL 2') ON CONFLICT (recorder_id,channel_number) DO UPDATE SET camera_id=EXCLUDED.camera_id,description=EXCLUDED.description;
INSERT INTO camera_locations(camera_id,building_id,floor_id,sector,description) VALUES ('morjsqbqur2rgp49',(SELECT id FROM buildings WHERE name='Anexo A'),(SELECT f.id FROM floors f JOIN buildings b ON b.id=f.building_id WHERE b.name='Anexo A' AND f.name='09' LIMIT 1),NULL,'P8 PASILLO CENTRAL 2') ON CONFLICT (camera_id) DO UPDATE SET building_id=EXCLUDED.building_id,floor_id=EXCLUDED.floor_id,description=EXCLUDED.description;
INSERT INTO camera_network_connections(camera_id,switch_port,rack_id) VALUES ('morjsqbqur2rgp49','6/0/42',(SELECT r.id FROM racks r JOIN buildings b ON b.id=r.building_id LEFT JOIN floors f ON f.id=r.floor_id WHERE b.name='Anexo A' AND r.code='0170' AND f.name='09' LIMIT 1)) ON CONFLICT (camera_id) DO UPDATE SET switch_port=EXCLUDED.switch_port,rack_id=EXCLUDED.rack_id;
UPDATE cameras SET ip_address='10.15.30.26', description=COALESCE(NULLIF('P8 PASILLO CENTRAL 2',''),description) WHERE device_id='morjsqbqur2rgp49';
INSERT INTO recorder_channels(recorder_id,channel_number,camera_id,description) VALUES ('morjsqbqvaqv5vuf',57,'morjsqbqs2d4vujq','P8 PASILLO RIVADAVIA') ON CONFLICT (recorder_id,channel_number) DO UPDATE SET camera_id=EXCLUDED.camera_id,description=EXCLUDED.description;
INSERT INTO camera_locations(camera_id,building_id,floor_id,sector,description) VALUES ('morjsqbqs2d4vujq',(SELECT id FROM buildings WHERE name='Anexo A'),(SELECT f.id FROM floors f JOIN buildings b ON b.id=f.building_id WHERE b.name='Anexo A' AND f.name='09' LIMIT 1),NULL,'P8 PASILLO RIVADAVIA') ON CONFLICT (camera_id) DO UPDATE SET building_id=EXCLUDED.building_id,floor_id=EXCLUDED.floor_id,description=EXCLUDED.description;
INSERT INTO camera_network_connections(camera_id,switch_port,rack_id) VALUES ('morjsqbqs2d4vujq','6/0/43',(SELECT r.id FROM racks r JOIN buildings b ON b.id=r.building_id LEFT JOIN floors f ON f.id=r.floor_id WHERE b.name='Anexo A' AND r.code='0170' AND f.name='09' LIMIT 1)) ON CONFLICT (camera_id) DO UPDATE SET switch_port=EXCLUDED.switch_port,rack_id=EXCLUDED.rack_id;
UPDATE cameras SET ip_address='10.15.30.27', description=COALESCE(NULLIF('P8 PASILLO RIVADAVIA',''),description) WHERE device_id='morjsqbqs2d4vujq';
INSERT INTO recorder_channels(recorder_id,channel_number,camera_id,description) VALUES ('morjsqbqvaqv5vuf',58,'morjsqbqjzwdgxa8','P6 PASILLO MITRE') ON CONFLICT (recorder_id,channel_number) DO UPDATE SET camera_id=EXCLUDED.camera_id,description=EXCLUDED.description;
INSERT INTO camera_locations(camera_id,building_id,floor_id,sector,description) VALUES ('morjsqbqjzwdgxa8',(SELECT id FROM buildings WHERE name='Anexo A'),(SELECT f.id FROM floors f JOIN buildings b ON b.id=f.building_id WHERE b.name='Anexo A' AND f.name='07' LIMIT 1),NULL,'P6 PASILLO MITRE') ON CONFLICT (camera_id) DO UPDATE SET building_id=EXCLUDED.building_id,floor_id=EXCLUDED.floor_id,description=EXCLUDED.description;
INSERT INTO camera_network_connections(camera_id,switch_port,rack_id) VALUES ('morjsqbqjzwdgxa8','6/0/41',(SELECT r.id FROM racks r JOIN buildings b ON b.id=r.building_id LEFT JOIN floors f ON f.id=r.floor_id WHERE b.name='Anexo A' AND r.code='0165' AND f.name='07' LIMIT 1)) ON CONFLICT (camera_id) DO UPDATE SET switch_port=EXCLUDED.switch_port,rack_id=EXCLUDED.rack_id;
UPDATE cameras SET ip_address='10.15.30.28', description=COALESCE(NULLIF('P6 PASILLO MITRE',''),description) WHERE device_id='morjsqbqjzwdgxa8';
INSERT INTO recorder_channels(recorder_id,channel_number,camera_id,description) VALUES ('morjsqbqvaqv5vuf',59,'morjsqbqylyhu91y','P6 PASILLO CENTRAL 2') ON CONFLICT (recorder_id,channel_number) DO UPDATE SET camera_id=EXCLUDED.camera_id,description=EXCLUDED.description;
INSERT INTO camera_locations(camera_id,building_id,floor_id,sector,description) VALUES ('morjsqbqylyhu91y',(SELECT id FROM buildings WHERE name='Anexo A'),(SELECT f.id FROM floors f JOIN buildings b ON b.id=f.building_id WHERE b.name='Anexo A' AND f.name='07' LIMIT 1),NULL,'P6 PASILLO CENTRAL 2') ON CONFLICT (camera_id) DO UPDATE SET building_id=EXCLUDED.building_id,floor_id=EXCLUDED.floor_id,description=EXCLUDED.description;
INSERT INTO camera_network_connections(camera_id,switch_port,rack_id) VALUES ('morjsqbqylyhu91y','6/0/42',(SELECT r.id FROM racks r JOIN buildings b ON b.id=r.building_id LEFT JOIN floors f ON f.id=r.floor_id WHERE b.name='Anexo A' AND r.code='0165' AND f.name='07' LIMIT 1)) ON CONFLICT (camera_id) DO UPDATE SET switch_port=EXCLUDED.switch_port,rack_id=EXCLUDED.rack_id;
UPDATE cameras SET ip_address='10.15.30.29', description=COALESCE(NULLIF('P6 PASILLO CENTRAL 2',''),description) WHERE device_id='morjsqbqylyhu91y';
INSERT INTO recorder_channels(recorder_id,channel_number,camera_id,description) VALUES ('morjsqbqvaqv5vuf',60,'morjsqbqzosnx8rs','P6 PASILLO RIVADAVIA') ON CONFLICT (recorder_id,channel_number) DO UPDATE SET camera_id=EXCLUDED.camera_id,description=EXCLUDED.description;
INSERT INTO camera_locations(camera_id,building_id,floor_id,sector,description) VALUES ('morjsqbqzosnx8rs',(SELECT id FROM buildings WHERE name='Anexo A'),(SELECT f.id FROM floors f JOIN buildings b ON b.id=f.building_id WHERE b.name='Anexo A' AND f.name='07' LIMIT 1),NULL,'P6 PASILLO RIVADAVIA') ON CONFLICT (camera_id) DO UPDATE SET building_id=EXCLUDED.building_id,floor_id=EXCLUDED.floor_id,description=EXCLUDED.description;
INSERT INTO camera_network_connections(camera_id,switch_port,rack_id) VALUES ('morjsqbqzosnx8rs','6/0/43',(SELECT r.id FROM racks r JOIN buildings b ON b.id=r.building_id LEFT JOIN floors f ON f.id=r.floor_id WHERE b.name='Anexo A' AND r.code='0165' AND f.name='07' LIMIT 1)) ON CONFLICT (camera_id) DO UPDATE SET switch_port=EXCLUDED.switch_port,rack_id=EXCLUDED.rack_id;
UPDATE cameras SET ip_address='10.15.30.30', description=COALESCE(NULLIF('P6 PASILLO RIVADAVIA',''),description) WHERE device_id='morjsqbqzosnx8rs';
INSERT INTO recorder_channels(recorder_id,channel_number,camera_id,description) VALUES ('morjsqbqvaqv5vuf',61,'morjsqbq5eqnfyz7','ANX C 8vo PASILLO 2') ON CONFLICT (recorder_id,channel_number) DO UPDATE SET camera_id=EXCLUDED.camera_id,description=EXCLUDED.description;
INSERT INTO camera_locations(camera_id,building_id,floor_id,sector,description) VALUES ('morjsqbq5eqnfyz7',(SELECT id FROM buildings WHERE name='Anexo C'),(SELECT f.id FROM floors f JOIN buildings b ON b.id=f.building_id WHERE b.name='Anexo C' AND f.name='08' LIMIT 1),NULL,'ANX C 8vo PASILLO 2') ON CONFLICT (camera_id) DO UPDATE SET building_id=EXCLUDED.building_id,floor_id=EXCLUDED.floor_id,description=EXCLUDED.description;
INSERT INTO camera_network_connections(camera_id,switch_port,rack_id) VALUES ('morjsqbq5eqnfyz7','3/0/22',(SELECT r.id FROM racks r JOIN buildings b ON b.id=r.building_id LEFT JOIN floors f ON f.id=r.floor_id WHERE b.name='Anexo C' AND r.code='0380' AND f.name='08' LIMIT 1)) ON CONFLICT (camera_id) DO UPDATE SET switch_port=EXCLUDED.switch_port,rack_id=EXCLUDED.rack_id;
UPDATE cameras SET ip_address='10.32.30.4', description=COALESCE(NULLIF('ANX C 8vo PASILLO 2',''),description) WHERE device_id='morjsqbq5eqnfyz7';
INSERT INTO recorder_channels(recorder_id,channel_number,camera_id,description) VALUES ('morjsqbqvaqv5vuf',62,'morjsqbq4bhkbmzl','ANX C 8vo PASILLO 3') ON CONFLICT (recorder_id,channel_number) DO UPDATE SET camera_id=EXCLUDED.camera_id,description=EXCLUDED.description;
INSERT INTO camera_locations(camera_id,building_id,floor_id,sector,description) VALUES ('morjsqbq4bhkbmzl',(SELECT id FROM buildings WHERE name='Anexo C'),(SELECT f.id FROM floors f JOIN buildings b ON b.id=f.building_id WHERE b.name='Anexo C' AND f.name='08' LIMIT 1),NULL,'ANX C 8vo PASILLO 3') ON CONFLICT (camera_id) DO UPDATE SET building_id=EXCLUDED.building_id,floor_id=EXCLUDED.floor_id,description=EXCLUDED.description;
INSERT INTO camera_network_connections(camera_id,switch_port,rack_id) VALUES ('morjsqbq4bhkbmzl','3/0/23',(SELECT r.id FROM racks r JOIN buildings b ON b.id=r.building_id LEFT JOIN floors f ON f.id=r.floor_id WHERE b.name='Anexo C' AND r.code='0380' AND f.name='08' LIMIT 1)) ON CONFLICT (camera_id) DO UPDATE SET switch_port=EXCLUDED.switch_port,rack_id=EXCLUDED.rack_id;
UPDATE cameras SET ip_address='10.32.30.5', description=COALESCE(NULLIF('ANX C 8vo PASILLO 3',''),description) WHERE device_id='morjsqbq4bhkbmzl';
INSERT INTO recorder_channels(recorder_id,channel_number,camera_id,description) VALUES ('morjsqbqvaqv5vuf',63,'morjsqbp0ix32c5t','PASCO 650 ENTRADA') ON CONFLICT (recorder_id,channel_number) DO UPDATE SET camera_id=EXCLUDED.camera_id,description=EXCLUDED.description;
INSERT INTO camera_locations(camera_id,building_id,floor_id,sector,description) VALUES ('morjsqbp0ix32c5t',NULL,NULL,NULL,'PASCO 650 ENTRADA') ON CONFLICT (camera_id) DO UPDATE SET building_id=EXCLUDED.building_id,floor_id=EXCLUDED.floor_id,description=EXCLUDED.description;
INSERT INTO camera_network_connections(camera_id,switch_port,rack_id) VALUES ('morjsqbp0ix32c5t',NULL,NULL) ON CONFLICT (camera_id) DO UPDATE SET switch_port=EXCLUDED.switch_port,rack_id=EXCLUDED.rack_id;
UPDATE cameras SET ip_address='10.91.30.7', description=COALESCE(NULLIF('PASCO 650 ENTRADA',''),description) WHERE device_id='morjsqbp0ix32c5t';
INSERT INTO recorder_channels(recorder_id,channel_number,camera_id,description) VALUES ('morjsqbqvaqv5vuf',64,'morjsqbp8lsqzm4y','PASCO 650 COCHERA 1') ON CONFLICT (recorder_id,channel_number) DO UPDATE SET camera_id=EXCLUDED.camera_id,description=EXCLUDED.description;
INSERT INTO camera_locations(camera_id,building_id,floor_id,sector,description) VALUES ('morjsqbp8lsqzm4y',NULL,NULL,NULL,'PASCO 650 COCHERA 1') ON CONFLICT (camera_id) DO UPDATE SET building_id=EXCLUDED.building_id,floor_id=EXCLUDED.floor_id,description=EXCLUDED.description;
INSERT INTO camera_network_connections(camera_id,switch_port,rack_id) VALUES ('morjsqbp8lsqzm4y',NULL,NULL) ON CONFLICT (camera_id) DO UPDATE SET switch_port=EXCLUDED.switch_port,rack_id=EXCLUDED.rack_id;
UPDATE cameras SET ip_address='10.91.30.8', description=COALESCE(NULLIF('PASCO 650 COCHERA 1',''),description) WHERE device_id='morjsqbp8lsqzm4y';
INSERT INTO recorder_channels(recorder_id,channel_number,camera_id,description) VALUES ('morjsqbqvaqv5vuf',65,'morjsqbqeorkb7lq','PAL INGRESO CATERING') ON CONFLICT (recorder_id,channel_number) DO UPDATE SET camera_id=EXCLUDED.camera_id,description=EXCLUDED.description;
INSERT INTO camera_locations(camera_id,building_id,floor_id,sector,description) VALUES ('morjsqbqeorkb7lq',NULL,NULL,NULL,'PAL INGRESO CATERING') ON CONFLICT (camera_id) DO UPDATE SET building_id=EXCLUDED.building_id,floor_id=EXCLUDED.floor_id,description=EXCLUDED.description;
INSERT INTO camera_network_connections(camera_id,switch_port,rack_id) VALUES ('morjsqbqeorkb7lq',NULL,NULL) ON CONFLICT (camera_id) DO UPDATE SET switch_port=EXCLUDED.switch_port,rack_id=EXCLUDED.rack_id;
UPDATE cameras SET ip_address='10.1.30.31', description=COALESCE(NULLIF('PAL INGRESO CATERING',''),description) WHERE device_id='morjsqbqeorkb7lq';
INSERT INTO recorder_channels(recorder_id,channel_number,camera_id,description) VALUES ('morjsqbqvaqv5vuf',66,'morjsqbqmatjc6ga','ESCALERA AUDITORIO') ON CONFLICT (recorder_id,channel_number) DO UPDATE SET camera_id=EXCLUDED.camera_id,description=EXCLUDED.description;
INSERT INTO camera_locations(camera_id,building_id,floor_id,sector,description) VALUES ('morjsqbqmatjc6ga',NULL,NULL,NULL,'ESCALERA AUDITORIO') ON CONFLICT (camera_id) DO UPDATE SET building_id=EXCLUDED.building_id,floor_id=EXCLUDED.floor_id,description=EXCLUDED.description;
INSERT INTO camera_network_connections(camera_id,switch_port,rack_id) VALUES ('morjsqbqmatjc6ga',NULL,NULL) ON CONFLICT (camera_id) DO UPDATE SET switch_port=EXCLUDED.switch_port,rack_id=EXCLUDED.rack_id;
UPDATE cameras SET ip_address='10.11.30.29', description=COALESCE(NULLIF('ESCALERA AUDITORIO',''),description) WHERE device_id='morjsqbqmatjc6ga';
INSERT INTO recorder_channels(recorder_id,channel_number,camera_id,description) VALUES ('morjsqbqvaqv5vuf',67,'morjsqbp3asra3ht','PASARELA EP1 ANX-A') ON CONFLICT (recorder_id,channel_number) DO UPDATE SET camera_id=EXCLUDED.camera_id,description=EXCLUDED.description;
INSERT INTO camera_locations(camera_id,building_id,floor_id,sector,description) VALUES ('morjsqbp3asra3ht',NULL,NULL,NULL,'PASARELA EP1 ANX-A') ON CONFLICT (camera_id) DO UPDATE SET building_id=EXCLUDED.building_id,floor_id=EXCLUDED.floor_id,description=EXCLUDED.description;
INSERT INTO camera_network_connections(camera_id,switch_port,rack_id) VALUES ('morjsqbp3asra3ht',NULL,NULL) ON CONFLICT (camera_id) DO UPDATE SET switch_port=EXCLUDED.switch_port,rack_id=EXCLUDED.rack_id;
UPDATE cameras SET ip_address='10.11.30.31', description=COALESCE(NULLIF('PASARELA EP1 ANX-A',''),description) WHERE device_id='morjsqbp3asra3ht';
INSERT INTO recorder_channels(recorder_id,channel_number,camera_id,description) VALUES ('morjsqbqvaqv5vuf',68,'morjsqbpowmrlmxf','ANXA-PB ENTRADA LEGISLADORES') ON CONFLICT (recorder_id,channel_number) DO UPDATE SET camera_id=EXCLUDED.camera_id,description=EXCLUDED.description;
INSERT INTO camera_locations(camera_id,building_id,floor_id,sector,description) VALUES ('morjsqbpowmrlmxf',NULL,NULL,NULL,'ANXA-PB ENTRADA LEGISLADORES') ON CONFLICT (camera_id) DO UPDATE SET building_id=EXCLUDED.building_id,floor_id=EXCLUDED.floor_id,description=EXCLUDED.description;
INSERT INTO camera_network_connections(camera_id,switch_port,rack_id) VALUES ('morjsqbpowmrlmxf',NULL,NULL) ON CONFLICT (camera_id) DO UPDATE SET switch_port=EXCLUDED.switch_port,rack_id=EXCLUDED.rack_id;
UPDATE cameras SET ip_address='10.11.30.32', description=COALESCE(NULLIF('ANXA-PB ENTRADA LEGISLADORES',''),description) WHERE device_id='morjsqbpowmrlmxf';
INSERT INTO recorder_channels(recorder_id,channel_number,camera_id,description) VALUES ('morjsqbqvaqv5vuf',69,'morjsqbpjeq0hboc','ASCENSOR 8 Y 9') ON CONFLICT (recorder_id,channel_number) DO UPDATE SET camera_id=EXCLUDED.camera_id,description=EXCLUDED.description;
INSERT INTO camera_locations(camera_id,building_id,floor_id,sector,description) VALUES ('morjsqbpjeq0hboc',NULL,NULL,NULL,'ASCENSOR 8 Y 9') ON CONFLICT (camera_id) DO UPDATE SET building_id=EXCLUDED.building_id,floor_id=EXCLUDED.floor_id,description=EXCLUDED.description;
INSERT INTO camera_network_connections(camera_id,switch_port,rack_id) VALUES ('morjsqbpjeq0hboc',NULL,NULL) ON CONFLICT (camera_id) DO UPDATE SET switch_port=EXCLUDED.switch_port,rack_id=EXCLUDED.rack_id;
UPDATE cameras SET ip_address='10.12.30.6', description=COALESCE(NULLIF('ASCENSOR 8 Y 9',''),description) WHERE device_id='morjsqbpjeq0hboc';
INSERT INTO recorder_channels(recorder_id,channel_number,camera_id,description) VALUES ('morjsqbqvaqv5vuf',70,'morjsqbp98hminpc','P1 ASCENSOR 12 Y 13') ON CONFLICT (recorder_id,channel_number) DO UPDATE SET camera_id=EXCLUDED.camera_id,description=EXCLUDED.description;
INSERT INTO camera_locations(camera_id,building_id,floor_id,sector,description) VALUES ('morjsqbp98hminpc',NULL,NULL,NULL,'P1 ASCENSOR 12 Y 13') ON CONFLICT (camera_id) DO UPDATE SET building_id=EXCLUDED.building_id,floor_id=EXCLUDED.floor_id,description=EXCLUDED.description;
INSERT INTO camera_network_connections(camera_id,switch_port,rack_id) VALUES ('morjsqbp98hminpc',NULL,NULL) ON CONFLICT (camera_id) DO UPDATE SET switch_port=EXCLUDED.switch_port,rack_id=EXCLUDED.rack_id;
UPDATE cameras SET ip_address='10.12.30.7', description=COALESCE(NULLIF('P1 ASCENSOR 12 Y 13',''),description) WHERE device_id='morjsqbp98hminpc';
INSERT INTO recorder_channels(recorder_id,channel_number,camera_id,description) VALUES ('morjsqbqvaqv5vuf',71,'morjsqbpv0yby8ad','P1 ESCALERA') ON CONFLICT (recorder_id,channel_number) DO UPDATE SET camera_id=EXCLUDED.camera_id,description=EXCLUDED.description;
INSERT INTO camera_locations(camera_id,building_id,floor_id,sector,description) VALUES ('morjsqbpv0yby8ad',NULL,NULL,NULL,'P1 ESCALERA') ON CONFLICT (camera_id) DO UPDATE SET building_id=EXCLUDED.building_id,floor_id=EXCLUDED.floor_id,description=EXCLUDED.description;
INSERT INTO camera_network_connections(camera_id,switch_port,rack_id) VALUES ('morjsqbpv0yby8ad',NULL,NULL) ON CONFLICT (camera_id) DO UPDATE SET switch_port=EXCLUDED.switch_port,rack_id=EXCLUDED.rack_id;
UPDATE cameras SET ip_address='10.12.30.8', description=COALESCE(NULLIF('P1 ESCALERA',''),description) WHERE device_id='morjsqbpv0yby8ad';
INSERT INTO recorder_channels(recorder_id,channel_number,camera_id,description) VALUES ('morjsqbqvaqv5vuf',72,'morjsqbpvp1qufnn','P1 ASCENSOR LEGISLADORES') ON CONFLICT (recorder_id,channel_number) DO UPDATE SET camera_id=EXCLUDED.camera_id,description=EXCLUDED.description;
INSERT INTO camera_locations(camera_id,building_id,floor_id,sector,description) VALUES ('morjsqbpvp1qufnn',(SELECT id FROM buildings WHERE name='Anexo B'),(SELECT f.id FROM floors f JOIN buildings b ON b.id=f.building_id WHERE b.name='Anexo B' AND f.name='3' LIMIT 1),NULL,'P1 ASCENSOR LEGISLADORES') ON CONFLICT (camera_id) DO UPDATE SET building_id=EXCLUDED.building_id,floor_id=EXCLUDED.floor_id,description=EXCLUDED.description;
INSERT INTO camera_network_connections(camera_id,switch_port,rack_id) VALUES ('morjsqbpvp1qufnn',NULL,NULL) ON CONFLICT (camera_id) DO UPDATE SET switch_port=EXCLUDED.switch_port,rack_id=EXCLUDED.rack_id;
UPDATE cameras SET ip_address='10.12.30.9', description=COALESCE(NULLIF('P1 ASCENSOR LEGISLADORES',''),description) WHERE device_id='morjsqbpvp1qufnn';
INSERT INTO recorder_channels(recorder_id,channel_number,camera_id,description) VALUES ('morjsqbqvaqv5vuf',73,'morjsqbpgus79o34','P1 ASCENSOR PUBLICO') ON CONFLICT (recorder_id,channel_number) DO UPDATE SET camera_id=EXCLUDED.camera_id,description=EXCLUDED.description;
INSERT INTO camera_locations(camera_id,building_id,floor_id,sector,description) VALUES ('morjsqbpgus79o34',NULL,NULL,NULL,'P1 ASCENSOR PUBLICO') ON CONFLICT (camera_id) DO UPDATE SET building_id=EXCLUDED.building_id,floor_id=EXCLUDED.floor_id,description=EXCLUDED.description;
INSERT INTO camera_network_connections(camera_id,switch_port,rack_id) VALUES ('morjsqbpgus79o34',NULL,NULL) ON CONFLICT (camera_id) DO UPDATE SET switch_port=EXCLUDED.switch_port,rack_id=EXCLUDED.rack_id;
UPDATE cameras SET ip_address='10.12.30.10', description=COALESCE(NULLIF('P1 ASCENSOR PUBLICO',''),description) WHERE device_id='morjsqbpgus79o34';
INSERT INTO recorder_channels(recorder_id,channel_number,camera_id,description) VALUES ('morjsqbqvaqv5vuf',74,'morjsqbpbawdtx8o','PASCO 650 COCHERA 3') ON CONFLICT (recorder_id,channel_number) DO UPDATE SET camera_id=EXCLUDED.camera_id,description=EXCLUDED.description;
INSERT INTO camera_locations(camera_id,building_id,floor_id,sector,description) VALUES ('morjsqbpbawdtx8o',NULL,NULL,NULL,'PASCO 650 COCHERA 3') ON CONFLICT (camera_id) DO UPDATE SET building_id=EXCLUDED.building_id,floor_id=EXCLUDED.floor_id,description=EXCLUDED.description;
INSERT INTO camera_network_connections(camera_id,switch_port,rack_id) VALUES ('morjsqbpbawdtx8o',NULL,NULL) ON CONFLICT (camera_id) DO UPDATE SET switch_port=EXCLUDED.switch_port,rack_id=EXCLUDED.rack_id;
UPDATE cameras SET ip_address='10.91.30.10', description=COALESCE(NULLIF('PASCO 650 COCHERA 3',''),description) WHERE device_id='morjsqbpbawdtx8o';
INSERT INTO recorder_channels(recorder_id,channel_number,camera_id,description) VALUES ('morjsqbqvaqv5vuf',75,'morjsqbpn7zbqqbd','PASCO 650 COCHERA 4') ON CONFLICT (recorder_id,channel_number) DO UPDATE SET camera_id=EXCLUDED.camera_id,description=EXCLUDED.description;
INSERT INTO camera_locations(camera_id,building_id,floor_id,sector,description) VALUES ('morjsqbpn7zbqqbd',NULL,NULL,NULL,'PASCO 650 COCHERA 4') ON CONFLICT (camera_id) DO UPDATE SET building_id=EXCLUDED.building_id,floor_id=EXCLUDED.floor_id,description=EXCLUDED.description;
INSERT INTO camera_network_connections(camera_id,switch_port,rack_id) VALUES ('morjsqbpn7zbqqbd',NULL,NULL) ON CONFLICT (camera_id) DO UPDATE SET switch_port=EXCLUDED.switch_port,rack_id=EXCLUDED.rack_id;
UPDATE cameras SET ip_address='10.91.30.11', description=COALESCE(NULLIF('PASCO 650 COCHERA 4',''),description) WHERE device_id='morjsqbpn7zbqqbd';
INSERT INTO recorder_channels(recorder_id,channel_number,camera_id,description) VALUES ('morjsqbqvaqv5vuf',76,'morjsqbp347fyp95','PASCO 650 COCHERA 5') ON CONFLICT (recorder_id,channel_number) DO UPDATE SET camera_id=EXCLUDED.camera_id,description=EXCLUDED.description;
INSERT INTO camera_locations(camera_id,building_id,floor_id,sector,description) VALUES ('morjsqbp347fyp95',NULL,NULL,NULL,'PASCO 650 COCHERA 5') ON CONFLICT (camera_id) DO UPDATE SET building_id=EXCLUDED.building_id,floor_id=EXCLUDED.floor_id,description=EXCLUDED.description;
INSERT INTO camera_network_connections(camera_id,switch_port,rack_id) VALUES ('morjsqbp347fyp95',NULL,NULL) ON CONFLICT (camera_id) DO UPDATE SET switch_port=EXCLUDED.switch_port,rack_id=EXCLUDED.rack_id;
UPDATE cameras SET ip_address='10.91.30.12', description=COALESCE(NULLIF('PASCO 650 COCHERA 5',''),description) WHERE device_id='morjsqbp347fyp95';
INSERT INTO recorder_channels(recorder_id,channel_number,camera_id,description) VALUES ('morjsqbqvaqv5vuf',77,'morjsqbpzf4c7mhq','PASCO 650 DEPOSITO FONDO') ON CONFLICT (recorder_id,channel_number) DO UPDATE SET camera_id=EXCLUDED.camera_id,description=EXCLUDED.description;
INSERT INTO camera_locations(camera_id,building_id,floor_id,sector,description) VALUES ('morjsqbpzf4c7mhq',NULL,NULL,NULL,'PASCO 650 DEPOSITO FONDO') ON CONFLICT (camera_id) DO UPDATE SET building_id=EXCLUDED.building_id,floor_id=EXCLUDED.floor_id,description=EXCLUDED.description;
INSERT INTO camera_network_connections(camera_id,switch_port,rack_id) VALUES ('morjsqbpzf4c7mhq',NULL,NULL) ON CONFLICT (camera_id) DO UPDATE SET switch_port=EXCLUDED.switch_port,rack_id=EXCLUDED.rack_id;
UPDATE cameras SET ip_address='10.91.30.13', description=COALESCE(NULLIF('PASCO 650 DEPOSITO FONDO',''),description) WHERE device_id='morjsqbpzf4c7mhq';
INSERT INTO recorder_channels(recorder_id,channel_number,camera_id,description) VALUES ('morjsqbqvaqv5vuf',78,'morjsqbpiprujjpx','PASCO 650 DEPOSITO FRENTE') ON CONFLICT (recorder_id,channel_number) DO UPDATE SET camera_id=EXCLUDED.camera_id,description=EXCLUDED.description;
INSERT INTO camera_locations(camera_id,building_id,floor_id,sector,description) VALUES ('morjsqbpiprujjpx',NULL,NULL,NULL,'PASCO 650 DEPOSITO FRENTE') ON CONFLICT (camera_id) DO UPDATE SET building_id=EXCLUDED.building_id,floor_id=EXCLUDED.floor_id,description=EXCLUDED.description;
INSERT INTO camera_network_connections(camera_id,switch_port,rack_id) VALUES ('morjsqbpiprujjpx',NULL,NULL) ON CONFLICT (camera_id) DO UPDATE SET switch_port=EXCLUDED.switch_port,rack_id=EXCLUDED.rack_id;
UPDATE cameras SET ip_address='10.91.30.14', description=COALESCE(NULLIF('PASCO 650 DEPOSITO FRENTE',''),description) WHERE device_id='morjsqbpiprujjpx';
INSERT INTO recorder_channels(recorder_id,channel_number,camera_id,description) VALUES ('morjsqbqvaqv5vuf',79,'morjsqbqorj9qlgv','INGRESO IMPRENTA') ON CONFLICT (recorder_id,channel_number) DO UPDATE SET camera_id=EXCLUDED.camera_id,description=EXCLUDED.description;
INSERT INTO camera_locations(camera_id,building_id,floor_id,sector,description) VALUES ('morjsqbqorj9qlgv',NULL,NULL,NULL,'INGRESO IMPRENTA') ON CONFLICT (camera_id) DO UPDATE SET building_id=EXCLUDED.building_id,floor_id=EXCLUDED.floor_id,description=EXCLUDED.description;
INSERT INTO camera_network_connections(camera_id,switch_port,rack_id) VALUES ('morjsqbqorj9qlgv',NULL,NULL) ON CONFLICT (camera_id) DO UPDATE SET switch_port=EXCLUDED.switch_port,rack_id=EXCLUDED.rack_id;
UPDATE cameras SET ip_address='10.1.30.22', description=COALESCE(NULLIF('INGRESO IMPRENTA',''),description) WHERE device_id='morjsqbqorj9qlgv';
INSERT INTO recorder_channels(recorder_id,channel_number,camera_id,description) VALUES ('morjsqbqvaqv5vuf',80,'morjsqbqco6gdmw2','IMPRENTA PASILLO ACCESO') ON CONFLICT (recorder_id,channel_number) DO UPDATE SET camera_id=EXCLUDED.camera_id,description=EXCLUDED.description;
INSERT INTO camera_locations(camera_id,building_id,floor_id,sector,description) VALUES ('morjsqbqco6gdmw2',NULL,NULL,NULL,'IMPRENTA PASILLO ACCESO') ON CONFLICT (camera_id) DO UPDATE SET building_id=EXCLUDED.building_id,floor_id=EXCLUDED.floor_id,description=EXCLUDED.description;
INSERT INTO camera_network_connections(camera_id,switch_port,rack_id) VALUES ('morjsqbqco6gdmw2',NULL,NULL) ON CONFLICT (camera_id) DO UPDATE SET switch_port=EXCLUDED.switch_port,rack_id=EXCLUDED.rack_id;
UPDATE cameras SET ip_address='10.1.30.23', description=COALESCE(NULLIF('IMPRENTA PASILLO ACCESO',''),description) WHERE device_id='morjsqbqco6gdmw2';
INSERT INTO recorder_channels(recorder_id,channel_number,camera_id,description) VALUES ('morjsqbqvaqv5vuf',81,'morjsqbq0d6smdwx','INGRESO IMPRESION') ON CONFLICT (recorder_id,channel_number) DO UPDATE SET camera_id=EXCLUDED.camera_id,description=EXCLUDED.description;
INSERT INTO camera_locations(camera_id,building_id,floor_id,sector,description) VALUES ('morjsqbq0d6smdwx',NULL,NULL,NULL,'INGRESO IMPRESION') ON CONFLICT (camera_id) DO UPDATE SET building_id=EXCLUDED.building_id,floor_id=EXCLUDED.floor_id,description=EXCLUDED.description;
INSERT INTO camera_network_connections(camera_id,switch_port,rack_id) VALUES ('morjsqbq0d6smdwx',NULL,NULL) ON CONFLICT (camera_id) DO UPDATE SET switch_port=EXCLUDED.switch_port,rack_id=EXCLUDED.rack_id;
UPDATE cameras SET ip_address='10.1.30.24', description=COALESCE(NULLIF('INGRESO IMPRESION',''),description) WHERE device_id='morjsqbq0d6smdwx';
INSERT INTO recorder_channels(recorder_id,channel_number,camera_id,description) VALUES ('morjsqbqvaqv5vuf',82,'morjsqbp1wi67oai','IMPRESION 1') ON CONFLICT (recorder_id,channel_number) DO UPDATE SET camera_id=EXCLUDED.camera_id,description=EXCLUDED.description;
INSERT INTO camera_locations(camera_id,building_id,floor_id,sector,description) VALUES ('morjsqbp1wi67oai',NULL,NULL,NULL,'IMPRESION 1') ON CONFLICT (camera_id) DO UPDATE SET building_id=EXCLUDED.building_id,floor_id=EXCLUDED.floor_id,description=EXCLUDED.description;
INSERT INTO camera_network_connections(camera_id,switch_port,rack_id) VALUES ('morjsqbp1wi67oai',NULL,NULL) ON CONFLICT (camera_id) DO UPDATE SET switch_port=EXCLUDED.switch_port,rack_id=EXCLUDED.rack_id;
UPDATE cameras SET ip_address='10.1.30.25', description=COALESCE(NULLIF('IMPRESION 1',''),description) WHERE device_id='morjsqbp1wi67oai';
INSERT INTO recorder_channels(recorder_id,channel_number,camera_id,description) VALUES ('morjsqbqvaqv5vuf',83,'morjsqbpmc81wxow','IMPRESION 2') ON CONFLICT (recorder_id,channel_number) DO UPDATE SET camera_id=EXCLUDED.camera_id,description=EXCLUDED.description;
INSERT INTO camera_locations(camera_id,building_id,floor_id,sector,description) VALUES ('morjsqbpmc81wxow',NULL,NULL,NULL,'IMPRESION 2') ON CONFLICT (camera_id) DO UPDATE SET building_id=EXCLUDED.building_id,floor_id=EXCLUDED.floor_id,description=EXCLUDED.description;
INSERT INTO camera_network_connections(camera_id,switch_port,rack_id) VALUES ('morjsqbpmc81wxow',NULL,NULL) ON CONFLICT (camera_id) DO UPDATE SET switch_port=EXCLUDED.switch_port,rack_id=EXCLUDED.rack_id;
UPDATE cameras SET ip_address='10.1.30.26', description=COALESCE(NULLIF('IMPRESION 2',''),description) WHERE device_id='morjsqbpmc81wxow';
INSERT INTO recorder_channels(recorder_id,channel_number,camera_id,description) VALUES ('morjsqbqvaqv5vuf',84,'morjsqbp4ib04zo0','ENCUADERNACION 1') ON CONFLICT (recorder_id,channel_number) DO UPDATE SET camera_id=EXCLUDED.camera_id,description=EXCLUDED.description;
INSERT INTO camera_locations(camera_id,building_id,floor_id,sector,description) VALUES ('morjsqbp4ib04zo0',NULL,NULL,NULL,'ENCUADERNACION 1') ON CONFLICT (camera_id) DO UPDATE SET building_id=EXCLUDED.building_id,floor_id=EXCLUDED.floor_id,description=EXCLUDED.description;
INSERT INTO camera_network_connections(camera_id,switch_port,rack_id) VALUES ('morjsqbp4ib04zo0',NULL,NULL) ON CONFLICT (camera_id) DO UPDATE SET switch_port=EXCLUDED.switch_port,rack_id=EXCLUDED.rack_id;
UPDATE cameras SET ip_address='10.1.30.27', description=COALESCE(NULLIF('ENCUADERNACION 1',''),description) WHERE device_id='morjsqbp4ib04zo0';
INSERT INTO recorder_channels(recorder_id,channel_number,camera_id,description) VALUES ('morjsqbqvaqv5vuf',85,'morjsqbprd3hajci','ENCUADERNACION 2') ON CONFLICT (recorder_id,channel_number) DO UPDATE SET camera_id=EXCLUDED.camera_id,description=EXCLUDED.description;
INSERT INTO camera_locations(camera_id,building_id,floor_id,sector,description) VALUES ('morjsqbprd3hajci',NULL,NULL,NULL,'ENCUADERNACION 2') ON CONFLICT (camera_id) DO UPDATE SET building_id=EXCLUDED.building_id,floor_id=EXCLUDED.floor_id,description=EXCLUDED.description;
INSERT INTO camera_network_connections(camera_id,switch_port,rack_id) VALUES ('morjsqbprd3hajci',NULL,NULL) ON CONFLICT (camera_id) DO UPDATE SET switch_port=EXCLUDED.switch_port,rack_id=EXCLUDED.rack_id;
UPDATE cameras SET ip_address='10.1.30.28', description=COALESCE(NULLIF('ENCUADERNACION 2',''),description) WHERE device_id='morjsqbprd3hajci';
INSERT INTO recorder_channels(recorder_id,channel_number,camera_id,description) VALUES ('morjsqbqvaqv5vuf',86,'morjsqbqagshn5o8','YRIGOYEN 1920') ON CONFLICT (recorder_id,channel_number) DO UPDATE SET camera_id=EXCLUDED.camera_id,description=EXCLUDED.description;
INSERT INTO camera_locations(camera_id,building_id,floor_id,sector,description) VALUES ('morjsqbqagshn5o8',NULL,NULL,NULL,'YRIGOYEN 1920') ON CONFLICT (camera_id) DO UPDATE SET building_id=EXCLUDED.building_id,floor_id=EXCLUDED.floor_id,description=EXCLUDED.description;
INSERT INTO camera_network_connections(camera_id,switch_port,rack_id) VALUES ('morjsqbqagshn5o8',NULL,NULL) ON CONFLICT (camera_id) DO UPDATE SET switch_port=EXCLUDED.switch_port,rack_id=EXCLUDED.rack_id;
UPDATE cameras SET ip_address='10.91.30.15', description=COALESCE(NULLIF('YRIGOYEN 1920',''),description) WHERE device_id='morjsqbqagshn5o8';
INSERT INTO recorder_channels(recorder_id,channel_number,camera_id,description) VALUES ('morjsqbqvaqv5vuf',87,'morjsqbpszhgnndh','PUERTA ANX E') ON CONFLICT (recorder_id,channel_number) DO UPDATE SET camera_id=EXCLUDED.camera_id,description=EXCLUDED.description;
INSERT INTO camera_locations(camera_id,building_id,floor_id,sector,description) VALUES ('morjsqbpszhgnndh',NULL,NULL,NULL,'PUERTA ANX E') ON CONFLICT (camera_id) DO UPDATE SET building_id=EXCLUDED.building_id,floor_id=EXCLUDED.floor_id,description=EXCLUDED.description;
INSERT INTO camera_network_connections(camera_id,switch_port,rack_id) VALUES ('morjsqbpszhgnndh',NULL,NULL) ON CONFLICT (camera_id) DO UPDATE SET switch_port=EXCLUDED.switch_port,rack_id=EXCLUDED.rack_id;
UPDATE cameras SET ip_address='10.91.30.16', description=COALESCE(NULLIF('PUERTA ANX E',''),description) WHERE device_id='morjsqbpszhgnndh';
INSERT INTO recorder_channels(recorder_id,channel_number,camera_id,description) VALUES ('morjsqbqvaqv5vuf',88,'morjsqbq9is0g1fa','HALL MITRE 2085 - 2') ON CONFLICT (recorder_id,channel_number) DO UPDATE SET camera_id=EXCLUDED.camera_id,description=EXCLUDED.description;
INSERT INTO camera_locations(camera_id,building_id,floor_id,sector,description) VALUES ('morjsqbq9is0g1fa',NULL,NULL,NULL,'HALL MITRE 2085 - 2') ON CONFLICT (camera_id) DO UPDATE SET building_id=EXCLUDED.building_id,floor_id=EXCLUDED.floor_id,description=EXCLUDED.description;
INSERT INTO camera_network_connections(camera_id,switch_port,rack_id) VALUES ('morjsqbq9is0g1fa',NULL,NULL) ON CONFLICT (camera_id) DO UPDATE SET switch_port=EXCLUDED.switch_port,rack_id=EXCLUDED.rack_id;
UPDATE cameras SET ip_address='10.91.30.17', description=COALESCE(NULLIF('HALL MITRE 2085 - 2',''),description) WHERE device_id='morjsqbq9is0g1fa';
INSERT INTO recorder_channels(recorder_id,channel_number,camera_id,description) VALUES ('morjsqbqvaqv5vuf',89,NULL,NULL) ON CONFLICT (recorder_id,channel_number) DO UPDATE SET camera_id=EXCLUDED.camera_id,description=EXCLUDED.description;
INSERT INTO recorder_channels(recorder_id,channel_number,camera_id,description) VALUES ('morjsqbqvaqv5vuf',90,NULL,NULL) ON CONFLICT (recorder_id,channel_number) DO UPDATE SET camera_id=EXCLUDED.camera_id,description=EXCLUDED.description;
INSERT INTO recorder_channels(recorder_id,channel_number,camera_id,description) VALUES ('morjsqbqvaqv5vuf',91,NULL,NULL) ON CONFLICT (recorder_id,channel_number) DO UPDATE SET camera_id=EXCLUDED.camera_id,description=EXCLUDED.description;
INSERT INTO recorder_channels(recorder_id,channel_number,camera_id,description) VALUES ('morjsqbqvaqv5vuf',92,NULL,NULL) ON CONFLICT (recorder_id,channel_number) DO UPDATE SET camera_id=EXCLUDED.camera_id,description=EXCLUDED.description;
INSERT INTO recorder_channels(recorder_id,channel_number,camera_id,description) VALUES ('morjsqbqvaqv5vuf',93,NULL,NULL) ON CONFLICT (recorder_id,channel_number) DO UPDATE SET camera_id=EXCLUDED.camera_id,description=EXCLUDED.description;
INSERT INTO recorder_channels(recorder_id,channel_number,camera_id,description) VALUES ('morjsqbqvaqv5vuf',94,NULL,NULL) ON CONFLICT (recorder_id,channel_number) DO UPDATE SET camera_id=EXCLUDED.camera_id,description=EXCLUDED.description;
INSERT INTO recorder_channels(recorder_id,channel_number,camera_id,description) VALUES ('morjsqbqvaqv5vuf',95,NULL,NULL) ON CONFLICT (recorder_id,channel_number) DO UPDATE SET camera_id=EXCLUDED.camera_id,description=EXCLUDED.description;
INSERT INTO recorder_channels(recorder_id,channel_number,camera_id,description) VALUES ('morjsqbqvaqv5vuf',96,NULL,NULL) ON CONFLICT (recorder_id,channel_number) DO UPDATE SET camera_id=EXCLUDED.camera_id,description=EXCLUDED.description;
INSERT INTO recorder_channels(recorder_id,channel_number,camera_id,description) VALUES ('morjsqbqvaqv5vuf',97,NULL,NULL) ON CONFLICT (recorder_id,channel_number) DO UPDATE SET camera_id=EXCLUDED.camera_id,description=EXCLUDED.description;
INSERT INTO recorder_channels(recorder_id,channel_number,camera_id,description) VALUES ('morjsqbqvaqv5vuf',98,NULL,NULL) ON CONFLICT (recorder_id,channel_number) DO UPDATE SET camera_id=EXCLUDED.camera_id,description=EXCLUDED.description;
INSERT INTO recorder_channels(recorder_id,channel_number,camera_id,description) VALUES ('morjsqbqvaqv5vuf',99,NULL,NULL) ON CONFLICT (recorder_id,channel_number) DO UPDATE SET camera_id=EXCLUDED.camera_id,description=EXCLUDED.description;
INSERT INTO recorder_channels(recorder_id,channel_number,camera_id,description) VALUES ('morjsqbqvaqv5vuf',100,NULL,NULL) ON CONFLICT (recorder_id,channel_number) DO UPDATE SET camera_id=EXCLUDED.camera_id,description=EXCLUDED.description;
INSERT INTO recorder_channels(recorder_id,channel_number,camera_id,description) VALUES ('morjsqbqvaqv5vuf',101,NULL,NULL) ON CONFLICT (recorder_id,channel_number) DO UPDATE SET camera_id=EXCLUDED.camera_id,description=EXCLUDED.description;
INSERT INTO recorder_channels(recorder_id,channel_number,camera_id,description) VALUES ('morjsqbqvaqv5vuf',102,NULL,NULL) ON CONFLICT (recorder_id,channel_number) DO UPDATE SET camera_id=EXCLUDED.camera_id,description=EXCLUDED.description;
INSERT INTO recorder_channels(recorder_id,channel_number,camera_id,description) VALUES ('morjsqbqvaqv5vuf',103,NULL,NULL) ON CONFLICT (recorder_id,channel_number) DO UPDATE SET camera_id=EXCLUDED.camera_id,description=EXCLUDED.description;
INSERT INTO recorder_channels(recorder_id,channel_number,camera_id,description) VALUES ('morjsqbqvaqv5vuf',104,NULL,NULL) ON CONFLICT (recorder_id,channel_number) DO UPDATE SET camera_id=EXCLUDED.camera_id,description=EXCLUDED.description;
INSERT INTO recorder_channels(recorder_id,channel_number,camera_id,description) VALUES ('morjsqbqvaqv5vuf',105,NULL,NULL) ON CONFLICT (recorder_id,channel_number) DO UPDATE SET camera_id=EXCLUDED.camera_id,description=EXCLUDED.description;
INSERT INTO recorder_channels(recorder_id,channel_number,camera_id,description) VALUES ('morjsqbqvaqv5vuf',106,NULL,NULL) ON CONFLICT (recorder_id,channel_number) DO UPDATE SET camera_id=EXCLUDED.camera_id,description=EXCLUDED.description;
INSERT INTO recorder_channels(recorder_id,channel_number,camera_id,description) VALUES ('morjsqbqvaqv5vuf',107,NULL,NULL) ON CONFLICT (recorder_id,channel_number) DO UPDATE SET camera_id=EXCLUDED.camera_id,description=EXCLUDED.description;
INSERT INTO recorder_channels(recorder_id,channel_number,camera_id,description) VALUES ('morjsqbqvaqv5vuf',108,NULL,NULL) ON CONFLICT (recorder_id,channel_number) DO UPDATE SET camera_id=EXCLUDED.camera_id,description=EXCLUDED.description;
INSERT INTO recorder_channels(recorder_id,channel_number,camera_id,description) VALUES ('morjsqbqvaqv5vuf',109,NULL,NULL) ON CONFLICT (recorder_id,channel_number) DO UPDATE SET camera_id=EXCLUDED.camera_id,description=EXCLUDED.description;
INSERT INTO recorder_channels(recorder_id,channel_number,camera_id,description) VALUES ('morjsqbqvaqv5vuf',110,NULL,NULL) ON CONFLICT (recorder_id,channel_number) DO UPDATE SET camera_id=EXCLUDED.camera_id,description=EXCLUDED.description;
INSERT INTO recorder_channels(recorder_id,channel_number,camera_id,description) VALUES ('morjsqbqvaqv5vuf',111,NULL,NULL) ON CONFLICT (recorder_id,channel_number) DO UPDATE SET camera_id=EXCLUDED.camera_id,description=EXCLUDED.description;
INSERT INTO recorder_channels(recorder_id,channel_number,camera_id,description) VALUES ('morjsqbqvaqv5vuf',112,NULL,NULL) ON CONFLICT (recorder_id,channel_number) DO UPDATE SET camera_id=EXCLUDED.camera_id,description=EXCLUDED.description;
INSERT INTO recorder_channels(recorder_id,channel_number,camera_id,description) VALUES ('morjsqbqvaqv5vuf',113,NULL,NULL) ON CONFLICT (recorder_id,channel_number) DO UPDATE SET camera_id=EXCLUDED.camera_id,description=EXCLUDED.description;
INSERT INTO recorder_channels(recorder_id,channel_number,camera_id,description) VALUES ('morjsqbqvaqv5vuf',114,NULL,NULL) ON CONFLICT (recorder_id,channel_number) DO UPDATE SET camera_id=EXCLUDED.camera_id,description=EXCLUDED.description;
INSERT INTO recorder_channels(recorder_id,channel_number,camera_id,description) VALUES ('morjsqbqvaqv5vuf',115,NULL,NULL) ON CONFLICT (recorder_id,channel_number) DO UPDATE SET camera_id=EXCLUDED.camera_id,description=EXCLUDED.description;
INSERT INTO recorder_channels(recorder_id,channel_number,camera_id,description) VALUES ('morjsqbqvaqv5vuf',116,NULL,NULL) ON CONFLICT (recorder_id,channel_number) DO UPDATE SET camera_id=EXCLUDED.camera_id,description=EXCLUDED.description;
INSERT INTO recorder_channels(recorder_id,channel_number,camera_id,description) VALUES ('morjsqbqvaqv5vuf',117,NULL,NULL) ON CONFLICT (recorder_id,channel_number) DO UPDATE SET camera_id=EXCLUDED.camera_id,description=EXCLUDED.description;
INSERT INTO recorder_channels(recorder_id,channel_number,camera_id,description) VALUES ('morjsqbqvaqv5vuf',118,NULL,NULL) ON CONFLICT (recorder_id,channel_number) DO UPDATE SET camera_id=EXCLUDED.camera_id,description=EXCLUDED.description;
INSERT INTO recorder_channels(recorder_id,channel_number,camera_id,description) VALUES ('morjsqbqvaqv5vuf',119,NULL,NULL) ON CONFLICT (recorder_id,channel_number) DO UPDATE SET camera_id=EXCLUDED.camera_id,description=EXCLUDED.description;
INSERT INTO recorder_channels(recorder_id,channel_number,camera_id,description) VALUES ('morjsqbqvaqv5vuf',120,NULL,NULL) ON CONFLICT (recorder_id,channel_number) DO UPDATE SET camera_id=EXCLUDED.camera_id,description=EXCLUDED.description;
INSERT INTO recorder_channels(recorder_id,channel_number,camera_id,description) VALUES ('morjsqbqvaqv5vuf',121,NULL,NULL) ON CONFLICT (recorder_id,channel_number) DO UPDATE SET camera_id=EXCLUDED.camera_id,description=EXCLUDED.description;
INSERT INTO recorder_channels(recorder_id,channel_number,camera_id,description) VALUES ('morjsqbqvaqv5vuf',122,NULL,NULL) ON CONFLICT (recorder_id,channel_number) DO UPDATE SET camera_id=EXCLUDED.camera_id,description=EXCLUDED.description;
INSERT INTO recorder_channels(recorder_id,channel_number,camera_id,description) VALUES ('morjsqbqvaqv5vuf',123,NULL,NULL) ON CONFLICT (recorder_id,channel_number) DO UPDATE SET camera_id=EXCLUDED.camera_id,description=EXCLUDED.description;
INSERT INTO recorder_channels(recorder_id,channel_number,camera_id,description) VALUES ('morjsqbqvaqv5vuf',124,NULL,NULL) ON CONFLICT (recorder_id,channel_number) DO UPDATE SET camera_id=EXCLUDED.camera_id,description=EXCLUDED.description;
INSERT INTO recorder_channels(recorder_id,channel_number,camera_id,description) VALUES ('morjsqbqvaqv5vuf',125,NULL,NULL) ON CONFLICT (recorder_id,channel_number) DO UPDATE SET camera_id=EXCLUDED.camera_id,description=EXCLUDED.description;
INSERT INTO recorder_channels(recorder_id,channel_number,camera_id,description) VALUES ('morjsqbqvaqv5vuf',126,NULL,NULL) ON CONFLICT (recorder_id,channel_number) DO UPDATE SET camera_id=EXCLUDED.camera_id,description=EXCLUDED.description;
INSERT INTO recorder_channels(recorder_id,channel_number,camera_id,description) VALUES ('morjsqbqvaqv5vuf',127,NULL,NULL) ON CONFLICT (recorder_id,channel_number) DO UPDATE SET camera_id=EXCLUDED.camera_id,description=EXCLUDED.description;
INSERT INTO recorder_channels(recorder_id,channel_number,camera_id,description) VALUES ('morjsqbqvaqv5vuf',128,NULL,NULL) ON CONFLICT (recorder_id,channel_number) DO UPDATE SET camera_id=EXCLUDED.camera_id,description=EXCLUDED.description;
INSERT INTO recorders(device_id,recorder_type,description,ip_address,channel_capacity,rack_id) VALUES ('morjsqbq8w7sj6j3','nvr','NVR-2','10.105.0.199',64,(SELECT r.id FROM racks r JOIN buildings b ON b.id=r.building_id LEFT JOIN floors f ON f.id=r.floor_id WHERE b.name='Anexo A' AND r.code='RACK 12' AND f.name='1SSS' LIMIT 1)) ON CONFLICT (device_id) DO UPDATE SET recorder_type=EXCLUDED.recorder_type,description=EXCLUDED.description,ip_address=EXCLUDED.ip_address,channel_capacity=EXCLUDED.channel_capacity,rack_id=EXCLUDED.rack_id;
INSERT INTO recorder_channels(recorder_id,channel_number,camera_id,description) VALUES ('morjsqbq8w7sj6j3',1,'morjsqbpfvppjx1u','ANEXO D - P8') ON CONFLICT (recorder_id,channel_number) DO UPDATE SET camera_id=EXCLUDED.camera_id,description=EXCLUDED.description;
INSERT INTO camera_locations(camera_id,building_id,floor_id,sector,description) VALUES ('morjsqbpfvppjx1u',(SELECT id FROM buildings WHERE name='Anexo D'),(SELECT f.id FROM floors f JOIN buildings b ON b.id=f.building_id WHERE b.name='Anexo D' AND f.name='8' LIMIT 1),NULL,'ANEXO D - P8') ON CONFLICT (camera_id) DO UPDATE SET building_id=EXCLUDED.building_id,floor_id=EXCLUDED.floor_id,description=EXCLUDED.description;
INSERT INTO camera_network_connections(camera_id,switch_port,rack_id) VALUES ('morjsqbpfvppjx1u','2/0/40',(SELECT r.id FROM racks r JOIN buildings b ON b.id=r.building_id LEFT JOIN floors f ON f.id=r.floor_id WHERE b.name='Anexo D' AND r.code='0480' AND f.name='8' LIMIT 1)) ON CONFLICT (camera_id) DO UPDATE SET switch_port=EXCLUDED.switch_port,rack_id=EXCLUDED.rack_id;
UPDATE cameras SET ip_address='10.41.30.8', description=COALESCE(NULLIF('ANEXO D - P8',''),description) WHERE device_id='morjsqbpfvppjx1u';
INSERT INTO recorder_channels(recorder_id,channel_number,camera_id,description) VALUES ('morjsqbq8w7sj6j3',2,'morjsqbpaow1p2zz','ANEXO D - P7') ON CONFLICT (recorder_id,channel_number) DO UPDATE SET camera_id=EXCLUDED.camera_id,description=EXCLUDED.description;
INSERT INTO camera_locations(camera_id,building_id,floor_id,sector,description) VALUES ('morjsqbpaow1p2zz',(SELECT id FROM buildings WHERE name='Anexo D'),(SELECT f.id FROM floors f JOIN buildings b ON b.id=f.building_id WHERE b.name='Anexo D' AND f.name='07' LIMIT 1),NULL,'ANEXO D - P7') ON CONFLICT (camera_id) DO UPDATE SET building_id=EXCLUDED.building_id,floor_id=EXCLUDED.floor_id,description=EXCLUDED.description;
INSERT INTO camera_network_connections(camera_id,switch_port,rack_id) VALUES ('morjsqbpaow1p2zz','2/0/45',(SELECT r.id FROM racks r JOIN buildings b ON b.id=r.building_id LEFT JOIN floors f ON f.id=r.floor_id WHERE b.name='Anexo D' AND r.code='0470' AND f.name='07' LIMIT 1)) ON CONFLICT (camera_id) DO UPDATE SET switch_port=EXCLUDED.switch_port,rack_id=EXCLUDED.rack_id;
UPDATE cameras SET ip_address='10.41.30.7', description=COALESCE(NULLIF('ANEXO D - P7',''),description) WHERE device_id='morjsqbpaow1p2zz';
INSERT INTO recorder_channels(recorder_id,channel_number,camera_id,description) VALUES ('morjsqbq8w7sj6j3',3,'morjsqbpe3979k2j','ANEXO D - P6') ON CONFLICT (recorder_id,channel_number) DO UPDATE SET camera_id=EXCLUDED.camera_id,description=EXCLUDED.description;
INSERT INTO camera_locations(camera_id,building_id,floor_id,sector,description) VALUES ('morjsqbpe3979k2j',(SELECT id FROM buildings WHERE name='Anexo D'),(SELECT f.id FROM floors f JOIN buildings b ON b.id=f.building_id WHERE b.name='Anexo D' AND f.name='6' LIMIT 1),NULL,'ANEXO D - P6') ON CONFLICT (camera_id) DO UPDATE SET building_id=EXCLUDED.building_id,floor_id=EXCLUDED.floor_id,description=EXCLUDED.description;
INSERT INTO camera_network_connections(camera_id,switch_port,rack_id) VALUES ('morjsqbpe3979k2j','2/0/45',(SELECT r.id FROM racks r JOIN buildings b ON b.id=r.building_id LEFT JOIN floors f ON f.id=r.floor_id WHERE b.name='Anexo D' AND r.code='0460' AND f.name='6' LIMIT 1)) ON CONFLICT (camera_id) DO UPDATE SET switch_port=EXCLUDED.switch_port,rack_id=EXCLUDED.rack_id;
UPDATE cameras SET ip_address='10.41.30.6', description=COALESCE(NULLIF('ANEXO D - P6',''),description) WHERE device_id='morjsqbpe3979k2j';
INSERT INTO recorder_channels(recorder_id,channel_number,camera_id,description) VALUES ('morjsqbq8w7sj6j3',4,'morjsqbpvml2gqbz','ANEXO D - P5') ON CONFLICT (recorder_id,channel_number) DO UPDATE SET camera_id=EXCLUDED.camera_id,description=EXCLUDED.description;
INSERT INTO camera_locations(camera_id,building_id,floor_id,sector,description) VALUES ('morjsqbpvml2gqbz',(SELECT id FROM buildings WHERE name='Anexo D'),(SELECT f.id FROM floors f JOIN buildings b ON b.id=f.building_id WHERE b.name='Anexo D' AND f.name='05' LIMIT 1),NULL,'ANEXO D - P5') ON CONFLICT (camera_id) DO UPDATE SET building_id=EXCLUDED.building_id,floor_id=EXCLUDED.floor_id,description=EXCLUDED.description;
INSERT INTO camera_network_connections(camera_id,switch_port,rack_id) VALUES ('morjsqbpvml2gqbz','2/0/44',(SELECT r.id FROM racks r JOIN buildings b ON b.id=r.building_id LEFT JOIN floors f ON f.id=r.floor_id WHERE b.name='Anexo D' AND r.code='0450' AND f.name='05' LIMIT 1)) ON CONFLICT (camera_id) DO UPDATE SET switch_port=EXCLUDED.switch_port,rack_id=EXCLUDED.rack_id;
UPDATE cameras SET ip_address='10.41.30.5', description=COALESCE(NULLIF('ANEXO D - P5',''),description) WHERE device_id='morjsqbpvml2gqbz';
INSERT INTO recorder_channels(recorder_id,channel_number,camera_id,description) VALUES ('morjsqbq8w7sj6j3',5,'morjsqbp7leukl2q','ANEXO D - P4') ON CONFLICT (recorder_id,channel_number) DO UPDATE SET camera_id=EXCLUDED.camera_id,description=EXCLUDED.description;
INSERT INTO camera_locations(camera_id,building_id,floor_id,sector,description) VALUES ('morjsqbp7leukl2q',(SELECT id FROM buildings WHERE name='Anexo D'),(SELECT f.id FROM floors f JOIN buildings b ON b.id=f.building_id WHERE b.name='Anexo D' AND f.name='04' LIMIT 1),NULL,'ANEXO D - P4') ON CONFLICT (camera_id) DO UPDATE SET building_id=EXCLUDED.building_id,floor_id=EXCLUDED.floor_id,description=EXCLUDED.description;
INSERT INTO camera_network_connections(camera_id,switch_port,rack_id) VALUES ('morjsqbp7leukl2q','2/0/46',(SELECT r.id FROM racks r JOIN buildings b ON b.id=r.building_id LEFT JOIN floors f ON f.id=r.floor_id WHERE b.name='Anexo D' AND r.code='0440' AND f.name='04' LIMIT 1)) ON CONFLICT (camera_id) DO UPDATE SET switch_port=EXCLUDED.switch_port,rack_id=EXCLUDED.rack_id;
UPDATE cameras SET ip_address='10.41.30.4', description=COALESCE(NULLIF('ANEXO D - P4',''),description) WHERE device_id='morjsqbp7leukl2q';
INSERT INTO recorder_channels(recorder_id,channel_number,camera_id,description) VALUES ('morjsqbq8w7sj6j3',6,'morjsqbphq56ium0','ANEXO D - P3') ON CONFLICT (recorder_id,channel_number) DO UPDATE SET camera_id=EXCLUDED.camera_id,description=EXCLUDED.description;
INSERT INTO camera_locations(camera_id,building_id,floor_id,sector,description) VALUES ('morjsqbphq56ium0',(SELECT id FROM buildings WHERE name='Anexo D'),(SELECT f.id FROM floors f JOIN buildings b ON b.id=f.building_id WHERE b.name='Anexo D' AND f.name='03' LIMIT 1),NULL,'ANEXO D - P3') ON CONFLICT (camera_id) DO UPDATE SET building_id=EXCLUDED.building_id,floor_id=EXCLUDED.floor_id,description=EXCLUDED.description;
INSERT INTO camera_network_connections(camera_id,switch_port,rack_id) VALUES ('morjsqbphq56ium0','2/0/44',(SELECT r.id FROM racks r JOIN buildings b ON b.id=r.building_id LEFT JOIN floors f ON f.id=r.floor_id WHERE b.name='Anexo D' AND r.code='0430' AND f.name='03' LIMIT 1)) ON CONFLICT (camera_id) DO UPDATE SET switch_port=EXCLUDED.switch_port,rack_id=EXCLUDED.rack_id;
UPDATE cameras SET ip_address='10.41.30.3', description=COALESCE(NULLIF('ANEXO D - P3',''),description) WHERE device_id='morjsqbphq56ium0';
INSERT INTO recorder_channels(recorder_id,channel_number,camera_id,description) VALUES ('morjsqbq8w7sj6j3',7,'morjsqbpj3t0qhb6','ANEXO D - P2') ON CONFLICT (recorder_id,channel_number) DO UPDATE SET camera_id=EXCLUDED.camera_id,description=EXCLUDED.description;
INSERT INTO camera_locations(camera_id,building_id,floor_id,sector,description) VALUES ('morjsqbpj3t0qhb6',(SELECT id FROM buildings WHERE name='Anexo D'),(SELECT f.id FROM floors f JOIN buildings b ON b.id=f.building_id WHERE b.name='Anexo D' AND f.name='02' LIMIT 1),NULL,'ANEXO D - P2') ON CONFLICT (camera_id) DO UPDATE SET building_id=EXCLUDED.building_id,floor_id=EXCLUDED.floor_id,description=EXCLUDED.description;
INSERT INTO camera_network_connections(camera_id,switch_port,rack_id) VALUES ('morjsqbpj3t0qhb6','1/0/45',(SELECT r.id FROM racks r JOIN buildings b ON b.id=r.building_id LEFT JOIN floors f ON f.id=r.floor_id WHERE b.name='Anexo D' AND r.code='0420' AND f.name='02' LIMIT 1)) ON CONFLICT (camera_id) DO UPDATE SET switch_port=EXCLUDED.switch_port,rack_id=EXCLUDED.rack_id;
UPDATE cameras SET ip_address='10.41.30.2', description=COALESCE(NULLIF('ANEXO D - P2',''),description) WHERE device_id='morjsqbpj3t0qhb6';
INSERT INTO recorder_channels(recorder_id,channel_number,camera_id,description) VALUES ('morjsqbq8w7sj6j3',8,'morjsqbp36k8o92p','ANEXO D - P1') ON CONFLICT (recorder_id,channel_number) DO UPDATE SET camera_id=EXCLUDED.camera_id,description=EXCLUDED.description;
INSERT INTO camera_locations(camera_id,building_id,floor_id,sector,description) VALUES ('morjsqbp36k8o92p',(SELECT id FROM buildings WHERE name='Anexo D'),(SELECT f.id FROM floors f JOIN buildings b ON b.id=f.building_id WHERE b.name='Anexo D' AND f.name='01' LIMIT 1),NULL,'ANEXO D - P1') ON CONFLICT (camera_id) DO UPDATE SET building_id=EXCLUDED.building_id,floor_id=EXCLUDED.floor_id,description=EXCLUDED.description;
INSERT INTO camera_network_connections(camera_id,switch_port,rack_id) VALUES ('morjsqbp36k8o92p','3/0/38',(SELECT r.id FROM racks r JOIN buildings b ON b.id=r.building_id LEFT JOIN floors f ON f.id=r.floor_id WHERE b.name='Anexo D' AND r.code='0400' AND f.name='01' LIMIT 1)) ON CONFLICT (camera_id) DO UPDATE SET switch_port=EXCLUDED.switch_port,rack_id=EXCLUDED.rack_id;
UPDATE cameras SET ip_address='10.41.30.1', description=COALESCE(NULLIF('ANEXO D - P1',''),description) WHERE device_id='morjsqbp36k8o92p';
INSERT INTO recorder_channels(recorder_id,channel_number,camera_id,description) VALUES ('morjsqbq8w7sj6j3',9,'morjsqbpuxz1814q','ANXH-P6-1') ON CONFLICT (recorder_id,channel_number) DO UPDATE SET camera_id=EXCLUDED.camera_id,description=EXCLUDED.description;
INSERT INTO camera_locations(camera_id,building_id,floor_id,sector,description) VALUES ('morjsqbpuxz1814q',(SELECT id FROM buildings WHERE name='Anexo H'),(SELECT f.id FROM floors f JOIN buildings b ON b.id=f.building_id WHERE b.name='Anexo H' AND f.name='6' LIMIT 1),NULL,'ANXH-P6-1') ON CONFLICT (camera_id) DO UPDATE SET building_id=EXCLUDED.building_id,floor_id=EXCLUDED.floor_id,description=EXCLUDED.description;
INSERT INTO camera_network_connections(camera_id,switch_port,rack_id) VALUES ('morjsqbpuxz1814q','3/0/36',(SELECT r.id FROM racks r JOIN buildings b ON b.id=r.building_id LEFT JOIN floors f ON f.id=r.floor_id WHERE b.name='Anexo H' AND r.code='0860' AND f.name='6' LIMIT 1)) ON CONFLICT (camera_id) DO UPDATE SET switch_port=EXCLUDED.switch_port,rack_id=EXCLUDED.rack_id;
UPDATE cameras SET ip_address='10.81.30.0', description=COALESCE(NULLIF('ANXH-P6-1',''),description) WHERE device_id='morjsqbpuxz1814q';
INSERT INTO recorder_channels(recorder_id,channel_number,camera_id,description) VALUES ('morjsqbq8w7sj6j3',10,'morjsqbpevdd7mnp','ANXH-P6-2') ON CONFLICT (recorder_id,channel_number) DO UPDATE SET camera_id=EXCLUDED.camera_id,description=EXCLUDED.description;
INSERT INTO camera_locations(camera_id,building_id,floor_id,sector,description) VALUES ('morjsqbpevdd7mnp',(SELECT id FROM buildings WHERE name='Anexo H'),(SELECT f.id FROM floors f JOIN buildings b ON b.id=f.building_id WHERE b.name='Anexo H' AND f.name='06' LIMIT 1),NULL,'ANXH-P6-2') ON CONFLICT (camera_id) DO UPDATE SET building_id=EXCLUDED.building_id,floor_id=EXCLUDED.floor_id,description=EXCLUDED.description;
INSERT INTO camera_network_connections(camera_id,switch_port,rack_id) VALUES ('morjsqbpevdd7mnp','3/0/34',(SELECT r.id FROM racks r JOIN buildings b ON b.id=r.building_id LEFT JOIN floors f ON f.id=r.floor_id WHERE b.name='Anexo H' AND r.code='0860' AND f.name='06' LIMIT 1)) ON CONFLICT (camera_id) DO UPDATE SET switch_port=EXCLUDED.switch_port,rack_id=EXCLUDED.rack_id;
UPDATE cameras SET ip_address='10.81.30.1', description=COALESCE(NULLIF('ANXH-P6-2',''),description) WHERE device_id='morjsqbpevdd7mnp';
INSERT INTO recorder_channels(recorder_id,channel_number,camera_id,description) VALUES ('morjsqbq8w7sj6j3',11,'morjsqbp0qnf1xnb','ANXH-P6-HALL') ON CONFLICT (recorder_id,channel_number) DO UPDATE SET camera_id=EXCLUDED.camera_id,description=EXCLUDED.description;
INSERT INTO camera_locations(camera_id,building_id,floor_id,sector,description) VALUES ('morjsqbp0qnf1xnb',(SELECT id FROM buildings WHERE name='Anexo H'),(SELECT f.id FROM floors f JOIN buildings b ON b.id=f.building_id WHERE b.name='Anexo H' AND f.name='06' LIMIT 1),NULL,'ANXH-P6-HALL') ON CONFLICT (camera_id) DO UPDATE SET building_id=EXCLUDED.building_id,floor_id=EXCLUDED.floor_id,description=EXCLUDED.description;
INSERT INTO camera_network_connections(camera_id,switch_port,rack_id) VALUES ('morjsqbp0qnf1xnb','3/0/35',(SELECT r.id FROM racks r JOIN buildings b ON b.id=r.building_id LEFT JOIN floors f ON f.id=r.floor_id WHERE b.name='Anexo H' AND r.code='0860' AND f.name='06' LIMIT 1)) ON CONFLICT (camera_id) DO UPDATE SET switch_port=EXCLUDED.switch_port,rack_id=EXCLUDED.rack_id;
UPDATE cameras SET ip_address='10.81.30.2', description=COALESCE(NULLIF('ANXH-P6-HALL',''),description) WHERE device_id='morjsqbp0qnf1xnb';
INSERT INTO recorder_channels(recorder_id,channel_number,camera_id,description) VALUES ('morjsqbq8w7sj6j3',12,NULL,NULL) ON CONFLICT (recorder_id,channel_number) DO UPDATE SET camera_id=EXCLUDED.camera_id,description=EXCLUDED.description;
INSERT INTO recorder_channels(recorder_id,channel_number,camera_id,description) VALUES ('morjsqbq8w7sj6j3',13,'morjsqbplq2lms1f','ANXH-P5-HALL') ON CONFLICT (recorder_id,channel_number) DO UPDATE SET camera_id=EXCLUDED.camera_id,description=EXCLUDED.description;
INSERT INTO camera_locations(camera_id,building_id,floor_id,sector,description) VALUES ('morjsqbplq2lms1f',(SELECT id FROM buildings WHERE name='Anexo H'),(SELECT f.id FROM floors f JOIN buildings b ON b.id=f.building_id WHERE b.name='Anexo H' AND f.name='05' LIMIT 1),NULL,'ANXH-P5-HALL') ON CONFLICT (camera_id) DO UPDATE SET building_id=EXCLUDED.building_id,floor_id=EXCLUDED.floor_id,description=EXCLUDED.description;
INSERT INTO camera_network_connections(camera_id,switch_port,rack_id) VALUES ('morjsqbplq2lms1f','1/0/44',(SELECT r.id FROM racks r JOIN buildings b ON b.id=r.building_id LEFT JOIN floors f ON f.id=r.floor_id WHERE b.name='Anexo H' AND r.code='0850' AND f.name='05' LIMIT 1)) ON CONFLICT (camera_id) DO UPDATE SET switch_port=EXCLUDED.switch_port,rack_id=EXCLUDED.rack_id;
UPDATE cameras SET ip_address='10.81.30.4', description=COALESCE(NULLIF('ANXH-P5-HALL',''),description) WHERE device_id='morjsqbplq2lms1f';
INSERT INTO recorder_channels(recorder_id,channel_number,camera_id,description) VALUES ('morjsqbq8w7sj6j3',14,'morjsqbp52m80cpw','ANXH-P4-1') ON CONFLICT (recorder_id,channel_number) DO UPDATE SET camera_id=EXCLUDED.camera_id,description=EXCLUDED.description;
INSERT INTO camera_locations(camera_id,building_id,floor_id,sector,description) VALUES ('morjsqbp52m80cpw',(SELECT id FROM buildings WHERE name='Anexo H'),(SELECT f.id FROM floors f JOIN buildings b ON b.id=f.building_id WHERE b.name='Anexo H' AND f.name='04' LIMIT 1),NULL,'ANXH-P4-1') ON CONFLICT (camera_id) DO UPDATE SET building_id=EXCLUDED.building_id,floor_id=EXCLUDED.floor_id,description=EXCLUDED.description;
INSERT INTO camera_network_connections(camera_id,switch_port,rack_id) VALUES ('morjsqbp52m80cpw','3/0/40',(SELECT r.id FROM racks r JOIN buildings b ON b.id=r.building_id LEFT JOIN floors f ON f.id=r.floor_id WHERE b.name='Anexo H' AND r.code='0840' AND f.name='04' LIMIT 1)) ON CONFLICT (camera_id) DO UPDATE SET switch_port=EXCLUDED.switch_port,rack_id=EXCLUDED.rack_id;
UPDATE cameras SET ip_address='10.81.30.5', description=COALESCE(NULLIF('ANXH-P4-1',''),description) WHERE device_id='morjsqbp52m80cpw';
INSERT INTO recorder_channels(recorder_id,channel_number,camera_id,description) VALUES ('morjsqbq8w7sj6j3',15,'morjsqbppb6crgkc','ANXH-P4-2') ON CONFLICT (recorder_id,channel_number) DO UPDATE SET camera_id=EXCLUDED.camera_id,description=EXCLUDED.description;
INSERT INTO camera_locations(camera_id,building_id,floor_id,sector,description) VALUES ('morjsqbppb6crgkc',(SELECT id FROM buildings WHERE name='Anexo H'),(SELECT f.id FROM floors f JOIN buildings b ON b.id=f.building_id WHERE b.name='Anexo H' AND f.name='04' LIMIT 1),NULL,'ANXH-P4-2') ON CONFLICT (camera_id) DO UPDATE SET building_id=EXCLUDED.building_id,floor_id=EXCLUDED.floor_id,description=EXCLUDED.description;
INSERT INTO camera_network_connections(camera_id,switch_port,rack_id) VALUES ('morjsqbppb6crgkc','3/0/42',(SELECT r.id FROM racks r JOIN buildings b ON b.id=r.building_id LEFT JOIN floors f ON f.id=r.floor_id WHERE b.name='Anexo H' AND r.code='0840' AND f.name='04' LIMIT 1)) ON CONFLICT (camera_id) DO UPDATE SET switch_port=EXCLUDED.switch_port,rack_id=EXCLUDED.rack_id;
UPDATE cameras SET ip_address='10.81.30.6', description=COALESCE(NULLIF('ANXH-P4-2',''),description) WHERE device_id='morjsqbppb6crgkc';
INSERT INTO recorder_channels(recorder_id,channel_number,camera_id,description) VALUES ('morjsqbq8w7sj6j3',16,'morjsqbpsjmdieec','ANXH-P4-HALL') ON CONFLICT (recorder_id,channel_number) DO UPDATE SET camera_id=EXCLUDED.camera_id,description=EXCLUDED.description;
INSERT INTO camera_locations(camera_id,building_id,floor_id,sector,description) VALUES ('morjsqbpsjmdieec',(SELECT id FROM buildings WHERE name='Anexo H'),(SELECT f.id FROM floors f JOIN buildings b ON b.id=f.building_id WHERE b.name='Anexo H' AND f.name='04' LIMIT 1),NULL,'ANXH-P4-HALL') ON CONFLICT (camera_id) DO UPDATE SET building_id=EXCLUDED.building_id,floor_id=EXCLUDED.floor_id,description=EXCLUDED.description;
INSERT INTO camera_network_connections(camera_id,switch_port,rack_id) VALUES ('morjsqbpsjmdieec','3/0/37',(SELECT r.id FROM racks r JOIN buildings b ON b.id=r.building_id LEFT JOIN floors f ON f.id=r.floor_id WHERE b.name='Anexo H' AND r.code='0840' AND f.name='04' LIMIT 1)) ON CONFLICT (camera_id) DO UPDATE SET switch_port=EXCLUDED.switch_port,rack_id=EXCLUDED.rack_id;
UPDATE cameras SET ip_address='10.81.30.7', description=COALESCE(NULLIF('ANXH-P4-HALL',''),description) WHERE device_id='morjsqbpsjmdieec';
INSERT INTO recorder_channels(recorder_id,channel_number,camera_id,description) VALUES ('morjsqbq8w7sj6j3',17,'morjsqbpi7t19j7n','ANXH-P3-1') ON CONFLICT (recorder_id,channel_number) DO UPDATE SET camera_id=EXCLUDED.camera_id,description=EXCLUDED.description;
INSERT INTO camera_locations(camera_id,building_id,floor_id,sector,description) VALUES ('morjsqbpi7t19j7n',(SELECT id FROM buildings WHERE name='Anexo H'),(SELECT f.id FROM floors f JOIN buildings b ON b.id=f.building_id WHERE b.name='Anexo H' AND f.name='03' LIMIT 1),NULL,'ANXH-P3-1') ON CONFLICT (camera_id) DO UPDATE SET building_id=EXCLUDED.building_id,floor_id=EXCLUDED.floor_id,description=EXCLUDED.description;
INSERT INTO camera_network_connections(camera_id,switch_port,rack_id) VALUES ('morjsqbpi7t19j7n','3/0/41',(SELECT r.id FROM racks r JOIN buildings b ON b.id=r.building_id LEFT JOIN floors f ON f.id=r.floor_id WHERE b.name='Anexo H' AND r.code='0830' AND f.name='03' LIMIT 1)) ON CONFLICT (camera_id) DO UPDATE SET switch_port=EXCLUDED.switch_port,rack_id=EXCLUDED.rack_id;
UPDATE cameras SET ip_address='10.81.30.8', description=COALESCE(NULLIF('ANXH-P3-1',''),description) WHERE device_id='morjsqbpi7t19j7n';
INSERT INTO recorder_channels(recorder_id,channel_number,camera_id,description) VALUES ('morjsqbq8w7sj6j3',18,'morjsqbpi8s2vrk0','ANXH-P3-2') ON CONFLICT (recorder_id,channel_number) DO UPDATE SET camera_id=EXCLUDED.camera_id,description=EXCLUDED.description;
INSERT INTO camera_locations(camera_id,building_id,floor_id,sector,description) VALUES ('morjsqbpi8s2vrk0',(SELECT id FROM buildings WHERE name='Anexo H'),(SELECT f.id FROM floors f JOIN buildings b ON b.id=f.building_id WHERE b.name='Anexo H' AND f.name='3' LIMIT 1),NULL,'ANXH-P3-2') ON CONFLICT (camera_id) DO UPDATE SET building_id=EXCLUDED.building_id,floor_id=EXCLUDED.floor_id,description=EXCLUDED.description;
INSERT INTO camera_network_connections(camera_id,switch_port,rack_id) VALUES ('morjsqbpi8s2vrk0','3/0/39',(SELECT r.id FROM racks r JOIN buildings b ON b.id=r.building_id LEFT JOIN floors f ON f.id=r.floor_id WHERE b.name='Anexo H' AND r.code='0830' AND f.name='3' LIMIT 1)) ON CONFLICT (camera_id) DO UPDATE SET switch_port=EXCLUDED.switch_port,rack_id=EXCLUDED.rack_id;
UPDATE cameras SET ip_address='10.81.30.9', description=COALESCE(NULLIF('ANXH-P3-2',''),description) WHERE device_id='morjsqbpi8s2vrk0';
INSERT INTO recorder_channels(recorder_id,channel_number,camera_id,description) VALUES ('morjsqbq8w7sj6j3',19,'morjsqbpie0a9fnl','ANXH-P3-HALL') ON CONFLICT (recorder_id,channel_number) DO UPDATE SET camera_id=EXCLUDED.camera_id,description=EXCLUDED.description;
INSERT INTO camera_locations(camera_id,building_id,floor_id,sector,description) VALUES ('morjsqbpie0a9fnl',(SELECT id FROM buildings WHERE name='Anexo H'),(SELECT f.id FROM floors f JOIN buildings b ON b.id=f.building_id WHERE b.name='Anexo H' AND f.name='03' LIMIT 1),NULL,'ANXH-P3-HALL') ON CONFLICT (camera_id) DO UPDATE SET building_id=EXCLUDED.building_id,floor_id=EXCLUDED.floor_id,description=EXCLUDED.description;
INSERT INTO camera_network_connections(camera_id,switch_port,rack_id) VALUES ('morjsqbpie0a9fnl','3/0/40',(SELECT r.id FROM racks r JOIN buildings b ON b.id=r.building_id LEFT JOIN floors f ON f.id=r.floor_id WHERE b.name='Anexo H' AND r.code='0830' AND f.name='03' LIMIT 1)) ON CONFLICT (camera_id) DO UPDATE SET switch_port=EXCLUDED.switch_port,rack_id=EXCLUDED.rack_id;
UPDATE cameras SET ip_address='10.81.30.10', description=COALESCE(NULLIF('ANXH-P3-HALL',''),description) WHERE device_id='morjsqbpie0a9fnl';
INSERT INTO recorder_channels(recorder_id,channel_number,camera_id,description) VALUES ('morjsqbq8w7sj6j3',20,'morjsqbpfki4nwdf','ANXH-P2-1') ON CONFLICT (recorder_id,channel_number) DO UPDATE SET camera_id=EXCLUDED.camera_id,description=EXCLUDED.description;
INSERT INTO camera_locations(camera_id,building_id,floor_id,sector,description) VALUES ('morjsqbpfki4nwdf',(SELECT id FROM buildings WHERE name='Anexo H'),(SELECT f.id FROM floors f JOIN buildings b ON b.id=f.building_id WHERE b.name='Anexo H' AND f.name='02' LIMIT 1),NULL,'ANXH-P2-1') ON CONFLICT (camera_id) DO UPDATE SET building_id=EXCLUDED.building_id,floor_id=EXCLUDED.floor_id,description=EXCLUDED.description;
INSERT INTO camera_network_connections(camera_id,switch_port,rack_id) VALUES ('morjsqbpfki4nwdf','3/0/42',(SELECT r.id FROM racks r JOIN buildings b ON b.id=r.building_id LEFT JOIN floors f ON f.id=r.floor_id WHERE b.name='Anexo H' AND r.code='0820' AND f.name='02' LIMIT 1)) ON CONFLICT (camera_id) DO UPDATE SET switch_port=EXCLUDED.switch_port,rack_id=EXCLUDED.rack_id;
UPDATE cameras SET ip_address='10.81.30.11', description=COALESCE(NULLIF('ANXH-P2-1',''),description) WHERE device_id='morjsqbpfki4nwdf';
INSERT INTO recorder_channels(recorder_id,channel_number,camera_id,description) VALUES ('morjsqbq8w7sj6j3',21,'morjsqbpz1shex91','ANXH-P2-2') ON CONFLICT (recorder_id,channel_number) DO UPDATE SET camera_id=EXCLUDED.camera_id,description=EXCLUDED.description;
INSERT INTO camera_locations(camera_id,building_id,floor_id,sector,description) VALUES ('morjsqbpz1shex91',(SELECT id FROM buildings WHERE name='Anexo H'),(SELECT f.id FROM floors f JOIN buildings b ON b.id=f.building_id WHERE b.name='Anexo H' AND f.name='02' LIMIT 1),NULL,'ANXH-P2-2') ON CONFLICT (camera_id) DO UPDATE SET building_id=EXCLUDED.building_id,floor_id=EXCLUDED.floor_id,description=EXCLUDED.description;
INSERT INTO camera_network_connections(camera_id,switch_port,rack_id) VALUES ('morjsqbpz1shex91','3/0/40',(SELECT r.id FROM racks r JOIN buildings b ON b.id=r.building_id LEFT JOIN floors f ON f.id=r.floor_id WHERE b.name='Anexo H' AND r.code='0820' AND f.name='02' LIMIT 1)) ON CONFLICT (camera_id) DO UPDATE SET switch_port=EXCLUDED.switch_port,rack_id=EXCLUDED.rack_id;
UPDATE cameras SET ip_address='10.81.30.12', description=COALESCE(NULLIF('ANXH-P2-2',''),description) WHERE device_id='morjsqbpz1shex91';
INSERT INTO recorder_channels(recorder_id,channel_number,camera_id,description) VALUES ('morjsqbq8w7sj6j3',22,'morjsqbp7px35kou','ANXH-P2-HALL') ON CONFLICT (recorder_id,channel_number) DO UPDATE SET camera_id=EXCLUDED.camera_id,description=EXCLUDED.description;
INSERT INTO camera_locations(camera_id,building_id,floor_id,sector,description) VALUES ('morjsqbp7px35kou',(SELECT id FROM buildings WHERE name='Anexo H'),(SELECT f.id FROM floors f JOIN buildings b ON b.id=f.building_id WHERE b.name='Anexo H' AND f.name='02' LIMIT 1),NULL,'ANXH-P2-HALL') ON CONFLICT (camera_id) DO UPDATE SET building_id=EXCLUDED.building_id,floor_id=EXCLUDED.floor_id,description=EXCLUDED.description;
INSERT INTO camera_network_connections(camera_id,switch_port,rack_id) VALUES ('morjsqbp7px35kou','3/0/41',(SELECT r.id FROM racks r JOIN buildings b ON b.id=r.building_id LEFT JOIN floors f ON f.id=r.floor_id WHERE b.name='Anexo H' AND r.code='0820' AND f.name='02' LIMIT 1)) ON CONFLICT (camera_id) DO UPDATE SET switch_port=EXCLUDED.switch_port,rack_id=EXCLUDED.rack_id;
UPDATE cameras SET ip_address='10.81.30.13', description=COALESCE(NULLIF('ANXH-P2-HALL',''),description) WHERE device_id='morjsqbp7px35kou';
INSERT INTO recorder_channels(recorder_id,channel_number,camera_id,description) VALUES ('morjsqbq8w7sj6j3',23,'morjsqbpxfheg940','ANXH-P1-1') ON CONFLICT (recorder_id,channel_number) DO UPDATE SET camera_id=EXCLUDED.camera_id,description=EXCLUDED.description;
INSERT INTO camera_locations(camera_id,building_id,floor_id,sector,description) VALUES ('morjsqbpxfheg940',(SELECT id FROM buildings WHERE name='Anexo H'),(SELECT f.id FROM floors f JOIN buildings b ON b.id=f.building_id WHERE b.name='Anexo H' AND f.name='01' LIMIT 1),NULL,'ANXH-P1-1') ON CONFLICT (camera_id) DO UPDATE SET building_id=EXCLUDED.building_id,floor_id=EXCLUDED.floor_id,description=EXCLUDED.description;
INSERT INTO camera_network_connections(camera_id,switch_port,rack_id) VALUES ('morjsqbpxfheg940','3/0/41',(SELECT r.id FROM racks r JOIN buildings b ON b.id=r.building_id LEFT JOIN floors f ON f.id=r.floor_id WHERE b.name='Anexo H' AND r.code='0810' AND f.name='01' LIMIT 1)) ON CONFLICT (camera_id) DO UPDATE SET switch_port=EXCLUDED.switch_port,rack_id=EXCLUDED.rack_id;
UPDATE cameras SET ip_address='10.81.30.14', description=COALESCE(NULLIF('ANXH-P1-1',''),description) WHERE device_id='morjsqbpxfheg940';
INSERT INTO recorder_channels(recorder_id,channel_number,camera_id,description) VALUES ('morjsqbq8w7sj6j3',24,'morjsqbpbnge82lq','ANXH-P1-2') ON CONFLICT (recorder_id,channel_number) DO UPDATE SET camera_id=EXCLUDED.camera_id,description=EXCLUDED.description;
INSERT INTO camera_locations(camera_id,building_id,floor_id,sector,description) VALUES ('morjsqbpbnge82lq',(SELECT id FROM buildings WHERE name='Anexo H'),(SELECT f.id FROM floors f JOIN buildings b ON b.id=f.building_id WHERE b.name='Anexo H' AND f.name='01' LIMIT 1),NULL,'ANXH-P1-2') ON CONFLICT (camera_id) DO UPDATE SET building_id=EXCLUDED.building_id,floor_id=EXCLUDED.floor_id,description=EXCLUDED.description;
INSERT INTO camera_network_connections(camera_id,switch_port,rack_id) VALUES ('morjsqbpbnge82lq','3/0/36',(SELECT r.id FROM racks r JOIN buildings b ON b.id=r.building_id LEFT JOIN floors f ON f.id=r.floor_id WHERE b.name='Anexo H' AND r.code='0810' AND f.name='01' LIMIT 1)) ON CONFLICT (camera_id) DO UPDATE SET switch_port=EXCLUDED.switch_port,rack_id=EXCLUDED.rack_id;
UPDATE cameras SET ip_address='10.81.30.15', description=COALESCE(NULLIF('ANXH-P1-2',''),description) WHERE device_id='morjsqbpbnge82lq';
INSERT INTO recorder_channels(recorder_id,channel_number,camera_id,description) VALUES ('morjsqbq8w7sj6j3',25,'morjsqbpmv8qhrky','ANXH-P1-HALL') ON CONFLICT (recorder_id,channel_number) DO UPDATE SET camera_id=EXCLUDED.camera_id,description=EXCLUDED.description;
INSERT INTO camera_locations(camera_id,building_id,floor_id,sector,description) VALUES ('morjsqbpmv8qhrky',(SELECT id FROM buildings WHERE name='Anexo H'),(SELECT f.id FROM floors f JOIN buildings b ON b.id=f.building_id WHERE b.name='Anexo H' AND f.name='01' LIMIT 1),NULL,'ANXH-P1-HALL') ON CONFLICT (camera_id) DO UPDATE SET building_id=EXCLUDED.building_id,floor_id=EXCLUDED.floor_id,description=EXCLUDED.description;
INSERT INTO camera_network_connections(camera_id,switch_port,rack_id) VALUES ('morjsqbpmv8qhrky','3/0/47',(SELECT r.id FROM racks r JOIN buildings b ON b.id=r.building_id LEFT JOIN floors f ON f.id=r.floor_id WHERE b.name='Anexo H' AND r.code='0810' AND f.name='01' LIMIT 1)) ON CONFLICT (camera_id) DO UPDATE SET switch_port=EXCLUDED.switch_port,rack_id=EXCLUDED.rack_id;
UPDATE cameras SET ip_address='10.81.30.16', description=COALESCE(NULLIF('ANXH-P1-HALL',''),description) WHERE device_id='morjsqbpmv8qhrky';
INSERT INTO recorder_channels(recorder_id,channel_number,camera_id,description) VALUES ('morjsqbq8w7sj6j3',26,'morjsqbq6uha21h9','LACTANCIA 1') ON CONFLICT (recorder_id,channel_number) DO UPDATE SET camera_id=EXCLUDED.camera_id,description=EXCLUDED.description;
INSERT INTO camera_locations(camera_id,building_id,floor_id,sector,description) VALUES ('morjsqbq6uha21h9',(SELECT id FROM buildings WHERE name='Anexo C'),(SELECT f.id FROM floors f JOIN buildings b ON b.id=f.building_id WHERE b.name='Anexo C' AND f.name='01' LIMIT 1),NULL,'LACTANCIA 1') ON CONFLICT (camera_id) DO UPDATE SET building_id=EXCLUDED.building_id,floor_id=EXCLUDED.floor_id,description=EXCLUDED.description;
INSERT INTO camera_network_connections(camera_id,switch_port,rack_id) VALUES ('morjsqbq6uha21h9','2/0/11',(SELECT r.id FROM racks r JOIN buildings b ON b.id=r.building_id LEFT JOIN floors f ON f.id=r.floor_id WHERE b.name='Anexo C' AND r.code='0310' AND f.name='01' LIMIT 1)) ON CONFLICT (camera_id) DO UPDATE SET switch_port=EXCLUDED.switch_port,rack_id=EXCLUDED.rack_id;
UPDATE cameras SET ip_address='10.31.30.6', description=COALESCE(NULLIF('LACTANCIA 1',''),description) WHERE device_id='morjsqbq6uha21h9';
INSERT INTO recorder_channels(recorder_id,channel_number,camera_id,description) VALUES ('morjsqbq8w7sj6j3',27,'morjsqbpy3jtvvyl','LACTANCIA 2') ON CONFLICT (recorder_id,channel_number) DO UPDATE SET camera_id=EXCLUDED.camera_id,description=EXCLUDED.description;
INSERT INTO camera_locations(camera_id,building_id,floor_id,sector,description) VALUES ('morjsqbpy3jtvvyl',(SELECT id FROM buildings WHERE name='Anexo C'),(SELECT f.id FROM floors f JOIN buildings b ON b.id=f.building_id WHERE b.name='Anexo C' AND f.name='01' LIMIT 1),NULL,'LACTANCIA 2') ON CONFLICT (camera_id) DO UPDATE SET building_id=EXCLUDED.building_id,floor_id=EXCLUDED.floor_id,description=EXCLUDED.description;
INSERT INTO camera_network_connections(camera_id,switch_port,rack_id) VALUES ('morjsqbpy3jtvvyl','2/0/12',(SELECT r.id FROM racks r JOIN buildings b ON b.id=r.building_id LEFT JOIN floors f ON f.id=r.floor_id WHERE b.name='Anexo C' AND r.code='0310' AND f.name='01' LIMIT 1)) ON CONFLICT (camera_id) DO UPDATE SET switch_port=EXCLUDED.switch_port,rack_id=EXCLUDED.rack_id;
UPDATE cameras SET ip_address='10.31.30.7', description=COALESCE(NULLIF('LACTANCIA 2',''),description) WHERE device_id='morjsqbpy3jtvvyl';
INSERT INTO recorder_channels(recorder_id,channel_number,camera_id,description) VALUES ('morjsqbq8w7sj6j3',28,'morjsqbqzycclosa','RRHH 4P ANXC') ON CONFLICT (recorder_id,channel_number) DO UPDATE SET camera_id=EXCLUDED.camera_id,description=EXCLUDED.description;
INSERT INTO camera_locations(camera_id,building_id,floor_id,sector,description) VALUES ('morjsqbqzycclosa',(SELECT id FROM buildings WHERE name='Anexo C'),(SELECT f.id FROM floors f JOIN buildings b ON b.id=f.building_id WHERE b.name='Anexo C' AND f.name='04' LIMIT 1),NULL,'RRHH 4P ANXC') ON CONFLICT (camera_id) DO UPDATE SET building_id=EXCLUDED.building_id,floor_id=EXCLUDED.floor_id,description=EXCLUDED.description;
INSERT INTO camera_network_connections(camera_id,switch_port,rack_id) VALUES ('morjsqbqzycclosa','3/0/44',(SELECT r.id FROM racks r JOIN buildings b ON b.id=r.building_id LEFT JOIN floors f ON f.id=r.floor_id WHERE b.name='Anexo C' AND r.code='0340' AND f.name='04' LIMIT 1)) ON CONFLICT (camera_id) DO UPDATE SET switch_port=EXCLUDED.switch_port,rack_id=EXCLUDED.rack_id;
UPDATE cameras SET ip_address='10.31.30.8', description=COALESCE(NULLIF('RRHH 4P ANXC',''),description) WHERE device_id='morjsqbqzycclosa';
INSERT INTO recorder_channels(recorder_id,channel_number,camera_id,description) VALUES ('morjsqbq8w7sj6j3',29,'morjsqbq6g5ectzn','ANEXO C 5P') ON CONFLICT (recorder_id,channel_number) DO UPDATE SET camera_id=EXCLUDED.camera_id,description=EXCLUDED.description;
INSERT INTO camera_locations(camera_id,building_id,floor_id,sector,description) VALUES ('morjsqbq6g5ectzn',(SELECT id FROM buildings WHERE name='Anexo C'),(SELECT f.id FROM floors f JOIN buildings b ON b.id=f.building_id WHERE b.name='Anexo C' AND f.name='05' LIMIT 1),NULL,'ANEXO C 5P') ON CONFLICT (camera_id) DO UPDATE SET building_id=EXCLUDED.building_id,floor_id=EXCLUDED.floor_id,description=EXCLUDED.description;
INSERT INTO camera_network_connections(camera_id,switch_port,rack_id) VALUES ('morjsqbq6g5ectzn','3/0/41',(SELECT r.id FROM racks r JOIN buildings b ON b.id=r.building_id LEFT JOIN floors f ON f.id=r.floor_id WHERE b.name='Anexo C' AND r.code='0350' AND f.name='05' LIMIT 1)) ON CONFLICT (camera_id) DO UPDATE SET switch_port=EXCLUDED.switch_port,rack_id=EXCLUDED.rack_id;
UPDATE cameras SET ip_address='10.32.30.0', description=COALESCE(NULLIF('ANEXO C 5P',''),description) WHERE device_id='morjsqbq6g5ectzn';
INSERT INTO recorder_channels(recorder_id,channel_number,camera_id,description) VALUES ('morjsqbq8w7sj6j3',30,'morjsqbq22rg40xr','ANEXO C 7P') ON CONFLICT (recorder_id,channel_number) DO UPDATE SET camera_id=EXCLUDED.camera_id,description=EXCLUDED.description;
INSERT INTO camera_locations(camera_id,building_id,floor_id,sector,description) VALUES ('morjsqbq22rg40xr',(SELECT id FROM buildings WHERE name='Anexo C'),(SELECT f.id FROM floors f JOIN buildings b ON b.id=f.building_id WHERE b.name='Anexo C' AND f.name='07' LIMIT 1),NULL,'ANEXO C 7P') ON CONFLICT (camera_id) DO UPDATE SET building_id=EXCLUDED.building_id,floor_id=EXCLUDED.floor_id,description=EXCLUDED.description;
INSERT INTO camera_network_connections(camera_id,switch_port,rack_id) VALUES ('morjsqbq22rg40xr','2/0/2',(SELECT r.id FROM racks r JOIN buildings b ON b.id=r.building_id LEFT JOIN floors f ON f.id=r.floor_id WHERE b.name='Anexo C' AND r.code='0370' AND f.name='07' LIMIT 1)) ON CONFLICT (camera_id) DO UPDATE SET switch_port=EXCLUDED.switch_port,rack_id=EXCLUDED.rack_id;
UPDATE cameras SET ip_address='10.32.30.1', description=COALESCE(NULLIF('ANEXO C 7P',''),description) WHERE device_id='morjsqbq22rg40xr';
INSERT INTO recorder_channels(recorder_id,channel_number,camera_id,description) VALUES ('morjsqbq8w7sj6j3',31,'morjsqbpzc2703g5','SALA 2P ALA RIVADAVIA') ON CONFLICT (recorder_id,channel_number) DO UPDATE SET camera_id=EXCLUDED.camera_id,description=EXCLUDED.description;
INSERT INTO camera_locations(camera_id,building_id,floor_id,sector,description) VALUES ('morjsqbpzc2703g5',(SELECT id FROM buildings WHERE name='Anexo C'),(SELECT f.id FROM floors f JOIN buildings b ON b.id=f.building_id WHERE b.name='Anexo C' AND f.name='02' LIMIT 1),NULL,'SALA 2P ALA RIVADAVIA') ON CONFLICT (camera_id) DO UPDATE SET building_id=EXCLUDED.building_id,floor_id=EXCLUDED.floor_id,description=EXCLUDED.description;
INSERT INTO camera_network_connections(camera_id,switch_port,rack_id) VALUES ('morjsqbpzc2703g5','1/0/45',(SELECT r.id FROM racks r JOIN buildings b ON b.id=r.building_id LEFT JOIN floors f ON f.id=r.floor_id WHERE b.name='Anexo C' AND r.code='0320' AND f.name='02' LIMIT 1)) ON CONFLICT (camera_id) DO UPDATE SET switch_port=EXCLUDED.switch_port,rack_id=EXCLUDED.rack_id;
UPDATE cameras SET ip_address='10.31.30.21', description=COALESCE(NULLIF('SALA 2P ALA RIVADAVIA',''),description) WHERE device_id='morjsqbpzc2703g5';
INSERT INTO recorder_channels(recorder_id,channel_number,camera_id,description) VALUES ('morjsqbq8w7sj6j3',32,'morjsqbppya4wp5d','SALA 2P ALA MITRE') ON CONFLICT (recorder_id,channel_number) DO UPDATE SET camera_id=EXCLUDED.camera_id,description=EXCLUDED.description;
INSERT INTO camera_locations(camera_id,building_id,floor_id,sector,description) VALUES ('morjsqbppya4wp5d',(SELECT id FROM buildings WHERE name='Anexo C'),(SELECT f.id FROM floors f JOIN buildings b ON b.id=f.building_id WHERE b.name='Anexo C' AND f.name='02' LIMIT 1),NULL,'SALA 2P ALA MITRE') ON CONFLICT (camera_id) DO UPDATE SET building_id=EXCLUDED.building_id,floor_id=EXCLUDED.floor_id,description=EXCLUDED.description;
INSERT INTO camera_network_connections(camera_id,switch_port,rack_id) VALUES ('morjsqbppya4wp5d','1/0/44',(SELECT r.id FROM racks r JOIN buildings b ON b.id=r.building_id LEFT JOIN floors f ON f.id=r.floor_id WHERE b.name='Anexo C' AND r.code='0320' AND f.name='02' LIMIT 1)) ON CONFLICT (camera_id) DO UPDATE SET switch_port=EXCLUDED.switch_port,rack_id=EXCLUDED.rack_id;
UPDATE cameras SET ip_address='10.31.30.20', description=COALESCE(NULLIF('SALA 2P ALA MITRE',''),description) WHERE device_id='morjsqbppya4wp5d';
INSERT INTO recorder_channels(recorder_id,channel_number,camera_id,description) VALUES ('morjsqbq8w7sj6j3',33,'morjsqbpsgnx4qrh','HALL JARDIN INT') ON CONFLICT (recorder_id,channel_number) DO UPDATE SET camera_id=EXCLUDED.camera_id,description=EXCLUDED.description;
INSERT INTO camera_locations(camera_id,building_id,floor_id,sector,description) VALUES ('morjsqbpsgnx4qrh',(SELECT id FROM buildings WHERE name='Anexo C'),(SELECT f.id FROM floors f JOIN buildings b ON b.id=f.building_id WHERE b.name='Anexo C' AND f.name='pb' LIMIT 1),NULL,'HALL JARDIN INT') ON CONFLICT (camera_id) DO UPDATE SET building_id=EXCLUDED.building_id,floor_id=EXCLUDED.floor_id,description=EXCLUDED.description;
INSERT INTO camera_network_connections(camera_id,switch_port,rack_id) VALUES ('morjsqbpsgnx4qrh','2/0/9',(SELECT r.id FROM racks r JOIN buildings b ON b.id=r.building_id LEFT JOIN floors f ON f.id=r.floor_id WHERE b.name='Anexo C' AND r.code='0310' AND f.name='pb' LIMIT 1)) ON CONFLICT (camera_id) DO UPDATE SET switch_port=EXCLUDED.switch_port,rack_id=EXCLUDED.rack_id;
UPDATE cameras SET ip_address='10.31.30.4', description=COALESCE(NULLIF('HALL JARDIN INT',''),description) WHERE device_id='morjsqbpsgnx4qrh';
INSERT INTO recorder_channels(recorder_id,channel_number,camera_id,description) VALUES ('morjsqbq8w7sj6j3',34,'morjsqbprgtlruci','HALL JARDIN EXT') ON CONFLICT (recorder_id,channel_number) DO UPDATE SET camera_id=EXCLUDED.camera_id,description=EXCLUDED.description;
INSERT INTO camera_locations(camera_id,building_id,floor_id,sector,description) VALUES ('morjsqbprgtlruci',(SELECT id FROM buildings WHERE name='Anexo C'),(SELECT f.id FROM floors f JOIN buildings b ON b.id=f.building_id WHERE b.name='Anexo C' AND f.name='pb' LIMIT 1),NULL,'HALL JARDIN EXT') ON CONFLICT (camera_id) DO UPDATE SET building_id=EXCLUDED.building_id,floor_id=EXCLUDED.floor_id,description=EXCLUDED.description;
INSERT INTO camera_network_connections(camera_id,switch_port,rack_id) VALUES ('morjsqbprgtlruci','2/0/10',(SELECT r.id FROM racks r JOIN buildings b ON b.id=r.building_id LEFT JOIN floors f ON f.id=r.floor_id WHERE b.name='Anexo C' AND r.code='0310' AND f.name='pb' LIMIT 1)) ON CONFLICT (camera_id) DO UPDATE SET switch_port=EXCLUDED.switch_port,rack_id=EXCLUDED.rack_id;
UPDATE cameras SET ip_address='10.31.30.5', description=COALESCE(NULLIF('HALL JARDIN EXT',''),description) WHERE device_id='morjsqbprgtlruci';
INSERT INTO recorder_channels(recorder_id,channel_number,camera_id,description) VALUES ('morjsqbq8w7sj6j3',35,'morjsqbp0rt7p8qi','HALL MITRE 2085') ON CONFLICT (recorder_id,channel_number) DO UPDATE SET camera_id=EXCLUDED.camera_id,description=EXCLUDED.description;
INSERT INTO camera_locations(camera_id,building_id,floor_id,sector,description) VALUES ('morjsqbp0rt7p8qi',(SELECT id FROM buildings WHERE name='Anexo E'),(SELECT f.id FROM floors f JOIN buildings b ON b.id=f.building_id WHERE b.name='Anexo E' AND f.name='pb' LIMIT 1),NULL,'HALL MITRE 2085') ON CONFLICT (camera_id) DO UPDATE SET building_id=EXCLUDED.building_id,floor_id=EXCLUDED.floor_id,description=EXCLUDED.description;
INSERT INTO camera_network_connections(camera_id,switch_port,rack_id) VALUES ('morjsqbp0rt7p8qi','3/0/45',(SELECT r.id FROM racks r JOIN buildings b ON b.id=r.building_id LEFT JOIN floors f ON f.id=r.floor_id WHERE b.name='Anexo E' AND r.code='0500' AND f.name='pb' LIMIT 1)) ON CONFLICT (camera_id) DO UPDATE SET switch_port=EXCLUDED.switch_port,rack_id=EXCLUDED.rack_id;
UPDATE cameras SET ip_address='10.91.30.6', description=COALESCE(NULLIF('HALL MITRE 2085',''),description) WHERE device_id='morjsqbp0rt7p8qi';
INSERT INTO recorder_channels(recorder_id,channel_number,camera_id,description) VALUES ('morjsqbq8w7sj6j3',36,'morjsqbprfz0tyij','ANEXO H - PB') ON CONFLICT (recorder_id,channel_number) DO UPDATE SET camera_id=EXCLUDED.camera_id,description=EXCLUDED.description;
INSERT INTO camera_locations(camera_id,building_id,floor_id,sector,description) VALUES ('morjsqbprfz0tyij',(SELECT id FROM buildings WHERE name='Anexo H'),(SELECT f.id FROM floors f JOIN buildings b ON b.id=f.building_id WHERE b.name='Anexo H' AND f.name='pb' LIMIT 1),NULL,'ANEXO H - PB') ON CONFLICT (camera_id) DO UPDATE SET building_id=EXCLUDED.building_id,floor_id=EXCLUDED.floor_id,description=EXCLUDED.description;
INSERT INTO camera_network_connections(camera_id,switch_port,rack_id) VALUES ('morjsqbprfz0tyij','3/0/34',(SELECT r.id FROM racks r JOIN buildings b ON b.id=r.building_id LEFT JOIN floors f ON f.id=r.floor_id WHERE b.name='Anexo H' AND r.code='0810' AND f.name='pb' LIMIT 1)) ON CONFLICT (camera_id) DO UPDATE SET switch_port=EXCLUDED.switch_port,rack_id=EXCLUDED.rack_id;
UPDATE cameras SET ip_address='10.81.30.17', description=COALESCE(NULLIF('ANEXO H - PB',''),description) WHERE device_id='morjsqbprfz0tyij';
INSERT INTO recorder_channels(recorder_id,channel_number,camera_id,description) VALUES ('morjsqbq8w7sj6j3',37,'morjsqbpbjtvykjk','INGRESO ANEXO D') ON CONFLICT (recorder_id,channel_number) DO UPDATE SET camera_id=EXCLUDED.camera_id,description=EXCLUDED.description;
INSERT INTO camera_locations(camera_id,building_id,floor_id,sector,description) VALUES ('morjsqbpbjtvykjk',(SELECT id FROM buildings WHERE name='Anexo D'),(SELECT f.id FROM floors f JOIN buildings b ON b.id=f.building_id WHERE b.name='Anexo D' AND f.name='pb' LIMIT 1),NULL,'INGRESO ANEXO D') ON CONFLICT (camera_id) DO UPDATE SET building_id=EXCLUDED.building_id,floor_id=EXCLUDED.floor_id,description=EXCLUDED.description;
INSERT INTO camera_network_connections(camera_id,switch_port,rack_id) VALUES ('morjsqbpbjtvykjk','2/0/37',(SELECT r.id FROM racks r JOIN buildings b ON b.id=r.building_id LEFT JOIN floors f ON f.id=r.floor_id WHERE b.name='Anexo D' AND r.code='0400' AND f.name='pb' LIMIT 1)) ON CONFLICT (camera_id) DO UPDATE SET switch_port=EXCLUDED.switch_port,rack_id=EXCLUDED.rack_id;
UPDATE cameras SET ip_address='10.41.30.9', description=COALESCE(NULLIF('INGRESO ANEXO D',''),description) WHERE device_id='morjsqbpbjtvykjk';
INSERT INTO recorder_channels(recorder_id,channel_number,camera_id,description) VALUES ('morjsqbq8w7sj6j3',38,'morjsqbpjxh4f7r7','TALLERES 1P ANEXO D') ON CONFLICT (recorder_id,channel_number) DO UPDATE SET camera_id=EXCLUDED.camera_id,description=EXCLUDED.description;
INSERT INTO camera_locations(camera_id,building_id,floor_id,sector,description) VALUES ('morjsqbpjxh4f7r7',(SELECT id FROM buildings WHERE name='Anexo D'),(SELECT f.id FROM floors f JOIN buildings b ON b.id=f.building_id WHERE b.name='Anexo D' AND f.name='01' LIMIT 1),NULL,'TALLERES 1P ANEXO D') ON CONFLICT (camera_id) DO UPDATE SET building_id=EXCLUDED.building_id,floor_id=EXCLUDED.floor_id,description=EXCLUDED.description;
INSERT INTO camera_network_connections(camera_id,switch_port,rack_id) VALUES ('morjsqbpjxh4f7r7','2/0/41',(SELECT r.id FROM racks r JOIN buildings b ON b.id=r.building_id LEFT JOIN floors f ON f.id=r.floor_id WHERE b.name='Anexo D' AND r.code='0400' AND f.name='01' LIMIT 1)) ON CONFLICT (camera_id) DO UPDATE SET switch_port=EXCLUDED.switch_port,rack_id=EXCLUDED.rack_id;
UPDATE cameras SET ip_address='10.41.30.12', description=COALESCE(NULLIF('TALLERES 1P ANEXO D',''),description) WHERE device_id='morjsqbpjxh4f7r7';
INSERT INTO recorder_channels(recorder_id,channel_number,camera_id,description) VALUES ('morjsqbq8w7sj6j3',39,'morjsqbpn26322pf','TALLERES PB ANEXO D') ON CONFLICT (recorder_id,channel_number) DO UPDATE SET camera_id=EXCLUDED.camera_id,description=EXCLUDED.description;
INSERT INTO camera_locations(camera_id,building_id,floor_id,sector,description) VALUES ('morjsqbpn26322pf',(SELECT id FROM buildings WHERE name='Anexo D'),(SELECT f.id FROM floors f JOIN buildings b ON b.id=f.building_id WHERE b.name='Anexo D' AND f.name='pb' LIMIT 1),NULL,'TALLERES PB ANEXO D') ON CONFLICT (camera_id) DO UPDATE SET building_id=EXCLUDED.building_id,floor_id=EXCLUDED.floor_id,description=EXCLUDED.description;
INSERT INTO camera_network_connections(camera_id,switch_port,rack_id) VALUES ('morjsqbpn26322pf','2/0/42',(SELECT r.id FROM racks r JOIN buildings b ON b.id=r.building_id LEFT JOIN floors f ON f.id=r.floor_id WHERE b.name='Anexo D' AND r.code='0400' AND f.name='pb' LIMIT 1)) ON CONFLICT (camera_id) DO UPDATE SET switch_port=EXCLUDED.switch_port,rack_id=EXCLUDED.rack_id;
UPDATE cameras SET ip_address='10.41.30.13', description=COALESCE(NULLIF('TALLERES PB ANEXO D',''),description) WHERE device_id='morjsqbpn26322pf';
INSERT INTO recorder_channels(recorder_id,channel_number,camera_id,description) VALUES ('morjsqbq8w7sj6j3',40,'morjsqbp9k6fjjgo','P12 ASCENSOR 1') ON CONFLICT (recorder_id,channel_number) DO UPDATE SET camera_id=EXCLUDED.camera_id,description=EXCLUDED.description;
INSERT INTO camera_locations(camera_id,building_id,floor_id,sector,description) VALUES ('morjsqbp9k6fjjgo',(SELECT id FROM buildings WHERE name='Anexo A'),(SELECT f.id FROM floors f JOIN buildings b ON b.id=f.building_id WHERE b.name='Anexo A' AND f.name='12' LIMIT 1),NULL,'P12 ASCENSOR 1') ON CONFLICT (camera_id) DO UPDATE SET building_id=EXCLUDED.building_id,floor_id=EXCLUDED.floor_id,description=EXCLUDED.description;
INSERT INTO camera_network_connections(camera_id,switch_port,rack_id) VALUES ('morjsqbp9k6fjjgo','4/0/23',(SELECT r.id FROM racks r JOIN buildings b ON b.id=r.building_id LEFT JOIN floors f ON f.id=r.floor_id WHERE b.name='Anexo A' AND r.code='0177' AND f.name='12' LIMIT 1)) ON CONFLICT (camera_id) DO UPDATE SET switch_port=EXCLUDED.switch_port,rack_id=EXCLUDED.rack_id;
UPDATE cameras SET ip_address='10.16.30.7', description=COALESCE(NULLIF('P12 ASCENSOR 1',''),description) WHERE device_id='morjsqbp9k6fjjgo';
INSERT INTO recorder_channels(recorder_id,channel_number,camera_id,description) VALUES ('morjsqbq8w7sj6j3',41,'morjsqbpfs9jofeh','P12 ASCENSOR 2') ON CONFLICT (recorder_id,channel_number) DO UPDATE SET camera_id=EXCLUDED.camera_id,description=EXCLUDED.description;
INSERT INTO camera_locations(camera_id,building_id,floor_id,sector,description) VALUES ('morjsqbpfs9jofeh',(SELECT id FROM buildings WHERE name='Anexo A'),(SELECT f.id FROM floors f JOIN buildings b ON b.id=f.building_id WHERE b.name='Anexo A' AND f.name='12' LIMIT 1),NULL,'P12 ASCENSOR 2') ON CONFLICT (camera_id) DO UPDATE SET building_id=EXCLUDED.building_id,floor_id=EXCLUDED.floor_id,description=EXCLUDED.description;
INSERT INTO camera_network_connections(camera_id,switch_port,rack_id) VALUES ('morjsqbpfs9jofeh','4/0/21',(SELECT r.id FROM racks r JOIN buildings b ON b.id=r.building_id LEFT JOIN floors f ON f.id=r.floor_id WHERE b.name='Anexo A' AND r.code='0177' AND f.name='12' LIMIT 1)) ON CONFLICT (camera_id) DO UPDATE SET switch_port=EXCLUDED.switch_port,rack_id=EXCLUDED.rack_id;
UPDATE cameras SET ip_address='10.16.30.8', description=COALESCE(NULLIF('P12 ASCENSOR 2',''),description) WHERE device_id='morjsqbpfs9jofeh';
INSERT INTO recorder_channels(recorder_id,channel_number,camera_id,description) VALUES ('morjsqbq8w7sj6j3',42,'morjsqbpmz1imj5s','P12 ACCESO MONTACARGA') ON CONFLICT (recorder_id,channel_number) DO UPDATE SET camera_id=EXCLUDED.camera_id,description=EXCLUDED.description;
INSERT INTO camera_locations(camera_id,building_id,floor_id,sector,description) VALUES ('morjsqbpmz1imj5s',(SELECT id FROM buildings WHERE name='Anexo A'),(SELECT f.id FROM floors f JOIN buildings b ON b.id=f.building_id WHERE b.name='Anexo A' AND f.name='12' LIMIT 1),NULL,'P12 ACCESO MONTACARGA') ON CONFLICT (camera_id) DO UPDATE SET building_id=EXCLUDED.building_id,floor_id=EXCLUDED.floor_id,description=EXCLUDED.description;
INSERT INTO camera_network_connections(camera_id,switch_port,rack_id) VALUES ('morjsqbpmz1imj5s','4/0/22',(SELECT r.id FROM racks r JOIN buildings b ON b.id=r.building_id LEFT JOIN floors f ON f.id=r.floor_id WHERE b.name='Anexo A' AND r.code='0177' AND f.name='12' LIMIT 1)) ON CONFLICT (camera_id) DO UPDATE SET switch_port=EXCLUDED.switch_port,rack_id=EXCLUDED.rack_id;
UPDATE cameras SET ip_address='10.16.30.9', description=COALESCE(NULLIF('P12 ACCESO MONTACARGA',''),description) WHERE device_id='morjsqbpmz1imj5s';
INSERT INTO recorder_channels(recorder_id,channel_number,camera_id,description) VALUES ('morjsqbq8w7sj6j3',43,'morjsqbpqpddm249','P12 PASILLO CENTRAL') ON CONFLICT (recorder_id,channel_number) DO UPDATE SET camera_id=EXCLUDED.camera_id,description=EXCLUDED.description;
INSERT INTO camera_locations(camera_id,building_id,floor_id,sector,description) VALUES ('morjsqbpqpddm249',(SELECT id FROM buildings WHERE name='Anexo A'),(SELECT f.id FROM floors f JOIN buildings b ON b.id=f.building_id WHERE b.name='Anexo A' AND f.name='12' LIMIT 1),NULL,'P12 PASILLO CENTRAL') ON CONFLICT (camera_id) DO UPDATE SET building_id=EXCLUDED.building_id,floor_id=EXCLUDED.floor_id,description=EXCLUDED.description;
INSERT INTO camera_network_connections(camera_id,switch_port,rack_id) VALUES ('morjsqbpqpddm249','4/0/24',(SELECT r.id FROM racks r JOIN buildings b ON b.id=r.building_id LEFT JOIN floors f ON f.id=r.floor_id WHERE b.name='Anexo A' AND r.code='0177' AND f.name='12' LIMIT 1)) ON CONFLICT (camera_id) DO UPDATE SET switch_port=EXCLUDED.switch_port,rack_id=EXCLUDED.rack_id;
UPDATE cameras SET ip_address='10.16.30.10', description=COALESCE(NULLIF('P12 PASILLO CENTRAL',''),description) WHERE device_id='morjsqbpqpddm249';
INSERT INTO recorder_channels(recorder_id,channel_number,camera_id,description) VALUES ('morjsqbq8w7sj6j3',44,'morjsqbp5kwkg7dg','P11 ASCENSOR 1') ON CONFLICT (recorder_id,channel_number) DO UPDATE SET camera_id=EXCLUDED.camera_id,description=EXCLUDED.description;
INSERT INTO camera_locations(camera_id,building_id,floor_id,sector,description) VALUES ('morjsqbp5kwkg7dg',(SELECT id FROM buildings WHERE name='Anexo A'),(SELECT f.id FROM floors f JOIN buildings b ON b.id=f.building_id WHERE b.name='Anexo A' AND f.name='11' LIMIT 1),NULL,'P11 ASCENSOR 1') ON CONFLICT (camera_id) DO UPDATE SET building_id=EXCLUDED.building_id,floor_id=EXCLUDED.floor_id,description=EXCLUDED.description;
INSERT INTO camera_network_connections(camera_id,switch_port,rack_id) VALUES ('morjsqbp5kwkg7dg','5/0/28',(SELECT r.id FROM racks r JOIN buildings b ON b.id=r.building_id LEFT JOIN floors f ON f.id=r.floor_id WHERE b.name='Anexo A' AND r.code='0176' AND f.name='11' LIMIT 1)) ON CONFLICT (camera_id) DO UPDATE SET switch_port=EXCLUDED.switch_port,rack_id=EXCLUDED.rack_id;
UPDATE cameras SET ip_address='10.16.30.11', description=COALESCE(NULLIF('P11 ASCENSOR 1',''),description) WHERE device_id='morjsqbp5kwkg7dg';
INSERT INTO recorder_channels(recorder_id,channel_number,camera_id,description) VALUES ('morjsqbq8w7sj6j3',45,'morjsqbpmrbv4tv0','P11 ASCENSOR 2') ON CONFLICT (recorder_id,channel_number) DO UPDATE SET camera_id=EXCLUDED.camera_id,description=EXCLUDED.description;
INSERT INTO camera_locations(camera_id,building_id,floor_id,sector,description) VALUES ('morjsqbpmrbv4tv0',(SELECT id FROM buildings WHERE name='Anexo A'),(SELECT f.id FROM floors f JOIN buildings b ON b.id=f.building_id WHERE b.name='Anexo A' AND f.name='11' LIMIT 1),NULL,'P11 ASCENSOR 2') ON CONFLICT (camera_id) DO UPDATE SET building_id=EXCLUDED.building_id,floor_id=EXCLUDED.floor_id,description=EXCLUDED.description;
INSERT INTO camera_network_connections(camera_id,switch_port,rack_id) VALUES ('morjsqbpmrbv4tv0','6/0/32',(SELECT r.id FROM racks r JOIN buildings b ON b.id=r.building_id LEFT JOIN floors f ON f.id=r.floor_id WHERE b.name='Anexo A' AND r.code='0175' AND f.name='11' LIMIT 1)) ON CONFLICT (camera_id) DO UPDATE SET switch_port=EXCLUDED.switch_port,rack_id=EXCLUDED.rack_id;
UPDATE cameras SET ip_address='10.16.30.12', description=COALESCE(NULLIF('P11 ASCENSOR 2',''),description) WHERE device_id='morjsqbpmrbv4tv0';
INSERT INTO recorder_channels(recorder_id,channel_number,camera_id,description) VALUES ('morjsqbq8w7sj6j3',46,'morjsqbpzv39q66u','P11 ACCESO MONTACARGA') ON CONFLICT (recorder_id,channel_number) DO UPDATE SET camera_id=EXCLUDED.camera_id,description=EXCLUDED.description;
INSERT INTO camera_locations(camera_id,building_id,floor_id,sector,description) VALUES ('morjsqbpzv39q66u',(SELECT id FROM buildings WHERE name='Anexo A'),(SELECT f.id FROM floors f JOIN buildings b ON b.id=f.building_id WHERE b.name='Anexo A' AND f.name='11' LIMIT 1),NULL,'P11 ACCESO MONTACARGA') ON CONFLICT (camera_id) DO UPDATE SET building_id=EXCLUDED.building_id,floor_id=EXCLUDED.floor_id,description=EXCLUDED.description;
INSERT INTO camera_network_connections(camera_id,switch_port,rack_id) VALUES ('morjsqbpzv39q66u','6/0/37',(SELECT r.id FROM racks r JOIN buildings b ON b.id=r.building_id LEFT JOIN floors f ON f.id=r.floor_id WHERE b.name='Anexo A' AND r.code='0175' AND f.name='11' LIMIT 1)) ON CONFLICT (camera_id) DO UPDATE SET switch_port=EXCLUDED.switch_port,rack_id=EXCLUDED.rack_id;
UPDATE cameras SET ip_address='10.16.30.13', description=COALESCE(NULLIF('P11 ACCESO MONTACARGA',''),description) WHERE device_id='morjsqbpzv39q66u';
INSERT INTO recorder_channels(recorder_id,channel_number,camera_id,description) VALUES ('morjsqbq8w7sj6j3',47,'morjsqbpnqtozdpe','P11 ACCESO CENTRAL') ON CONFLICT (recorder_id,channel_number) DO UPDATE SET camera_id=EXCLUDED.camera_id,description=EXCLUDED.description;
INSERT INTO camera_locations(camera_id,building_id,floor_id,sector,description) VALUES ('morjsqbpnqtozdpe',(SELECT id FROM buildings WHERE name='Anexo A'),(SELECT f.id FROM floors f JOIN buildings b ON b.id=f.building_id WHERE b.name='Anexo A' AND f.name='11' LIMIT 1),NULL,'P11 ACCESO CENTRAL') ON CONFLICT (camera_id) DO UPDATE SET building_id=EXCLUDED.building_id,floor_id=EXCLUDED.floor_id,description=EXCLUDED.description;
INSERT INTO camera_network_connections(camera_id,switch_port,rack_id) VALUES ('morjsqbpnqtozdpe','3/0/45',(SELECT r.id FROM racks r JOIN buildings b ON b.id=r.building_id LEFT JOIN floors f ON f.id=r.floor_id WHERE b.name='Anexo A' AND r.code='0177' AND f.name='11' LIMIT 1)) ON CONFLICT (camera_id) DO UPDATE SET switch_port=EXCLUDED.switch_port,rack_id=EXCLUDED.rack_id;
UPDATE cameras SET ip_address='10.16.30.14', description=COALESCE(NULLIF('P11 ACCESO CENTRAL',''),description) WHERE device_id='morjsqbpnqtozdpe';
INSERT INTO recorder_channels(recorder_id,channel_number,camera_id,description) VALUES ('morjsqbq8w7sj6j3',48,'morjsqbppbgyqudp','P11 ESCALERA') ON CONFLICT (recorder_id,channel_number) DO UPDATE SET camera_id=EXCLUDED.camera_id,description=EXCLUDED.description;
INSERT INTO camera_locations(camera_id,building_id,floor_id,sector,description) VALUES ('morjsqbppbgyqudp',(SELECT id FROM buildings WHERE name='Anexo A'),(SELECT f.id FROM floors f JOIN buildings b ON b.id=f.building_id WHERE b.name='Anexo A' AND f.name='11' LIMIT 1),NULL,'P11 ESCALERA') ON CONFLICT (camera_id) DO UPDATE SET building_id=EXCLUDED.building_id,floor_id=EXCLUDED.floor_id,description=EXCLUDED.description;
INSERT INTO camera_network_connections(camera_id,switch_port,rack_id) VALUES ('morjsqbppbgyqudp','3/0/46',(SELECT r.id FROM racks r JOIN buildings b ON b.id=r.building_id LEFT JOIN floors f ON f.id=r.floor_id WHERE b.name='Anexo A' AND r.code='0177' AND f.name='11' LIMIT 1)) ON CONFLICT (camera_id) DO UPDATE SET switch_port=EXCLUDED.switch_port,rack_id=EXCLUDED.rack_id;
UPDATE cameras SET ip_address='10.16.30.15', description=COALESCE(NULLIF('P11 ESCALERA',''),description) WHERE device_id='morjsqbppbgyqudp';
INSERT INTO recorder_channels(recorder_id,channel_number,camera_id,description) VALUES ('morjsqbq8w7sj6j3',49,'morjsqbpg047n432','P10 ASCENSOR 8 Y 9') ON CONFLICT (recorder_id,channel_number) DO UPDATE SET camera_id=EXCLUDED.camera_id,description=EXCLUDED.description;
INSERT INTO camera_locations(camera_id,building_id,floor_id,sector,description) VALUES ('morjsqbpg047n432',(SELECT id FROM buildings WHERE name='Anexo A'),(SELECT f.id FROM floors f JOIN buildings b ON b.id=f.building_id WHERE b.name='Anexo A' AND f.name='10' LIMIT 1),NULL,'P10 ASCENSOR 8 Y 9') ON CONFLICT (camera_id) DO UPDATE SET building_id=EXCLUDED.building_id,floor_id=EXCLUDED.floor_id,description=EXCLUDED.description;
INSERT INTO camera_network_connections(camera_id,switch_port,rack_id) VALUES ('morjsqbpg047n432','4/0/9',(SELECT r.id FROM racks r JOIN buildings b ON b.id=r.building_id LEFT JOIN floors f ON f.id=r.floor_id WHERE b.name='Anexo A' AND r.code='0177' AND f.name='10' LIMIT 1)) ON CONFLICT (camera_id) DO UPDATE SET switch_port=EXCLUDED.switch_port,rack_id=EXCLUDED.rack_id;
UPDATE cameras SET ip_address='10.16.30.19', description=COALESCE(NULLIF('P10 ASCENSOR 8 Y 9',''),description) WHERE device_id='morjsqbpg047n432';
INSERT INTO recorder_channels(recorder_id,channel_number,camera_id,description) VALUES ('morjsqbq8w7sj6j3',50,'morjsqbpp0dhseuw','P10 ASCENSOR 2') ON CONFLICT (recorder_id,channel_number) DO UPDATE SET camera_id=EXCLUDED.camera_id,description=EXCLUDED.description;
INSERT INTO camera_locations(camera_id,building_id,floor_id,sector,description) VALUES ('morjsqbpp0dhseuw',(SELECT id FROM buildings WHERE name='Anexo A'),(SELECT f.id FROM floors f JOIN buildings b ON b.id=f.building_id WHERE b.name='Anexo A' AND f.name='10' LIMIT 1),NULL,'P10 ASCENSOR 2') ON CONFLICT (camera_id) DO UPDATE SET building_id=EXCLUDED.building_id,floor_id=EXCLUDED.floor_id,description=EXCLUDED.description;
INSERT INTO camera_network_connections(camera_id,switch_port,rack_id) VALUES ('morjsqbpp0dhseuw','4/0/11',(SELECT r.id FROM racks r JOIN buildings b ON b.id=r.building_id LEFT JOIN floors f ON f.id=r.floor_id WHERE b.name='Anexo A' AND r.code='0177' AND f.name='10' LIMIT 1)) ON CONFLICT (camera_id) DO UPDATE SET switch_port=EXCLUDED.switch_port,rack_id=EXCLUDED.rack_id;
UPDATE cameras SET ip_address='10.16.30.20', description=COALESCE(NULLIF('P10 ASCENSOR 2',''),description) WHERE device_id='morjsqbpp0dhseuw';
INSERT INTO recorder_channels(recorder_id,channel_number,camera_id,description) VALUES ('morjsqbq8w7sj6j3',51,'morjsqbpdmn29b6j','P10 ACCESO MONTACARGA') ON CONFLICT (recorder_id,channel_number) DO UPDATE SET camera_id=EXCLUDED.camera_id,description=EXCLUDED.description;
INSERT INTO camera_locations(camera_id,building_id,floor_id,sector,description) VALUES ('morjsqbpdmn29b6j',(SELECT id FROM buildings WHERE name='Anexo A'),(SELECT f.id FROM floors f JOIN buildings b ON b.id=f.building_id WHERE b.name='Anexo A' AND f.name='10' LIMIT 1),NULL,'P10 ACCESO MONTACARGA') ON CONFLICT (camera_id) DO UPDATE SET building_id=EXCLUDED.building_id,floor_id=EXCLUDED.floor_id,description=EXCLUDED.description;
INSERT INTO camera_network_connections(camera_id,switch_port,rack_id) VALUES ('morjsqbpdmn29b6j','4/0/10',(SELECT r.id FROM racks r JOIN buildings b ON b.id=r.building_id LEFT JOIN floors f ON f.id=r.floor_id WHERE b.name='Anexo A' AND r.code='0177' AND f.name='10' LIMIT 1)) ON CONFLICT (camera_id) DO UPDATE SET switch_port=EXCLUDED.switch_port,rack_id=EXCLUDED.rack_id;
UPDATE cameras SET ip_address='10.16.30.21', description=COALESCE(NULLIF('P10 ACCESO MONTACARGA',''),description) WHERE device_id='morjsqbpdmn29b6j';
INSERT INTO recorder_channels(recorder_id,channel_number,camera_id,description) VALUES ('morjsqbq8w7sj6j3',52,'morjsqbpp0dpdl74','P10 PASILLO CENTRAL') ON CONFLICT (recorder_id,channel_number) DO UPDATE SET camera_id=EXCLUDED.camera_id,description=EXCLUDED.description;
INSERT INTO camera_locations(camera_id,building_id,floor_id,sector,description) VALUES ('morjsqbpp0dpdl74',(SELECT id FROM buildings WHERE name='Anexo A'),(SELECT f.id FROM floors f JOIN buildings b ON b.id=f.building_id WHERE b.name='Anexo A' AND f.name='10' LIMIT 1),NULL,'P10 PASILLO CENTRAL') ON CONFLICT (camera_id) DO UPDATE SET building_id=EXCLUDED.building_id,floor_id=EXCLUDED.floor_id,description=EXCLUDED.description;
INSERT INTO camera_network_connections(camera_id,switch_port,rack_id) VALUES ('morjsqbpp0dpdl74','4/0/12',(SELECT r.id FROM racks r JOIN buildings b ON b.id=r.building_id LEFT JOIN floors f ON f.id=r.floor_id WHERE b.name='Anexo A' AND r.code='0177' AND f.name='10' LIMIT 1)) ON CONFLICT (camera_id) DO UPDATE SET switch_port=EXCLUDED.switch_port,rack_id=EXCLUDED.rack_id;
UPDATE cameras SET ip_address='10.16.30.22', description=COALESCE(NULLIF('P10 PASILLO CENTRAL',''),description) WHERE device_id='morjsqbpp0dpdl74';
INSERT INTO recorder_channels(recorder_id,channel_number,camera_id,description) VALUES ('morjsqbq8w7sj6j3',53,'morjsqbpx36klfnp','P13 ESCALERA ANX-A') ON CONFLICT (recorder_id,channel_number) DO UPDATE SET camera_id=EXCLUDED.camera_id,description=EXCLUDED.description;
INSERT INTO camera_locations(camera_id,building_id,floor_id,sector,description) VALUES ('morjsqbpx36klfnp',(SELECT id FROM buildings WHERE name='Anexo A'),(SELECT f.id FROM floors f JOIN buildings b ON b.id=f.building_id WHERE b.name='Anexo A' AND f.name='13' LIMIT 1),NULL,'P13 ESCALERA ANX-A') ON CONFLICT (camera_id) DO UPDATE SET building_id=EXCLUDED.building_id,floor_id=EXCLUDED.floor_id,description=EXCLUDED.description;
INSERT INTO camera_network_connections(camera_id,switch_port,rack_id) VALUES ('morjsqbpx36klfnp','3/0/36',(SELECT r.id FROM racks r JOIN buildings b ON b.id=r.building_id LEFT JOIN floors f ON f.id=r.floor_id WHERE b.name='Anexo A' AND r.code='0182' AND f.name='13' LIMIT 1)) ON CONFLICT (camera_id) DO UPDATE SET switch_port=EXCLUDED.switch_port,rack_id=EXCLUDED.rack_id;
UPDATE cameras SET ip_address='10.16.30.2', description=COALESCE(NULLIF('P13 ESCALERA ANX-A',''),description) WHERE device_id='morjsqbpx36klfnp';
INSERT INTO recorder_channels(recorder_id,channel_number,camera_id,description) VALUES ('morjsqbq8w7sj6j3',54,'morjsqbpicp170pc','P13 ASCENSOR 8 y 9') ON CONFLICT (recorder_id,channel_number) DO UPDATE SET camera_id=EXCLUDED.camera_id,description=EXCLUDED.description;
INSERT INTO camera_locations(camera_id,building_id,floor_id,sector,description) VALUES ('morjsqbpicp170pc',(SELECT id FROM buildings WHERE name='Anexo A'),(SELECT f.id FROM floors f JOIN buildings b ON b.id=f.building_id WHERE b.name='Anexo A' AND f.name='13' LIMIT 1),NULL,'P13 ASCENSOR 8 y 9') ON CONFLICT (camera_id) DO UPDATE SET building_id=EXCLUDED.building_id,floor_id=EXCLUDED.floor_id,description=EXCLUDED.description;
INSERT INTO camera_network_connections(camera_id,switch_port,rack_id) VALUES ('morjsqbpicp170pc','6/0/11',(SELECT r.id FROM racks r JOIN buildings b ON b.id=r.building_id LEFT JOIN floors f ON f.id=r.floor_id WHERE b.name='Anexo A' AND r.code='0181' AND f.name='13' LIMIT 1)) ON CONFLICT (camera_id) DO UPDATE SET switch_port=EXCLUDED.switch_port,rack_id=EXCLUDED.rack_id;
UPDATE cameras SET ip_address='10.16.30.3', description=COALESCE(NULLIF('P13 ASCENSOR 8 y 9',''),description) WHERE device_id='morjsqbpicp170pc';
INSERT INTO recorder_channels(recorder_id,channel_number,camera_id,description) VALUES ('morjsqbq8w7sj6j3',55,'morjsqbponsp7ar3','P13 ACCESO MONTACARGA') ON CONFLICT (recorder_id,channel_number) DO UPDATE SET camera_id=EXCLUDED.camera_id,description=EXCLUDED.description;
INSERT INTO camera_locations(camera_id,building_id,floor_id,sector,description) VALUES ('morjsqbponsp7ar3',(SELECT id FROM buildings WHERE name='Anexo A'),(SELECT f.id FROM floors f JOIN buildings b ON b.id=f.building_id WHERE b.name='Anexo A' AND f.name='13' LIMIT 1),NULL,'P13 ACCESO MONTACARGA') ON CONFLICT (camera_id) DO UPDATE SET building_id=EXCLUDED.building_id,floor_id=EXCLUDED.floor_id,description=EXCLUDED.description;
INSERT INTO camera_network_connections(camera_id,switch_port,rack_id) VALUES ('morjsqbponsp7ar3','6/0/12',(SELECT r.id FROM racks r JOIN buildings b ON b.id=r.building_id LEFT JOIN floors f ON f.id=r.floor_id WHERE b.name='Anexo A' AND r.code='0181' AND f.name='13' LIMIT 1)) ON CONFLICT (camera_id) DO UPDATE SET switch_port=EXCLUDED.switch_port,rack_id=EXCLUDED.rack_id;
UPDATE cameras SET ip_address='10.16.30.4', description=COALESCE(NULLIF('P13 ACCESO MONTACARGA',''),description) WHERE device_id='morjsqbponsp7ar3';
INSERT INTO recorder_channels(recorder_id,channel_number,camera_id,description) VALUES ('morjsqbq8w7sj6j3',56,'morjsqbphbyx7lsx','P13 ASCENSOR 12 Y 13') ON CONFLICT (recorder_id,channel_number) DO UPDATE SET camera_id=EXCLUDED.camera_id,description=EXCLUDED.description;
INSERT INTO camera_locations(camera_id,building_id,floor_id,sector,description) VALUES ('morjsqbphbyx7lsx',(SELECT id FROM buildings WHERE name='Anexo A'),(SELECT f.id FROM floors f JOIN buildings b ON b.id=f.building_id WHERE b.name='Anexo A' AND f.name='13' LIMIT 1),NULL,'P13 ASCENSOR 12 Y 13') ON CONFLICT (camera_id) DO UPDATE SET building_id=EXCLUDED.building_id,floor_id=EXCLUDED.floor_id,description=EXCLUDED.description;
INSERT INTO camera_network_connections(camera_id,switch_port,rack_id) VALUES ('morjsqbphbyx7lsx','6/0/13',(SELECT r.id FROM racks r JOIN buildings b ON b.id=r.building_id LEFT JOIN floors f ON f.id=r.floor_id WHERE b.name='Anexo A' AND r.code='0181' AND f.name='13' LIMIT 1)) ON CONFLICT (camera_id) DO UPDATE SET switch_port=EXCLUDED.switch_port,rack_id=EXCLUDED.rack_id;
UPDATE cameras SET ip_address='10.16.30.5', description=COALESCE(NULLIF('P13 ASCENSOR 12 Y 13',''),description) WHERE device_id='morjsqbphbyx7lsx';
INSERT INTO recorder_channels(recorder_id,channel_number,camera_id,description) VALUES ('morjsqbq8w7sj6j3',57,'morjsqbqhyjbohi3','P13 ACCESO CENTRAL') ON CONFLICT (recorder_id,channel_number) DO UPDATE SET camera_id=EXCLUDED.camera_id,description=EXCLUDED.description;
INSERT INTO camera_locations(camera_id,building_id,floor_id,sector,description) VALUES ('morjsqbqhyjbohi3',(SELECT id FROM buildings WHERE name='Anexo A'),(SELECT f.id FROM floors f JOIN buildings b ON b.id=f.building_id WHERE b.name='Anexo A' AND f.name='13' LIMIT 1),NULL,'P13 ACCESO CENTRAL') ON CONFLICT (camera_id) DO UPDATE SET building_id=EXCLUDED.building_id,floor_id=EXCLUDED.floor_id,description=EXCLUDED.description;
INSERT INTO camera_network_connections(camera_id,switch_port,rack_id) VALUES ('morjsqbqhyjbohi3','3/0/35',(SELECT r.id FROM racks r JOIN buildings b ON b.id=r.building_id LEFT JOIN floors f ON f.id=r.floor_id WHERE b.name='Anexo A' AND r.code='0182' AND f.name='13' LIMIT 1)) ON CONFLICT (camera_id) DO UPDATE SET switch_port=EXCLUDED.switch_port,rack_id=EXCLUDED.rack_id;
UPDATE cameras SET ip_address='10.16.30.6', description=COALESCE(NULLIF('P13 ACCESO CENTRAL',''),description) WHERE device_id='morjsqbqhyjbohi3';
INSERT INTO recorder_channels(recorder_id,channel_number,camera_id,description) VALUES ('morjsqbq8w7sj6j3',58,NULL,NULL) ON CONFLICT (recorder_id,channel_number) DO UPDATE SET camera_id=EXCLUDED.camera_id,description=EXCLUDED.description;
INSERT INTO recorder_channels(recorder_id,channel_number,camera_id,description) VALUES ('morjsqbq8w7sj6j3',59,NULL,NULL) ON CONFLICT (recorder_id,channel_number) DO UPDATE SET camera_id=EXCLUDED.camera_id,description=EXCLUDED.description;
INSERT INTO recorder_channels(recorder_id,channel_number,camera_id,description) VALUES ('morjsqbq8w7sj6j3',60,NULL,NULL) ON CONFLICT (recorder_id,channel_number) DO UPDATE SET camera_id=EXCLUDED.camera_id,description=EXCLUDED.description;
INSERT INTO recorder_channels(recorder_id,channel_number,camera_id,description) VALUES ('morjsqbq8w7sj6j3',61,NULL,NULL) ON CONFLICT (recorder_id,channel_number) DO UPDATE SET camera_id=EXCLUDED.camera_id,description=EXCLUDED.description;
INSERT INTO recorder_channels(recorder_id,channel_number,camera_id,description) VALUES ('morjsqbq8w7sj6j3',62,NULL,NULL) ON CONFLICT (recorder_id,channel_number) DO UPDATE SET camera_id=EXCLUDED.camera_id,description=EXCLUDED.description;
INSERT INTO recorder_channels(recorder_id,channel_number,camera_id,description) VALUES ('morjsqbq8w7sj6j3',63,NULL,NULL) ON CONFLICT (recorder_id,channel_number) DO UPDATE SET camera_id=EXCLUDED.camera_id,description=EXCLUDED.description;
INSERT INTO recorder_channels(recorder_id,channel_number,camera_id,description) VALUES ('morjsqbq8w7sj6j3',64,NULL,NULL) ON CONFLICT (recorder_id,channel_number) DO UPDATE SET camera_id=EXCLUDED.camera_id,description=EXCLUDED.description;
INSERT INTO recorders(device_id,recorder_type,description,ip_address,channel_capacity,rack_id) VALUES ('morjsqbqmzdibu72','nvr','NVR-3','10.105.0.198',64,(SELECT r.id FROM racks r JOIN buildings b ON b.id=r.building_id LEFT JOIN floors f ON f.id=r.floor_id WHERE b.name='Anexo A' AND r.code='RACK 12' AND f.name='1SS' LIMIT 1)) ON CONFLICT (device_id) DO UPDATE SET recorder_type=EXCLUDED.recorder_type,description=EXCLUDED.description,ip_address=EXCLUDED.ip_address,channel_capacity=EXCLUDED.channel_capacity,rack_id=EXCLUDED.rack_id;
INSERT INTO recorder_channels(recorder_id,channel_number,camera_id,description) VALUES ('morjsqbqmzdibu72',1,'morjsqbp1wc3gw7o','ASCENSOR LEGISLADORES 1') ON CONFLICT (recorder_id,channel_number) DO UPDATE SET camera_id=EXCLUDED.camera_id,description=EXCLUDED.description;
INSERT INTO camera_locations(camera_id,building_id,floor_id,sector,description) VALUES ('morjsqbp1wc3gw7o',(SELECT id FROM buildings WHERE name='Anexo A'),(SELECT f.id FROM floors f JOIN buildings b ON b.id=f.building_id WHERE b.name='Anexo A' AND f.name='02' LIMIT 1),NULL,'ASCENSOR LEGISLADORES 1') ON CONFLICT (camera_id) DO UPDATE SET building_id=EXCLUDED.building_id,floor_id=EXCLUDED.floor_id,description=EXCLUDED.description;
INSERT INTO camera_network_connections(camera_id,switch_port,rack_id) VALUES ('morjsqbp1wc3gw7o',NULL,(SELECT r.id FROM racks r JOIN buildings b ON b.id=r.building_id LEFT JOIN floors f ON f.id=r.floor_id WHERE b.name='Anexo A' AND r.code='0145' AND f.name='02' LIMIT 1)) ON CONFLICT (camera_id) DO UPDATE SET switch_port=EXCLUDED.switch_port,rack_id=EXCLUDED.rack_id;
UPDATE cameras SET ip_address='10.12.30.11', description=COALESCE(NULLIF('ASCENSOR LEGISLADORES 1',''),description) WHERE device_id='morjsqbp1wc3gw7o';
INSERT INTO recorder_channels(recorder_id,channel_number,camera_id,description) VALUES ('morjsqbqmzdibu72',2,'morjsqbqy2rkhafk','3P ASCENSOR 2') ON CONFLICT (recorder_id,channel_number) DO UPDATE SET camera_id=EXCLUDED.camera_id,description=EXCLUDED.description;
INSERT INTO camera_locations(camera_id,building_id,floor_id,sector,description) VALUES ('morjsqbqy2rkhafk',(SELECT id FROM buildings WHERE name='Anexo A'),(SELECT f.id FROM floors f JOIN buildings b ON b.id=f.building_id WHERE b.name='Anexo A' AND f.name='03' LIMIT 1),NULL,'3P ASCENSOR 2') ON CONFLICT (camera_id) DO UPDATE SET building_id=EXCLUDED.building_id,floor_id=EXCLUDED.floor_id,description=EXCLUDED.description;
INSERT INTO camera_network_connections(camera_id,switch_port,rack_id) VALUES ('morjsqbqy2rkhafk','2/0/45',(SELECT r.id FROM racks r JOIN buildings b ON b.id=r.building_id LEFT JOIN floors f ON f.id=r.floor_id WHERE b.name='Anexo A' AND r.code='0150' AND f.name='03' LIMIT 1)) ON CONFLICT (camera_id) DO UPDATE SET switch_port=EXCLUDED.switch_port,rack_id=EXCLUDED.rack_id;
UPDATE cameras SET ip_address='10.13.30.3', description=COALESCE(NULLIF('3P ASCENSOR 2',''),description) WHERE device_id='morjsqbqy2rkhafk';
INSERT INTO recorder_channels(recorder_id,channel_number,camera_id,description) VALUES ('morjsqbqmzdibu72',3,'morjsqbq6bq00c6h','P3 ASCENSOR LEGISLADORES') ON CONFLICT (recorder_id,channel_number) DO UPDATE SET camera_id=EXCLUDED.camera_id,description=EXCLUDED.description;
INSERT INTO camera_locations(camera_id,building_id,floor_id,sector,description) VALUES ('morjsqbq6bq00c6h',(SELECT id FROM buildings WHERE name='Anexo A'),(SELECT f.id FROM floors f JOIN buildings b ON b.id=f.building_id WHERE b.name='Anexo A' AND f.name='03' LIMIT 1),NULL,'P3 ASCENSOR LEGISLADORES') ON CONFLICT (camera_id) DO UPDATE SET building_id=EXCLUDED.building_id,floor_id=EXCLUDED.floor_id,description=EXCLUDED.description;
INSERT INTO camera_network_connections(camera_id,switch_port,rack_id) VALUES ('morjsqbq6bq00c6h','3/0/43',(SELECT r.id FROM racks r JOIN buildings b ON b.id=r.building_id LEFT JOIN floors f ON f.id=r.floor_id WHERE b.name='Anexo A' AND r.code='0150' AND f.name='03' LIMIT 1)) ON CONFLICT (camera_id) DO UPDATE SET switch_port=EXCLUDED.switch_port,rack_id=EXCLUDED.rack_id;
UPDATE cameras SET ip_address='10.13.30.2', description=COALESCE(NULLIF('P3 ASCENSOR LEGISLADORES',''),description) WHERE device_id='morjsqbq6bq00c6h';
INSERT INTO recorder_channels(recorder_id,channel_number,camera_id,description) VALUES ('morjsqbqmzdibu72',4,NULL,NULL) ON CONFLICT (recorder_id,channel_number) DO UPDATE SET camera_id=EXCLUDED.camera_id,description=EXCLUDED.description;
INSERT INTO recorder_channels(recorder_id,channel_number,camera_id,description) VALUES ('morjsqbqmzdibu72',5,NULL,NULL) ON CONFLICT (recorder_id,channel_number) DO UPDATE SET camera_id=EXCLUDED.camera_id,description=EXCLUDED.description;
INSERT INTO recorder_channels(recorder_id,channel_number,camera_id,description) VALUES ('morjsqbqmzdibu72',6,NULL,NULL) ON CONFLICT (recorder_id,channel_number) DO UPDATE SET camera_id=EXCLUDED.camera_id,description=EXCLUDED.description;
INSERT INTO recorder_channels(recorder_id,channel_number,camera_id,description) VALUES ('morjsqbqmzdibu72',7,NULL,NULL) ON CONFLICT (recorder_id,channel_number) DO UPDATE SET camera_id=EXCLUDED.camera_id,description=EXCLUDED.description;
INSERT INTO recorder_channels(recorder_id,channel_number,camera_id,description) VALUES ('morjsqbqmzdibu72',8,'morjsqbqc1gi0inh','3P ASCENSOR 1') ON CONFLICT (recorder_id,channel_number) DO UPDATE SET camera_id=EXCLUDED.camera_id,description=EXCLUDED.description;
INSERT INTO camera_locations(camera_id,building_id,floor_id,sector,description) VALUES ('morjsqbqc1gi0inh',(SELECT id FROM buildings WHERE name='Anexo A'),(SELECT f.id FROM floors f JOIN buildings b ON b.id=f.building_id WHERE b.name='Anexo A' AND f.name='03' LIMIT 1),NULL,'3P ASCENSOR 1') ON CONFLICT (camera_id) DO UPDATE SET building_id=EXCLUDED.building_id,floor_id=EXCLUDED.floor_id,description=EXCLUDED.description;
INSERT INTO camera_network_connections(camera_id,switch_port,rack_id) VALUES ('morjsqbqc1gi0inh','4/0/45',(SELECT r.id FROM racks r JOIN buildings b ON b.id=r.building_id LEFT JOIN floors f ON f.id=r.floor_id WHERE b.name='Anexo A' AND r.code='0151' AND f.name='03' LIMIT 1)) ON CONFLICT (camera_id) DO UPDATE SET switch_port=EXCLUDED.switch_port,rack_id=EXCLUDED.rack_id;
UPDATE cameras SET ip_address='10.13.30.4', description=COALESCE(NULLIF('3P ASCENSOR 1',''),description) WHERE device_id='morjsqbqc1gi0inh';
INSERT INTO recorder_channels(recorder_id,channel_number,camera_id,description) VALUES ('morjsqbqmzdibu72',9,'morjsqbqwlvxkohl','ACCESO ESCALERA') ON CONFLICT (recorder_id,channel_number) DO UPDATE SET camera_id=EXCLUDED.camera_id,description=EXCLUDED.description;
INSERT INTO camera_locations(camera_id,building_id,floor_id,sector,description) VALUES ('morjsqbqwlvxkohl',(SELECT id FROM buildings WHERE name='Anexo A'),(SELECT f.id FROM floors f JOIN buildings b ON b.id=f.building_id WHERE b.name='Anexo A' AND f.name='03' LIMIT 1),NULL,'ACCESO ESCALERA') ON CONFLICT (camera_id) DO UPDATE SET building_id=EXCLUDED.building_id,floor_id=EXCLUDED.floor_id,description=EXCLUDED.description;
INSERT INTO camera_network_connections(camera_id,switch_port,rack_id) VALUES ('morjsqbqwlvxkohl','5/0/46',(SELECT r.id FROM racks r JOIN buildings b ON b.id=r.building_id LEFT JOIN floors f ON f.id=r.floor_id WHERE b.name='Anexo A' AND r.code='0146' AND f.name='03' LIMIT 1)) ON CONFLICT (camera_id) DO UPDATE SET switch_port=EXCLUDED.switch_port,rack_id=EXCLUDED.rack_id;
UPDATE cameras SET ip_address='10.12.30.12', description=COALESCE(NULLIF('ACCESO ESCALERA',''),description) WHERE device_id='morjsqbqwlvxkohl';
INSERT INTO recorder_channels(recorder_id,channel_number,camera_id,description) VALUES ('morjsqbqmzdibu72',10,'morjsqbpp01y7u3r','P3 ACCESO GENERAL') ON CONFLICT (recorder_id,channel_number) DO UPDATE SET camera_id=EXCLUDED.camera_id,description=EXCLUDED.description;
INSERT INTO camera_locations(camera_id,building_id,floor_id,sector,description) VALUES ('morjsqbpp01y7u3r',(SELECT id FROM buildings WHERE name='Anexo A'),(SELECT f.id FROM floors f JOIN buildings b ON b.id=f.building_id WHERE b.name='Anexo A' AND f.name='03' LIMIT 1),NULL,'P3 ACCESO GENERAL') ON CONFLICT (camera_id) DO UPDATE SET building_id=EXCLUDED.building_id,floor_id=EXCLUDED.floor_id,description=EXCLUDED.description;
INSERT INTO camera_network_connections(camera_id,switch_port,rack_id) VALUES ('morjsqbpp01y7u3r','3/0/44',(SELECT r.id FROM racks r JOIN buildings b ON b.id=r.building_id LEFT JOIN floors f ON f.id=r.floor_id WHERE b.name='Anexo A' AND r.code='0150' AND f.name='03' LIMIT 1)) ON CONFLICT (camera_id) DO UPDATE SET switch_port=EXCLUDED.switch_port,rack_id=EXCLUDED.rack_id;
UPDATE cameras SET ip_address='10.13.30.1', description=COALESCE(NULLIF('P3 ACCESO GENERAL',''),description) WHERE device_id='morjsqbpp01y7u3r';
INSERT INTO recorder_channels(recorder_id,channel_number,camera_id,description) VALUES ('morjsqbqmzdibu72',11,NULL,NULL) ON CONFLICT (recorder_id,channel_number) DO UPDATE SET camera_id=EXCLUDED.camera_id,description=EXCLUDED.description;
INSERT INTO recorder_channels(recorder_id,channel_number,camera_id,description) VALUES ('morjsqbqmzdibu72',12,'morjsqbqhklqjqfo','P6 ASCENSOR 12 Y 13') ON CONFLICT (recorder_id,channel_number) DO UPDATE SET camera_id=EXCLUDED.camera_id,description=EXCLUDED.description;
INSERT INTO camera_locations(camera_id,building_id,floor_id,sector,description) VALUES ('morjsqbqhklqjqfo',(SELECT id FROM buildings WHERE name='Anexo A'),(SELECT f.id FROM floors f JOIN buildings b ON b.id=f.building_id WHERE b.name='Anexo A' AND f.name='06' LIMIT 1),NULL,'P6 ASCENSOR 12 Y 13') ON CONFLICT (camera_id) DO UPDATE SET building_id=EXCLUDED.building_id,floor_id=EXCLUDED.floor_id,description=EXCLUDED.description;
INSERT INTO camera_network_connections(camera_id,switch_port,rack_id) VALUES ('morjsqbqhklqjqfo','4/0/37',(SELECT r.id FROM racks r JOIN buildings b ON b.id=r.building_id LEFT JOIN floors f ON f.id=r.floor_id WHERE b.name='Anexo A' AND r.code='0167' AND f.name='06' LIMIT 1)) ON CONFLICT (camera_id) DO UPDATE SET switch_port=EXCLUDED.switch_port,rack_id=EXCLUDED.rack_id;
UPDATE cameras SET ip_address='10.15.30.18', description=COALESCE(NULLIF('P6 ASCENSOR 12 Y 13',''),description) WHERE device_id='morjsqbqhklqjqfo';
INSERT INTO recorder_channels(recorder_id,channel_number,camera_id,description) VALUES ('morjsqbqmzdibu72',13,'morjsqbp0sy8kxls','P6 ACCESO MONTACRGA') ON CONFLICT (recorder_id,channel_number) DO UPDATE SET camera_id=EXCLUDED.camera_id,description=EXCLUDED.description;
INSERT INTO camera_locations(camera_id,building_id,floor_id,sector,description) VALUES ('morjsqbp0sy8kxls',(SELECT id FROM buildings WHERE name='Anexo A'),(SELECT f.id FROM floors f JOIN buildings b ON b.id=f.building_id WHERE b.name='Anexo A' AND f.name='06' LIMIT 1),NULL,'P6 ACCESO MONTACRGA') ON CONFLICT (camera_id) DO UPDATE SET building_id=EXCLUDED.building_id,floor_id=EXCLUDED.floor_id,description=EXCLUDED.description;
INSERT INTO camera_network_connections(camera_id,switch_port,rack_id) VALUES ('morjsqbp0sy8kxls','4/0/42',(SELECT r.id FROM racks r JOIN buildings b ON b.id=r.building_id LEFT JOIN floors f ON f.id=r.floor_id WHERE b.name='Anexo A' AND r.code='0167' AND f.name='06' LIMIT 1)) ON CONFLICT (camera_id) DO UPDATE SET switch_port=EXCLUDED.switch_port,rack_id=EXCLUDED.rack_id;
UPDATE cameras SET ip_address='10.15.30.19', description=COALESCE(NULLIF('P6 ACCESO MONTACRGA',''),description) WHERE device_id='morjsqbp0sy8kxls';
INSERT INTO recorder_channels(recorder_id,channel_number,camera_id,description) VALUES ('morjsqbqmzdibu72',14,'morjsqbqb6ui5q38','P6 ASCENSOR 8 Y 9') ON CONFLICT (recorder_id,channel_number) DO UPDATE SET camera_id=EXCLUDED.camera_id,description=EXCLUDED.description;
INSERT INTO camera_locations(camera_id,building_id,floor_id,sector,description) VALUES ('morjsqbqb6ui5q38',(SELECT id FROM buildings WHERE name='Anexo A'),(SELECT f.id FROM floors f JOIN buildings b ON b.id=f.building_id WHERE b.name='Anexo A' AND f.name='06' LIMIT 1),NULL,'P6 ASCENSOR 8 Y 9') ON CONFLICT (camera_id) DO UPDATE SET building_id=EXCLUDED.building_id,floor_id=EXCLUDED.floor_id,description=EXCLUDED.description;
INSERT INTO camera_network_connections(camera_id,switch_port,rack_id) VALUES ('morjsqbqb6ui5q38','4/0/39',(SELECT r.id FROM racks r JOIN buildings b ON b.id=r.building_id LEFT JOIN floors f ON f.id=r.floor_id WHERE b.name='Anexo A' AND r.code='0167' AND f.name='06' LIMIT 1)) ON CONFLICT (camera_id) DO UPDATE SET switch_port=EXCLUDED.switch_port,rack_id=EXCLUDED.rack_id;
UPDATE cameras SET ip_address='10.15.30.20', description=COALESCE(NULLIF('P6 ASCENSOR 8 Y 9',''),description) WHERE device_id='morjsqbqb6ui5q38';
INSERT INTO recorder_channels(recorder_id,channel_number,camera_id,description) VALUES ('morjsqbqmzdibu72',15,'morjsqbpo4kl61ij','P6 PASILLO CENTRAL') ON CONFLICT (recorder_id,channel_number) DO UPDATE SET camera_id=EXCLUDED.camera_id,description=EXCLUDED.description;
INSERT INTO camera_locations(camera_id,building_id,floor_id,sector,description) VALUES ('morjsqbpo4kl61ij',(SELECT id FROM buildings WHERE name='Anexo A'),(SELECT f.id FROM floors f JOIN buildings b ON b.id=f.building_id WHERE b.name='Anexo A' AND f.name='06' LIMIT 1),NULL,'P6 PASILLO CENTRAL') ON CONFLICT (camera_id) DO UPDATE SET building_id=EXCLUDED.building_id,floor_id=EXCLUDED.floor_id,description=EXCLUDED.description;
INSERT INTO camera_network_connections(camera_id,switch_port,rack_id) VALUES ('morjsqbpo4kl61ij','4/0/41',(SELECT r.id FROM racks r JOIN buildings b ON b.id=r.building_id LEFT JOIN floors f ON f.id=r.floor_id WHERE b.name='Anexo A' AND r.code='0167' AND f.name='06' LIMIT 1)) ON CONFLICT (camera_id) DO UPDATE SET switch_port=EXCLUDED.switch_port,rack_id=EXCLUDED.rack_id;
UPDATE cameras SET ip_address='10.15.30.21', description=COALESCE(NULLIF('P6 PASILLO CENTRAL',''),description) WHERE device_id='morjsqbpo4kl61ij';
INSERT INTO recorder_channels(recorder_id,channel_number,camera_id,description) VALUES ('morjsqbqmzdibu72',16,'morjsqbqg7sok9az','P6 ESCALERA') ON CONFLICT (recorder_id,channel_number) DO UPDATE SET camera_id=EXCLUDED.camera_id,description=EXCLUDED.description;
INSERT INTO camera_locations(camera_id,building_id,floor_id,sector,description) VALUES ('morjsqbqg7sok9az',(SELECT id FROM buildings WHERE name='Anexo A'),(SELECT f.id FROM floors f JOIN buildings b ON b.id=f.building_id WHERE b.name='Anexo A' AND f.name='06' LIMIT 1),NULL,'P6 ESCALERA') ON CONFLICT (camera_id) DO UPDATE SET building_id=EXCLUDED.building_id,floor_id=EXCLUDED.floor_id,description=EXCLUDED.description;
INSERT INTO camera_network_connections(camera_id,switch_port,rack_id) VALUES ('morjsqbqg7sok9az','4/0/40',(SELECT r.id FROM racks r JOIN buildings b ON b.id=r.building_id LEFT JOIN floors f ON f.id=r.floor_id WHERE b.name='Anexo A' AND r.code='0167' AND f.name='06' LIMIT 1)) ON CONFLICT (camera_id) DO UPDATE SET switch_port=EXCLUDED.switch_port,rack_id=EXCLUDED.rack_id;
UPDATE cameras SET ip_address='10.15.30.22', description=COALESCE(NULLIF('P6 ESCALERA',''),description) WHERE device_id='morjsqbqg7sok9az';
INSERT INTO recorder_channels(recorder_id,channel_number,camera_id,description) VALUES ('morjsqbqmzdibu72',17,'morjsqbpqgxb41od','ASCENSOR LEGISLADORES') ON CONFLICT (recorder_id,channel_number) DO UPDATE SET camera_id=EXCLUDED.camera_id,description=EXCLUDED.description;
INSERT INTO camera_locations(camera_id,building_id,floor_id,sector,description) VALUES ('morjsqbpqgxb41od',(SELECT id FROM buildings WHERE name='Anexo A'),(SELECT f.id FROM floors f JOIN buildings b ON b.id=f.building_id WHERE b.name='Anexo A' AND f.name='06' LIMIT 1),NULL,'ASCENSOR LEGISLADORES') ON CONFLICT (camera_id) DO UPDATE SET building_id=EXCLUDED.building_id,floor_id=EXCLUDED.floor_id,description=EXCLUDED.description;
INSERT INTO camera_network_connections(camera_id,switch_port,rack_id) VALUES ('morjsqbpqgxb41od','4/0/43',(SELECT r.id FROM racks r JOIN buildings b ON b.id=r.building_id LEFT JOIN floors f ON f.id=r.floor_id WHERE b.name='Anexo A' AND r.code='0167' AND f.name='06' LIMIT 1)) ON CONFLICT (camera_id) DO UPDATE SET switch_port=EXCLUDED.switch_port,rack_id=EXCLUDED.rack_id;
UPDATE cameras SET ip_address='10.15.30.23', description=COALESCE(NULLIF('ASCENSOR LEGISLADORES',''),description) WHERE device_id='morjsqbpqgxb41od';
INSERT INTO recorder_channels(recorder_id,channel_number,camera_id,description) VALUES ('morjsqbqmzdibu72',18,'morjsqbq5vmvxqnx','8P ASCENSOR LEGISLADORES') ON CONFLICT (recorder_id,channel_number) DO UPDATE SET camera_id=EXCLUDED.camera_id,description=EXCLUDED.description;
INSERT INTO camera_locations(camera_id,building_id,floor_id,sector,description) VALUES ('morjsqbq5vmvxqnx',(SELECT id FROM buildings WHERE name='Anexo A'),(SELECT f.id FROM floors f JOIN buildings b ON b.id=f.building_id WHERE b.name='Anexo A' AND f.name='08' LIMIT 1),NULL,'8P ASCENSOR LEGISLADORES') ON CONFLICT (camera_id) DO UPDATE SET building_id=EXCLUDED.building_id,floor_id=EXCLUDED.floor_id,description=EXCLUDED.description;
INSERT INTO camera_network_connections(camera_id,switch_port,rack_id) VALUES ('morjsqbq5vmvxqnx','4/0/44',(SELECT r.id FROM racks r JOIN buildings b ON b.id=r.building_id LEFT JOIN floors f ON f.id=r.floor_id WHERE b.name='Anexo A' AND r.code='0167' AND f.name='08' LIMIT 1)) ON CONFLICT (camera_id) DO UPDATE SET switch_port=EXCLUDED.switch_port,rack_id=EXCLUDED.rack_id;
UPDATE cameras SET ip_address='10.15.30.24', description=COALESCE(NULLIF('8P ASCENSOR LEGISLADORES',''),description) WHERE device_id='morjsqbq5vmvxqnx';
INSERT INTO recorder_channels(recorder_id,channel_number,camera_id,description) VALUES ('morjsqbqmzdibu72',19,'morjsqbp9daf80ux','P9 ACCESO CENTRAL') ON CONFLICT (recorder_id,channel_number) DO UPDATE SET camera_id=EXCLUDED.camera_id,description=EXCLUDED.description;
INSERT INTO camera_locations(camera_id,building_id,floor_id,sector,description) VALUES ('morjsqbp9daf80ux',(SELECT id FROM buildings WHERE name='Anexo A'),(SELECT f.id FROM floors f JOIN buildings b ON b.id=f.building_id WHERE b.name='Anexo A' AND f.name='09' LIMIT 1),NULL,'P9 ACCESO CENTRAL') ON CONFLICT (camera_id) DO UPDATE SET building_id=EXCLUDED.building_id,floor_id=EXCLUDED.floor_id,description=EXCLUDED.description;
INSERT INTO camera_network_connections(camera_id,switch_port,rack_id) VALUES ('morjsqbp9daf80ux','6/0/45',(SELECT r.id FROM racks r JOIN buildings b ON b.id=r.building_id LEFT JOIN floors f ON f.id=r.floor_id WHERE b.name='Anexo A' AND r.code='0171' AND f.name='09' LIMIT 1)) ON CONFLICT (camera_id) DO UPDATE SET switch_port=EXCLUDED.switch_port,rack_id=EXCLUDED.rack_id;
UPDATE cameras SET ip_address='10.15.30.2', description=COALESCE(NULLIF('P9 ACCESO CENTRAL',''),description) WHERE device_id='morjsqbp9daf80ux';
INSERT INTO recorder_channels(recorder_id,channel_number,camera_id,description) VALUES ('morjsqbqmzdibu72',20,'morjsqbp1g9rev6r','P9 ASCENSOR 8 Y 9') ON CONFLICT (recorder_id,channel_number) DO UPDATE SET camera_id=EXCLUDED.camera_id,description=EXCLUDED.description;
INSERT INTO camera_locations(camera_id,building_id,floor_id,sector,description) VALUES ('morjsqbp1g9rev6r',(SELECT id FROM buildings WHERE name='Anexo A'),(SELECT f.id FROM floors f JOIN buildings b ON b.id=f.building_id WHERE b.name='Anexo A' AND f.name='09' LIMIT 1),NULL,'P9 ASCENSOR 8 Y 9') ON CONFLICT (camera_id) DO UPDATE SET building_id=EXCLUDED.building_id,floor_id=EXCLUDED.floor_id,description=EXCLUDED.description;
INSERT INTO camera_network_connections(camera_id,switch_port,rack_id) VALUES ('morjsqbp1g9rev6r','6/0/43',(SELECT r.id FROM racks r JOIN buildings b ON b.id=r.building_id LEFT JOIN floors f ON f.id=r.floor_id WHERE b.name='Anexo A' AND r.code='0171' AND f.name='09' LIMIT 1)) ON CONFLICT (camera_id) DO UPDATE SET switch_port=EXCLUDED.switch_port,rack_id=EXCLUDED.rack_id;
UPDATE cameras SET ip_address='10.15.30.3', description=COALESCE(NULLIF('P9 ASCENSOR 8 Y 9',''),description) WHERE device_id='morjsqbp1g9rev6r';
INSERT INTO recorder_channels(recorder_id,channel_number,camera_id,description) VALUES ('morjsqbqmzdibu72',21,'morjsqbpaywdl19x','P9 ACCESO MONTACARGA') ON CONFLICT (recorder_id,channel_number) DO UPDATE SET camera_id=EXCLUDED.camera_id,description=EXCLUDED.description;
INSERT INTO camera_locations(camera_id,building_id,floor_id,sector,description) VALUES ('morjsqbpaywdl19x',(SELECT id FROM buildings WHERE name='Anexo A'),(SELECT f.id FROM floors f JOIN buildings b ON b.id=f.building_id WHERE b.name='Anexo A' AND f.name='09' LIMIT 1),NULL,'P9 ACCESO MONTACARGA') ON CONFLICT (camera_id) DO UPDATE SET building_id=EXCLUDED.building_id,floor_id=EXCLUDED.floor_id,description=EXCLUDED.description;
INSERT INTO camera_network_connections(camera_id,switch_port,rack_id) VALUES ('morjsqbpaywdl19x','6/0/46',(SELECT r.id FROM racks r JOIN buildings b ON b.id=r.building_id LEFT JOIN floors f ON f.id=r.floor_id WHERE b.name='Anexo A' AND r.code='0171' AND f.name='09' LIMIT 1)) ON CONFLICT (camera_id) DO UPDATE SET switch_port=EXCLUDED.switch_port,rack_id=EXCLUDED.rack_id;
UPDATE cameras SET ip_address='10.15.30.4', description=COALESCE(NULLIF('P9 ACCESO MONTACARGA',''),description) WHERE device_id='morjsqbpaywdl19x';
INSERT INTO recorder_channels(recorder_id,channel_number,camera_id,description) VALUES ('morjsqbqmzdibu72',22,'morjsqbpn5x9remn','P9 ASCENSORES 12 Y 13') ON CONFLICT (recorder_id,channel_number) DO UPDATE SET camera_id=EXCLUDED.camera_id,description=EXCLUDED.description;
INSERT INTO camera_locations(camera_id,building_id,floor_id,sector,description) VALUES ('morjsqbpn5x9remn',(SELECT id FROM buildings WHERE name='Anexo A'),(SELECT f.id FROM floors f JOIN buildings b ON b.id=f.building_id WHERE b.name='Anexo A' AND f.name='09' LIMIT 1),NULL,'P9 ASCENSORES 12 Y 13') ON CONFLICT (camera_id) DO UPDATE SET building_id=EXCLUDED.building_id,floor_id=EXCLUDED.floor_id,description=EXCLUDED.description;
INSERT INTO camera_network_connections(camera_id,switch_port,rack_id) VALUES ('morjsqbpn5x9remn','6/0/47',(SELECT r.id FROM racks r JOIN buildings b ON b.id=r.building_id LEFT JOIN floors f ON f.id=r.floor_id WHERE b.name='Anexo A' AND r.code='0171' AND f.name='09' LIMIT 1)) ON CONFLICT (camera_id) DO UPDATE SET switch_port=EXCLUDED.switch_port,rack_id=EXCLUDED.rack_id;
UPDATE cameras SET ip_address='10.15.30.5', description=COALESCE(NULLIF('P9 ASCENSORES 12 Y 13',''),description) WHERE device_id='morjsqbpn5x9remn';
INSERT INTO recorder_channels(recorder_id,channel_number,camera_id,description) VALUES ('morjsqbqmzdibu72',23,'morjsqbqxi55mpo4','P9 AREA CENTRAL') ON CONFLICT (recorder_id,channel_number) DO UPDATE SET camera_id=EXCLUDED.camera_id,description=EXCLUDED.description;
INSERT INTO camera_locations(camera_id,building_id,floor_id,sector,description) VALUES ('morjsqbqxi55mpo4',(SELECT id FROM buildings WHERE name='Anexo A'),(SELECT f.id FROM floors f JOIN buildings b ON b.id=f.building_id WHERE b.name='Anexo A' AND f.name='09' LIMIT 1),NULL,'P9 AREA CENTRAL') ON CONFLICT (camera_id) DO UPDATE SET building_id=EXCLUDED.building_id,floor_id=EXCLUDED.floor_id,description=EXCLUDED.description;
INSERT INTO camera_network_connections(camera_id,switch_port,rack_id) VALUES ('morjsqbqxi55mpo4','6/0/44',(SELECT r.id FROM racks r JOIN buildings b ON b.id=r.building_id LEFT JOIN floors f ON f.id=r.floor_id WHERE b.name='Anexo A' AND r.code='0171' AND f.name='09' LIMIT 1)) ON CONFLICT (camera_id) DO UPDATE SET switch_port=EXCLUDED.switch_port,rack_id=EXCLUDED.rack_id;
UPDATE cameras SET ip_address='10.15.30.6', description=COALESCE(NULLIF('P9 AREA CENTRAL',''),description) WHERE device_id='morjsqbqxi55mpo4';
INSERT INTO recorder_channels(recorder_id,channel_number,camera_id,description) VALUES ('morjsqbqmzdibu72',24,'morjsqbqvd838z4l','P9  ESCALERA') ON CONFLICT (recorder_id,channel_number) DO UPDATE SET camera_id=EXCLUDED.camera_id,description=EXCLUDED.description;
INSERT INTO camera_locations(camera_id,building_id,floor_id,sector,description) VALUES ('morjsqbqvd838z4l',(SELECT id FROM buildings WHERE name='Anexo A'),(SELECT f.id FROM floors f JOIN buildings b ON b.id=f.building_id WHERE b.name='Anexo A' AND f.name='09' LIMIT 1),NULL,'P9  ESCALERA') ON CONFLICT (camera_id) DO UPDATE SET building_id=EXCLUDED.building_id,floor_id=EXCLUDED.floor_id,description=EXCLUDED.description;
INSERT INTO camera_network_connections(camera_id,switch_port,rack_id) VALUES ('morjsqbqvd838z4l','6/0/42',(SELECT r.id FROM racks r JOIN buildings b ON b.id=r.building_id LEFT JOIN floors f ON f.id=r.floor_id WHERE b.name='Anexo A' AND r.code='0171' AND f.name='09' LIMIT 1)) ON CONFLICT (camera_id) DO UPDATE SET switch_port=EXCLUDED.switch_port,rack_id=EXCLUDED.rack_id;
UPDATE cameras SET ip_address='10.15.30.7', description=COALESCE(NULLIF('P9  ESCALERA',''),description) WHERE device_id='morjsqbqvd838z4l';
INSERT INTO recorder_channels(recorder_id,channel_number,camera_id,description) VALUES ('morjsqbqmzdibu72',25,'morjsqbp2e98cpo9','P8 ASCENSOR 8 Y 9') ON CONFLICT (recorder_id,channel_number) DO UPDATE SET camera_id=EXCLUDED.camera_id,description=EXCLUDED.description;
INSERT INTO camera_locations(camera_id,building_id,floor_id,sector,description) VALUES ('morjsqbp2e98cpo9',(SELECT id FROM buildings WHERE name='Anexo A'),(SELECT f.id FROM floors f JOIN buildings b ON b.id=f.building_id WHERE b.name='Anexo A' AND f.name='08' LIMIT 1),NULL,'P8 ASCENSOR 8 Y 9') ON CONFLICT (camera_id) DO UPDATE SET building_id=EXCLUDED.building_id,floor_id=EXCLUDED.floor_id,description=EXCLUDED.description;
INSERT INTO camera_network_connections(camera_id,switch_port,rack_id) VALUES ('morjsqbp2e98cpo9','3/0/35',(SELECT r.id FROM racks r JOIN buildings b ON b.id=r.building_id LEFT JOIN floors f ON f.id=r.floor_id WHERE b.name='Anexo A' AND r.code='0167' AND f.name='08' LIMIT 1)) ON CONFLICT (camera_id) DO UPDATE SET switch_port=EXCLUDED.switch_port,rack_id=EXCLUDED.rack_id;
UPDATE cameras SET ip_address='10.15.30.8', description=COALESCE(NULLIF('P8 ASCENSOR 8 Y 9',''),description) WHERE device_id='morjsqbp2e98cpo9';
INSERT INTO recorder_channels(recorder_id,channel_number,camera_id,description) VALUES ('morjsqbqmzdibu72',26,'morjsqbpmvx7i7ei','P8 ACCESO MONTACARGA') ON CONFLICT (recorder_id,channel_number) DO UPDATE SET camera_id=EXCLUDED.camera_id,description=EXCLUDED.description;
INSERT INTO camera_locations(camera_id,building_id,floor_id,sector,description) VALUES ('morjsqbpmvx7i7ei',(SELECT id FROM buildings WHERE name='Anexo A'),(SELECT f.id FROM floors f JOIN buildings b ON b.id=f.building_id WHERE b.name='Anexo A' AND f.name='08' LIMIT 1),NULL,'P8 ACCESO MONTACARGA') ON CONFLICT (camera_id) DO UPDATE SET building_id=EXCLUDED.building_id,floor_id=EXCLUDED.floor_id,description=EXCLUDED.description;
INSERT INTO camera_network_connections(camera_id,switch_port,rack_id) VALUES ('morjsqbpmvx7i7ei','3/0/36',(SELECT r.id FROM racks r JOIN buildings b ON b.id=r.building_id LEFT JOIN floors f ON f.id=r.floor_id WHERE b.name='Anexo A' AND r.code='0017' AND f.name='08' LIMIT 1)) ON CONFLICT (camera_id) DO UPDATE SET switch_port=EXCLUDED.switch_port,rack_id=EXCLUDED.rack_id;
UPDATE cameras SET ip_address='10.15.30.9', description=COALESCE(NULLIF('P8 ACCESO MONTACARGA',''),description) WHERE device_id='morjsqbpmvx7i7ei';
INSERT INTO recorder_channels(recorder_id,channel_number,camera_id,description) VALUES ('morjsqbqmzdibu72',27,'morjsqbpteiikk62','P8 ASCENSOR 12 Y 13') ON CONFLICT (recorder_id,channel_number) DO UPDATE SET camera_id=EXCLUDED.camera_id,description=EXCLUDED.description;
INSERT INTO camera_locations(camera_id,building_id,floor_id,sector,description) VALUES ('morjsqbpteiikk62',(SELECT id FROM buildings WHERE name='Anexo A'),(SELECT f.id FROM floors f JOIN buildings b ON b.id=f.building_id WHERE b.name='Anexo A' AND f.name='08' LIMIT 1),NULL,'P8 ASCENSOR 12 Y 13') ON CONFLICT (camera_id) DO UPDATE SET building_id=EXCLUDED.building_id,floor_id=EXCLUDED.floor_id,description=EXCLUDED.description;
INSERT INTO camera_network_connections(camera_id,switch_port,rack_id) VALUES ('morjsqbpteiikk62','3/0/37',(SELECT r.id FROM racks r JOIN buildings b ON b.id=r.building_id LEFT JOIN floors f ON f.id=r.floor_id WHERE b.name='Anexo A' AND r.code='0167' AND f.name='08' LIMIT 1)) ON CONFLICT (camera_id) DO UPDATE SET switch_port=EXCLUDED.switch_port,rack_id=EXCLUDED.rack_id;
UPDATE cameras SET ip_address='10.15.30.10', description=COALESCE(NULLIF('P8 ASCENSOR 12 Y 13',''),description) WHERE device_id='morjsqbpteiikk62';
INSERT INTO recorder_channels(recorder_id,channel_number,camera_id,description) VALUES ('morjsqbqmzdibu72',28,'morjsqbplcphqruc','P10 ASCENSOR LEGISLADORES') ON CONFLICT (recorder_id,channel_number) DO UPDATE SET camera_id=EXCLUDED.camera_id,description=EXCLUDED.description;
INSERT INTO camera_locations(camera_id,building_id,floor_id,sector,description) VALUES ('morjsqbplcphqruc',(SELECT id FROM buildings WHERE name='Anexo A'),(SELECT f.id FROM floors f JOIN buildings b ON b.id=f.building_id WHERE b.name='Anexo A' AND f.name='10' LIMIT 1),NULL,'P10 ASCENSOR LEGISLADORES') ON CONFLICT (camera_id) DO UPDATE SET building_id=EXCLUDED.building_id,floor_id=EXCLUDED.floor_id,description=EXCLUDED.description;
INSERT INTO camera_network_connections(camera_id,switch_port,rack_id) VALUES ('morjsqbplcphqruc','6/0/44',(SELECT r.id FROM racks r JOIN buildings b ON b.id=r.building_id LEFT JOIN floors f ON f.id=r.floor_id WHERE b.name='Anexo A' AND r.code='0176' AND f.name='10' LIMIT 1)) ON CONFLICT (camera_id) DO UPDATE SET switch_port=EXCLUDED.switch_port,rack_id=EXCLUDED.rack_id;
UPDATE cameras SET ip_address='10.16.30.16', description=COALESCE(NULLIF('P10 ASCENSOR LEGISLADORES',''),description) WHERE device_id='morjsqbplcphqruc';
INSERT INTO recorder_channels(recorder_id,channel_number,camera_id,description) VALUES ('morjsqbqmzdibu72',29,'morjsqbpxpuvqz46','P11 DESFIBRILADOR') ON CONFLICT (recorder_id,channel_number) DO UPDATE SET camera_id=EXCLUDED.camera_id,description=EXCLUDED.description;
INSERT INTO camera_locations(camera_id,building_id,floor_id,sector,description) VALUES ('morjsqbpxpuvqz46',(SELECT id FROM buildings WHERE name='Anexo A'),(SELECT f.id FROM floors f JOIN buildings b ON b.id=f.building_id WHERE b.name='Anexo A' AND f.name='11' LIMIT 1),NULL,'P11 DESFIBRILADOR') ON CONFLICT (camera_id) DO UPDATE SET building_id=EXCLUDED.building_id,floor_id=EXCLUDED.floor_id,description=EXCLUDED.description;
INSERT INTO camera_network_connections(camera_id,switch_port,rack_id) VALUES ('morjsqbpxpuvqz46','6/0/46',(SELECT r.id FROM racks r JOIN buildings b ON b.id=r.building_id LEFT JOIN floors f ON f.id=r.floor_id WHERE b.name='Anexo A' AND r.code='0176' AND f.name='11' LIMIT 1)) ON CONFLICT (camera_id) DO UPDATE SET switch_port=EXCLUDED.switch_port,rack_id=EXCLUDED.rack_id;
UPDATE cameras SET ip_address='10.16.30.17', description=COALESCE(NULLIF('P11 DESFIBRILADOR',''),description) WHERE device_id='morjsqbpxpuvqz46';
INSERT INTO recorder_channels(recorder_id,channel_number,camera_id,description) VALUES ('morjsqbqmzdibu72',30,'morjsqbp82yxbirs','P12 ASCENSOR LEGISLADORES') ON CONFLICT (recorder_id,channel_number) DO UPDATE SET camera_id=EXCLUDED.camera_id,description=EXCLUDED.description;
INSERT INTO camera_locations(camera_id,building_id,floor_id,sector,description) VALUES ('morjsqbp82yxbirs',(SELECT id FROM buildings WHERE name='Anexo A'),(SELECT f.id FROM floors f JOIN buildings b ON b.id=f.building_id WHERE b.name='Anexo A' AND f.name='12' LIMIT 1),NULL,'P12 ASCENSOR LEGISLADORES') ON CONFLICT (camera_id) DO UPDATE SET building_id=EXCLUDED.building_id,floor_id=EXCLUDED.floor_id,description=EXCLUDED.description;
INSERT INTO camera_network_connections(camera_id,switch_port,rack_id) VALUES ('morjsqbp82yxbirs','6/0/45',(SELECT r.id FROM racks r JOIN buildings b ON b.id=r.building_id LEFT JOIN floors f ON f.id=r.floor_id WHERE b.name='Anexo A' AND r.code='0176' AND f.name='12' LIMIT 1)) ON CONFLICT (camera_id) DO UPDATE SET switch_port=EXCLUDED.switch_port,rack_id=EXCLUDED.rack_id;
UPDATE cameras SET ip_address='10.16.30.18', description=COALESCE(NULLIF('P12 ASCENSOR LEGISLADORES',''),description) WHERE device_id='morjsqbp82yxbirs';
INSERT INTO recorder_channels(recorder_id,channel_number,camera_id,description) VALUES ('morjsqbqmzdibu72',31,'morjsqbpbgzm17co','P5 ASCENSORES PUBLICO 1') ON CONFLICT (recorder_id,channel_number) DO UPDATE SET camera_id=EXCLUDED.camera_id,description=EXCLUDED.description;
INSERT INTO camera_locations(camera_id,building_id,floor_id,sector,description) VALUES ('morjsqbpbgzm17co',(SELECT id FROM buildings WHERE name='Anexo A'),(SELECT f.id FROM floors f JOIN buildings b ON b.id=f.building_id WHERE b.name='Anexo A' AND f.name='05' LIMIT 1),NULL,'P5 ASCENSORES PUBLICO 1') ON CONFLICT (camera_id) DO UPDATE SET building_id=EXCLUDED.building_id,floor_id=EXCLUDED.floor_id,description=EXCLUDED.description;
INSERT INTO camera_network_connections(camera_id,switch_port,rack_id) VALUES ('morjsqbpbgzm17co','5/0/42',(SELECT r.id FROM racks r JOIN buildings b ON b.id=r.building_id LEFT JOIN floors f ON f.id=r.floor_id WHERE b.name='Anexo A' AND r.code='0161' AND f.name='05' LIMIT 1)) ON CONFLICT (camera_id) DO UPDATE SET switch_port=EXCLUDED.switch_port,rack_id=EXCLUDED.rack_id;
UPDATE cameras SET ip_address='10.14.30.9', description=COALESCE(NULLIF('P5 ASCENSORES PUBLICO 1',''),description) WHERE device_id='morjsqbpbgzm17co';
INSERT INTO recorder_channels(recorder_id,channel_number,camera_id,description) VALUES ('morjsqbqmzdibu72',32,'morjsqbqncxj30ny','5P CCO') ON CONFLICT (recorder_id,channel_number) DO UPDATE SET camera_id=EXCLUDED.camera_id,description=EXCLUDED.description;
INSERT INTO camera_locations(camera_id,building_id,floor_id,sector,description) VALUES ('morjsqbqncxj30ny',(SELECT id FROM buildings WHERE name='Anexo A'),(SELECT f.id FROM floors f JOIN buildings b ON b.id=f.building_id WHERE b.name='Anexo A' AND f.name='05' LIMIT 1),NULL,'5P CCO') ON CONFLICT (camera_id) DO UPDATE SET building_id=EXCLUDED.building_id,floor_id=EXCLUDED.floor_id,description=EXCLUDED.description;
INSERT INTO camera_network_connections(camera_id,switch_port,rack_id) VALUES ('morjsqbqncxj30ny','4/0/36',(SELECT r.id FROM racks r JOIN buildings b ON b.id=r.building_id LEFT JOIN floors f ON f.id=r.floor_id WHERE b.name='Anexo A' AND r.code='0100' AND f.name='05' LIMIT 1)) ON CONFLICT (camera_id) DO UPDATE SET switch_port=EXCLUDED.switch_port,rack_id=EXCLUDED.rack_id;
UPDATE cameras SET ip_address='10.14.30.10', description=COALESCE(NULLIF('5P CCO',''),description) WHERE device_id='morjsqbqncxj30ny';
INSERT INTO recorder_channels(recorder_id,channel_number,camera_id,description) VALUES ('morjsqbqmzdibu72',33,'morjsqbqcdvxmixn','INGRESO DGIS') ON CONFLICT (recorder_id,channel_number) DO UPDATE SET camera_id=EXCLUDED.camera_id,description=EXCLUDED.description;
INSERT INTO camera_locations(camera_id,building_id,floor_id,sector,description) VALUES ('morjsqbqcdvxmixn',(SELECT id FROM buildings WHERE name='Anexo A'),(SELECT f.id FROM floors f JOIN buildings b ON b.id=f.building_id WHERE b.name='Anexo A' AND f.name='05' LIMIT 1),NULL,'INGRESO DGIS') ON CONFLICT (camera_id) DO UPDATE SET building_id=EXCLUDED.building_id,floor_id=EXCLUDED.floor_id,description=EXCLUDED.description;
INSERT INTO camera_network_connections(camera_id,switch_port,rack_id) VALUES ('morjsqbqcdvxmixn','4/0/2',(SELECT r.id FROM racks r JOIN buildings b ON b.id=r.building_id LEFT JOIN floors f ON f.id=r.floor_id WHERE b.name='Anexo A' AND r.code='0100' AND f.name='05' LIMIT 1)) ON CONFLICT (camera_id) DO UPDATE SET switch_port=EXCLUDED.switch_port,rack_id=EXCLUDED.rack_id;
UPDATE cameras SET ip_address='10.14.30.0', description=COALESCE(NULLIF('INGRESO DGIS',''),description) WHERE device_id='morjsqbqcdvxmixn';
INSERT INTO recorder_channels(recorder_id,channel_number,camera_id,description) VALUES ('morjsqbqmzdibu72',34,'morjsqbqgqb864ob','6SS PASILLO') ON CONFLICT (recorder_id,channel_number) DO UPDATE SET camera_id=EXCLUDED.camera_id,description=EXCLUDED.description;
INSERT INTO camera_locations(camera_id,building_id,floor_id,sector,description) VALUES ('morjsqbqgqb864ob',(SELECT id FROM buildings WHERE name='Anexo A'),(SELECT f.id FROM floors f JOIN buildings b ON b.id=f.building_id WHERE b.name='Anexo A' AND f.name='6ss' LIMIT 1),NULL,'6SS PASILLO') ON CONFLICT (camera_id) DO UPDATE SET building_id=EXCLUDED.building_id,floor_id=EXCLUDED.floor_id,description=EXCLUDED.description;
INSERT INTO camera_network_connections(camera_id,switch_port,rack_id) VALUES ('morjsqbqgqb864ob',NULL,(SELECT r.id FROM racks r JOIN buildings b ON b.id=r.building_id LEFT JOIN floors f ON f.id=r.floor_id WHERE b.name='Anexo A' AND r.code='0127' AND f.name='6ss' LIMIT 1)) ON CONFLICT (camera_id) DO UPDATE SET switch_port=EXCLUDED.switch_port,rack_id=EXCLUDED.rack_id;
UPDATE cameras SET ip_address='10.11.30.66', description=COALESCE(NULLIF('6SS PASILLO',''),description) WHERE device_id='morjsqbqgqb864ob';
INSERT INTO recorder_channels(recorder_id,channel_number,camera_id,description) VALUES ('morjsqbqmzdibu72',35,'morjsqbqxct2pt30','6SS INGRESO') ON CONFLICT (recorder_id,channel_number) DO UPDATE SET camera_id=EXCLUDED.camera_id,description=EXCLUDED.description;
INSERT INTO camera_locations(camera_id,building_id,floor_id,sector,description) VALUES ('morjsqbqxct2pt30',(SELECT id FROM buildings WHERE name='Anexo A'),(SELECT f.id FROM floors f JOIN buildings b ON b.id=f.building_id WHERE b.name='Anexo A' AND f.name='6ss' LIMIT 1),NULL,'6SS INGRESO') ON CONFLICT (camera_id) DO UPDATE SET building_id=EXCLUDED.building_id,floor_id=EXCLUDED.floor_id,description=EXCLUDED.description;
INSERT INTO camera_network_connections(camera_id,switch_port,rack_id) VALUES ('morjsqbqxct2pt30',NULL,(SELECT r.id FROM racks r JOIN buildings b ON b.id=r.building_id LEFT JOIN floors f ON f.id=r.floor_id WHERE b.name='Anexo A' AND r.code='0127' AND f.name='6ss' LIMIT 1)) ON CONFLICT (camera_id) DO UPDATE SET switch_port=EXCLUDED.switch_port,rack_id=EXCLUDED.rack_id;
UPDATE cameras SET ip_address='10.11.30.67', description=COALESCE(NULLIF('6SS INGRESO',''),description) WHERE device_id='morjsqbqxct2pt30';
INSERT INTO recorder_channels(recorder_id,channel_number,camera_id,description) VALUES ('morjsqbqmzdibu72',36,'morjsqbq5gvifw6c','6SS TABLERO FONDO') ON CONFLICT (recorder_id,channel_number) DO UPDATE SET camera_id=EXCLUDED.camera_id,description=EXCLUDED.description;
INSERT INTO camera_locations(camera_id,building_id,floor_id,sector,description) VALUES ('morjsqbq5gvifw6c',(SELECT id FROM buildings WHERE name='Anexo A'),(SELECT f.id FROM floors f JOIN buildings b ON b.id=f.building_id WHERE b.name='Anexo A' AND f.name='6ss' LIMIT 1),NULL,'6SS TABLERO FONDO') ON CONFLICT (camera_id) DO UPDATE SET building_id=EXCLUDED.building_id,floor_id=EXCLUDED.floor_id,description=EXCLUDED.description;
INSERT INTO camera_network_connections(camera_id,switch_port,rack_id) VALUES ('morjsqbq5gvifw6c',NULL,(SELECT r.id FROM racks r JOIN buildings b ON b.id=r.building_id LEFT JOIN floors f ON f.id=r.floor_id WHERE b.name='Anexo A' AND r.code='0127' AND f.name='6ss' LIMIT 1)) ON CONFLICT (camera_id) DO UPDATE SET switch_port=EXCLUDED.switch_port,rack_id=EXCLUDED.rack_id;
UPDATE cameras SET ip_address='10.11.30.68', description=COALESCE(NULLIF('6SS TABLERO FONDO',''),description) WHERE device_id='morjsqbq5gvifw6c';
INSERT INTO recorder_channels(recorder_id,channel_number,camera_id,description) VALUES ('morjsqbqmzdibu72',37,'morjsqbp19mnegql','P8 PASILLO CENTRAL') ON CONFLICT (recorder_id,channel_number) DO UPDATE SET camera_id=EXCLUDED.camera_id,description=EXCLUDED.description;
INSERT INTO camera_locations(camera_id,building_id,floor_id,sector,description) VALUES ('morjsqbp19mnegql',(SELECT id FROM buildings WHERE name='Anexo A'),(SELECT f.id FROM floors f JOIN buildings b ON b.id=f.building_id WHERE b.name='Anexo A' AND f.name='08' LIMIT 1),NULL,'P8 PASILLO CENTRAL') ON CONFLICT (camera_id) DO UPDATE SET building_id=EXCLUDED.building_id,floor_id=EXCLUDED.floor_id,description=EXCLUDED.description;
INSERT INTO camera_network_connections(camera_id,switch_port,rack_id) VALUES ('morjsqbp19mnegql','3/0/38',(SELECT r.id FROM racks r JOIN buildings b ON b.id=r.building_id LEFT JOIN floors f ON f.id=r.floor_id WHERE b.name='Anexo A' AND r.code='0167' AND f.name='08' LIMIT 1)) ON CONFLICT (camera_id) DO UPDATE SET switch_port=EXCLUDED.switch_port,rack_id=EXCLUDED.rack_id;
UPDATE cameras SET ip_address='10.15.30.11', description=COALESCE(NULLIF('P8 PASILLO CENTRAL',''),description) WHERE device_id='morjsqbp19mnegql';
INSERT INTO recorder_channels(recorder_id,channel_number,camera_id,description) VALUES ('morjsqbqmzdibu72',38,'morjsqbqgzyow495','DEP SECADM EXT') ON CONFLICT (recorder_id,channel_number) DO UPDATE SET camera_id=EXCLUDED.camera_id,description=EXCLUDED.description;
INSERT INTO camera_locations(camera_id,building_id,floor_id,sector,description) VALUES ('morjsqbqgzyow495',(SELECT id FROM buildings WHERE name='Anexo A'),(SELECT f.id FROM floors f JOIN buildings b ON b.id=f.building_id WHERE b.name='Anexo A' AND f.name='2ss' LIMIT 1),NULL,'DEP SECADM EXT') ON CONFLICT (camera_id) DO UPDATE SET building_id=EXCLUDED.building_id,floor_id=EXCLUDED.floor_id,description=EXCLUDED.description;
INSERT INTO camera_network_connections(camera_id,switch_port,rack_id) VALUES ('morjsqbqgzyow495',NULL,(SELECT r.id FROM racks r JOIN buildings b ON b.id=r.building_id LEFT JOIN floors f ON f.id=r.floor_id WHERE b.name='Anexo A' AND r.code='0127' AND f.name='2ss' LIMIT 1)) ON CONFLICT (camera_id) DO UPDATE SET switch_port=EXCLUDED.switch_port,rack_id=EXCLUDED.rack_id;
UPDATE cameras SET ip_address='10.11.30.69', description=COALESCE(NULLIF('DEP SECADM EXT',''),description) WHERE device_id='morjsqbqgzyow495';
INSERT INTO recorder_channels(recorder_id,channel_number,camera_id,description) VALUES ('morjsqbqmzdibu72',39,'morjsqbqmzc289g1','DEP SECADM INT1') ON CONFLICT (recorder_id,channel_number) DO UPDATE SET camera_id=EXCLUDED.camera_id,description=EXCLUDED.description;
INSERT INTO camera_locations(camera_id,building_id,floor_id,sector,description) VALUES ('morjsqbqmzc289g1',(SELECT id FROM buildings WHERE name='Anexo A'),(SELECT f.id FROM floors f JOIN buildings b ON b.id=f.building_id WHERE b.name='Anexo A' AND f.name='2ss' LIMIT 1),NULL,'DEP SECADM INT1') ON CONFLICT (camera_id) DO UPDATE SET building_id=EXCLUDED.building_id,floor_id=EXCLUDED.floor_id,description=EXCLUDED.description;
INSERT INTO camera_network_connections(camera_id,switch_port,rack_id) VALUES ('morjsqbqmzc289g1',NULL,(SELECT r.id FROM racks r JOIN buildings b ON b.id=r.building_id LEFT JOIN floors f ON f.id=r.floor_id WHERE b.name='Anexo A' AND r.code='0127' AND f.name='2ss' LIMIT 1)) ON CONFLICT (camera_id) DO UPDATE SET switch_port=EXCLUDED.switch_port,rack_id=EXCLUDED.rack_id;
UPDATE cameras SET ip_address='10.11.30.70', description=COALESCE(NULLIF('DEP SECADM INT1',''),description) WHERE device_id='morjsqbqmzc289g1';
INSERT INTO recorder_channels(recorder_id,channel_number,camera_id,description) VALUES ('morjsqbqmzdibu72',40,'morjsqbqaaefeg8l','SS2 - ACCESO ASCENSORES') ON CONFLICT (recorder_id,channel_number) DO UPDATE SET camera_id=EXCLUDED.camera_id,description=EXCLUDED.description;
INSERT INTO camera_locations(camera_id,building_id,floor_id,sector,description) VALUES ('morjsqbqaaefeg8l',(SELECT id FROM buildings WHERE name='Anexo A'),(SELECT f.id FROM floors f JOIN buildings b ON b.id=f.building_id WHERE b.name='Anexo A' AND f.name='2ss' LIMIT 1),NULL,'SS2 - ACCESO ASCENSORES') ON CONFLICT (camera_id) DO UPDATE SET building_id=EXCLUDED.building_id,floor_id=EXCLUDED.floor_id,description=EXCLUDED.description;
INSERT INTO camera_network_connections(camera_id,switch_port,rack_id) VALUES ('morjsqbqaaefeg8l','2/0/27',(SELECT r.id FROM racks r JOIN buildings b ON b.id=r.building_id LEFT JOIN floors f ON f.id=r.floor_id WHERE b.name='Anexo A' AND r.code='0120' AND f.name='2ss' LIMIT 1)) ON CONFLICT (camera_id) DO UPDATE SET switch_port=EXCLUDED.switch_port,rack_id=EXCLUDED.rack_id;
UPDATE cameras SET ip_address='10.11.30.59', description=COALESCE(NULLIF('SS2 - ACCESO ASCENSORES',''),description) WHERE device_id='morjsqbqaaefeg8l';
INSERT INTO recorder_channels(recorder_id,channel_number,camera_id,description) VALUES ('morjsqbqmzdibu72',41,'morjsqbq50kifcqz','ARCH DGAC EXT') ON CONFLICT (recorder_id,channel_number) DO UPDATE SET camera_id=EXCLUDED.camera_id,description=EXCLUDED.description;
INSERT INTO camera_locations(camera_id,building_id,floor_id,sector,description) VALUES ('morjsqbq50kifcqz',(SELECT id FROM buildings WHERE name='Anexo A'),(SELECT f.id FROM floors f JOIN buildings b ON b.id=f.building_id WHERE b.name='Anexo A' AND f.name='2ss' LIMIT 1),NULL,'ARCH DGAC EXT') ON CONFLICT (camera_id) DO UPDATE SET building_id=EXCLUDED.building_id,floor_id=EXCLUDED.floor_id,description=EXCLUDED.description;
INSERT INTO camera_network_connections(camera_id,switch_port,rack_id) VALUES ('morjsqbq50kifcqz','2/0/39',(SELECT r.id FROM racks r JOIN buildings b ON b.id=r.building_id LEFT JOIN floors f ON f.id=r.floor_id WHERE b.name='Anexo A' AND r.code='0120' AND f.name='2ss' LIMIT 1)) ON CONFLICT (camera_id) DO UPDATE SET switch_port=EXCLUDED.switch_port,rack_id=EXCLUDED.rack_id;
UPDATE cameras SET ip_address='10.11.30.60', description=COALESCE(NULLIF('ARCH DGAC EXT',''),description) WHERE device_id='morjsqbq50kifcqz';
INSERT INTO recorder_channels(recorder_id,channel_number,camera_id,description) VALUES ('morjsqbqmzdibu72',42,'morjsqbq3z6zgius','ARCH DGAC INT1') ON CONFLICT (recorder_id,channel_number) DO UPDATE SET camera_id=EXCLUDED.camera_id,description=EXCLUDED.description;
INSERT INTO camera_locations(camera_id,building_id,floor_id,sector,description) VALUES ('morjsqbq3z6zgius',(SELECT id FROM buildings WHERE name='Anexo A'),(SELECT f.id FROM floors f JOIN buildings b ON b.id=f.building_id WHERE b.name='Anexo A' AND f.name='2ss' LIMIT 1),NULL,'ARCH DGAC INT1') ON CONFLICT (camera_id) DO UPDATE SET building_id=EXCLUDED.building_id,floor_id=EXCLUDED.floor_id,description=EXCLUDED.description;
INSERT INTO camera_network_connections(camera_id,switch_port,rack_id) VALUES ('morjsqbq3z6zgius','2/0/41',(SELECT r.id FROM racks r JOIN buildings b ON b.id=r.building_id LEFT JOIN floors f ON f.id=r.floor_id WHERE b.name='Anexo A' AND r.code='0120' AND f.name='2ss' LIMIT 1)) ON CONFLICT (camera_id) DO UPDATE SET switch_port=EXCLUDED.switch_port,rack_id=EXCLUDED.rack_id;
UPDATE cameras SET ip_address='10.11.30.61', description=COALESCE(NULLIF('ARCH DGAC INT1',''),description) WHERE device_id='morjsqbq3z6zgius';
INSERT INTO recorder_channels(recorder_id,channel_number,camera_id,description) VALUES ('morjsqbqmzdibu72',43,'morjsqbqr91kv4d2','ARCH DGAC INT2') ON CONFLICT (recorder_id,channel_number) DO UPDATE SET camera_id=EXCLUDED.camera_id,description=EXCLUDED.description;
INSERT INTO camera_locations(camera_id,building_id,floor_id,sector,description) VALUES ('morjsqbqr91kv4d2',(SELECT id FROM buildings WHERE name='Anexo A'),(SELECT f.id FROM floors f JOIN buildings b ON b.id=f.building_id WHERE b.name='Anexo A' AND f.name='2ss' LIMIT 1),NULL,'ARCH DGAC INT2') ON CONFLICT (camera_id) DO UPDATE SET building_id=EXCLUDED.building_id,floor_id=EXCLUDED.floor_id,description=EXCLUDED.description;
INSERT INTO camera_network_connections(camera_id,switch_port,rack_id) VALUES ('morjsqbqr91kv4d2','2/0/40',(SELECT r.id FROM racks r JOIN buildings b ON b.id=r.building_id LEFT JOIN floors f ON f.id=r.floor_id WHERE b.name='Anexo A' AND r.code='0120' AND f.name='2ss' LIMIT 1)) ON CONFLICT (camera_id) DO UPDATE SET switch_port=EXCLUDED.switch_port,rack_id=EXCLUDED.rack_id;
UPDATE cameras SET ip_address='10.11.30.62', description=COALESCE(NULLIF('ARCH DGAC INT2',''),description) WHERE device_id='morjsqbqr91kv4d2';
INSERT INTO recorder_channels(recorder_id,channel_number,camera_id,description) VALUES ('morjsqbqmzdibu72',44,'morjsqbqtulu8v30','SUMINISTROS INT1') ON CONFLICT (recorder_id,channel_number) DO UPDATE SET camera_id=EXCLUDED.camera_id,description=EXCLUDED.description;
INSERT INTO camera_locations(camera_id,building_id,floor_id,sector,description) VALUES ('morjsqbqtulu8v30',(SELECT id FROM buildings WHERE name='Anexo A'),(SELECT f.id FROM floors f JOIN buildings b ON b.id=f.building_id WHERE b.name='Anexo A' AND f.name='2ss' LIMIT 1),NULL,'SUMINISTROS INT1') ON CONFLICT (camera_id) DO UPDATE SET building_id=EXCLUDED.building_id,floor_id=EXCLUDED.floor_id,description=EXCLUDED.description;
INSERT INTO camera_network_connections(camera_id,switch_port,rack_id) VALUES ('morjsqbqtulu8v30','2/0/36',(SELECT r.id FROM racks r JOIN buildings b ON b.id=r.building_id LEFT JOIN floors f ON f.id=r.floor_id WHERE b.name='Anexo A' AND r.code='0120' AND f.name='2ss' LIMIT 1)) ON CONFLICT (camera_id) DO UPDATE SET switch_port=EXCLUDED.switch_port,rack_id=EXCLUDED.rack_id;
UPDATE cameras SET ip_address='10.11.30.63', description=COALESCE(NULLIF('SUMINISTROS INT1',''),description) WHERE device_id='morjsqbqtulu8v30';
INSERT INTO recorder_channels(recorder_id,channel_number,camera_id,description) VALUES ('morjsqbqmzdibu72',45,'morjsqbqzbacyx1y','SUMINISTROS INT2') ON CONFLICT (recorder_id,channel_number) DO UPDATE SET camera_id=EXCLUDED.camera_id,description=EXCLUDED.description;
INSERT INTO camera_locations(camera_id,building_id,floor_id,sector,description) VALUES ('morjsqbqzbacyx1y',(SELECT id FROM buildings WHERE name='Anexo A'),(SELECT f.id FROM floors f JOIN buildings b ON b.id=f.building_id WHERE b.name='Anexo A' AND f.name='2ss' LIMIT 1),NULL,'SUMINISTROS INT2') ON CONFLICT (camera_id) DO UPDATE SET building_id=EXCLUDED.building_id,floor_id=EXCLUDED.floor_id,description=EXCLUDED.description;
INSERT INTO camera_network_connections(camera_id,switch_port,rack_id) VALUES ('morjsqbqzbacyx1y','2/0/37',(SELECT r.id FROM racks r JOIN buildings b ON b.id=r.building_id LEFT JOIN floors f ON f.id=r.floor_id WHERE b.name='Anexo A' AND r.code='0120' AND f.name='2ss' LIMIT 1)) ON CONFLICT (camera_id) DO UPDATE SET switch_port=EXCLUDED.switch_port,rack_id=EXCLUDED.rack_id;
UPDATE cameras SET ip_address='10.11.30.64', description=COALESCE(NULLIF('SUMINISTROS INT2',''),description) WHERE device_id='morjsqbqzbacyx1y';
INSERT INTO recorder_channels(recorder_id,channel_number,camera_id,description) VALUES ('morjsqbqmzdibu72',46,'morjsqbqecmqy2m1','SUMINISTROS INT3') ON CONFLICT (recorder_id,channel_number) DO UPDATE SET camera_id=EXCLUDED.camera_id,description=EXCLUDED.description;
INSERT INTO camera_locations(camera_id,building_id,floor_id,sector,description) VALUES ('morjsqbqecmqy2m1',(SELECT id FROM buildings WHERE name='Anexo A'),(SELECT f.id FROM floors f JOIN buildings b ON b.id=f.building_id WHERE b.name='Anexo A' AND f.name='2ss' LIMIT 1),NULL,'SUMINISTROS INT3') ON CONFLICT (camera_id) DO UPDATE SET building_id=EXCLUDED.building_id,floor_id=EXCLUDED.floor_id,description=EXCLUDED.description;
INSERT INTO camera_network_connections(camera_id,switch_port,rack_id) VALUES ('morjsqbqecmqy2m1','2/0/38',(SELECT r.id FROM racks r JOIN buildings b ON b.id=r.building_id LEFT JOIN floors f ON f.id=r.floor_id WHERE b.name='Anexo A' AND r.code='0120' AND f.name='2ss' LIMIT 1)) ON CONFLICT (camera_id) DO UPDATE SET switch_port=EXCLUDED.switch_port,rack_id=EXCLUDED.rack_id;
UPDATE cameras SET ip_address='10.11.30.65', description=COALESCE(NULLIF('SUMINISTROS INT3',''),description) WHERE device_id='morjsqbqecmqy2m1';
INSERT INTO recorder_channels(recorder_id,channel_number,camera_id,description) VALUES ('morjsqbqmzdibu72',47,'morjsqbqc006akym','SINIESTRO') ON CONFLICT (recorder_id,channel_number) DO UPDATE SET camera_id=EXCLUDED.camera_id,description=EXCLUDED.description;
INSERT INTO camera_locations(camera_id,building_id,floor_id,sector,description) VALUES ('morjsqbqc006akym',(SELECT id FROM buildings WHERE name='Anexo A'),(SELECT f.id FROM floors f JOIN buildings b ON b.id=f.building_id WHERE b.name='Anexo A' AND f.name='PB' LIMIT 1),NULL,'SINIESTRO') ON CONFLICT (camera_id) DO UPDATE SET building_id=EXCLUDED.building_id,floor_id=EXCLUDED.floor_id,description=EXCLUDED.description;
INSERT INTO camera_network_connections(camera_id,switch_port,rack_id) VALUES ('morjsqbqc006akym','2/0/32',(SELECT r.id FROM racks r JOIN buildings b ON b.id=r.building_id LEFT JOIN floors f ON f.id=r.floor_id WHERE b.name='Anexo A' AND r.code='0135' AND f.name='PB' LIMIT 1)) ON CONFLICT (camera_id) DO UPDATE SET switch_port=EXCLUDED.switch_port,rack_id=EXCLUDED.rack_id;
UPDATE cameras SET ip_address='10.11.30.1', description=COALESCE(NULLIF('SINIESTRO',''),description) WHERE device_id='morjsqbqc006akym';
INSERT INTO recorder_channels(recorder_id,channel_number,camera_id,description) VALUES ('morjsqbqmzdibu72',48,'morjsqbqyte0c07j','OPERADOR RAMPA') ON CONFLICT (recorder_id,channel_number) DO UPDATE SET camera_id=EXCLUDED.camera_id,description=EXCLUDED.description;
INSERT INTO camera_locations(camera_id,building_id,floor_id,sector,description) VALUES ('morjsqbqyte0c07j',(SELECT id FROM buildings WHERE name='Anexo A'),(SELECT f.id FROM floors f JOIN buildings b ON b.id=f.building_id WHERE b.name='Anexo A' AND f.name='PB' LIMIT 1),NULL,'OPERADOR RAMPA') ON CONFLICT (camera_id) DO UPDATE SET building_id=EXCLUDED.building_id,floor_id=EXCLUDED.floor_id,description=EXCLUDED.description;
INSERT INTO camera_network_connections(camera_id,switch_port,rack_id) VALUES ('morjsqbqyte0c07j','2/0/29',(SELECT r.id FROM racks r JOIN buildings b ON b.id=r.building_id LEFT JOIN floors f ON f.id=r.floor_id WHERE b.name='Anexo A' AND r.code='0135' AND f.name='PB' LIMIT 1)) ON CONFLICT (camera_id) DO UPDATE SET switch_port=EXCLUDED.switch_port,rack_id=EXCLUDED.rack_id;
UPDATE cameras SET ip_address='10.11.30.2', description=COALESCE(NULLIF('OPERADOR RAMPA',''),description) WHERE device_id='morjsqbqyte0c07j';
INSERT INTO recorder_channels(recorder_id,channel_number,camera_id,description) VALUES ('morjsqbqmzdibu72',49,'morjsqbp85p2fu9b','INGRESO RAMPA 1') ON CONFLICT (recorder_id,channel_number) DO UPDATE SET camera_id=EXCLUDED.camera_id,description=EXCLUDED.description;
INSERT INTO camera_locations(camera_id,building_id,floor_id,sector,description) VALUES ('morjsqbp85p2fu9b',(SELECT id FROM buildings WHERE name='Anexo A'),(SELECT f.id FROM floors f JOIN buildings b ON b.id=f.building_id WHERE b.name='Anexo A' AND f.name='pb' LIMIT 1),NULL,'INGRESO RAMPA 1') ON CONFLICT (camera_id) DO UPDATE SET building_id=EXCLUDED.building_id,floor_id=EXCLUDED.floor_id,description=EXCLUDED.description;
INSERT INTO camera_network_connections(camera_id,switch_port,rack_id) VALUES ('morjsqbp85p2fu9b','2/0/30',(SELECT r.id FROM racks r JOIN buildings b ON b.id=r.building_id LEFT JOIN floors f ON f.id=r.floor_id WHERE b.name='Anexo A' AND r.code='0135' AND f.name='pb' LIMIT 1)) ON CONFLICT (camera_id) DO UPDATE SET switch_port=EXCLUDED.switch_port,rack_id=EXCLUDED.rack_id;
UPDATE cameras SET ip_address='10.11.30.3', description=COALESCE(NULLIF('INGRESO RAMPA 1',''),description) WHERE device_id='morjsqbp85p2fu9b';
INSERT INTO recorder_channels(recorder_id,channel_number,camera_id,description) VALUES ('morjsqbqmzdibu72',50,'morjsqbpckvaug1e','EP2 SALA CONSULTORIOS') ON CONFLICT (recorder_id,channel_number) DO UPDATE SET camera_id=EXCLUDED.camera_id,description=EXCLUDED.description;
INSERT INTO camera_locations(camera_id,building_id,floor_id,sector,description) VALUES ('morjsqbpckvaug1e',(SELECT id FROM buildings WHERE name='Anexo A'),(SELECT f.id FROM floors f JOIN buildings b ON b.id=f.building_id WHERE b.name='Anexo A' AND f.name='ep2' LIMIT 1),NULL,'EP2 SALA CONSULTORIOS') ON CONFLICT (camera_id) DO UPDATE SET building_id=EXCLUDED.building_id,floor_id=EXCLUDED.floor_id,description=EXCLUDED.description;
INSERT INTO camera_network_connections(camera_id,switch_port,rack_id) VALUES ('morjsqbpckvaug1e','3/0/46',(SELECT r.id FROM racks r JOIN buildings b ON b.id=r.building_id LEFT JOIN floors f ON f.id=r.floor_id WHERE b.name='Anexo A' AND r.code='0131' AND f.name='ep2' LIMIT 1)) ON CONFLICT (camera_id) DO UPDATE SET switch_port=EXCLUDED.switch_port,rack_id=EXCLUDED.rack_id;
UPDATE cameras SET ip_address='10.11.30.28', description=COALESCE(NULLIF('EP2 SALA CONSULTORIOS',''),description) WHERE device_id='morjsqbpckvaug1e';
INSERT INTO recorder_channels(recorder_id,channel_number,camera_id,description) VALUES ('morjsqbqmzdibu72',51,'morjsqbp5dsa07u5','EP2 COMEDOR LEGISLADORES') ON CONFLICT (recorder_id,channel_number) DO UPDATE SET camera_id=EXCLUDED.camera_id,description=EXCLUDED.description;
INSERT INTO camera_locations(camera_id,building_id,floor_id,sector,description) VALUES ('morjsqbp5dsa07u5',(SELECT id FROM buildings WHERE name='Anexo A'),(SELECT f.id FROM floors f JOIN buildings b ON b.id=f.building_id WHERE b.name='Anexo A' AND f.name='ep2' LIMIT 1),NULL,'EP2 COMEDOR LEGISLADORES') ON CONFLICT (camera_id) DO UPDATE SET building_id=EXCLUDED.building_id,floor_id=EXCLUDED.floor_id,description=EXCLUDED.description;
INSERT INTO camera_network_connections(camera_id,switch_port,rack_id) VALUES ('morjsqbp5dsa07u5','3/0/13',(SELECT r.id FROM racks r JOIN buildings b ON b.id=r.building_id LEFT JOIN floors f ON f.id=r.floor_id WHERE b.name='Anexo A' AND r.code='0135' AND f.name='ep2' LIMIT 1)) ON CONFLICT (camera_id) DO UPDATE SET switch_port=EXCLUDED.switch_port,rack_id=EXCLUDED.rack_id;
UPDATE cameras SET ip_address='10.11.30.39', description=COALESCE(NULLIF('EP2 COMEDOR LEGISLADORES',''),description) WHERE device_id='morjsqbp5dsa07u5';
INSERT INTO recorder_channels(recorder_id,channel_number,camera_id,description) VALUES ('morjsqbqmzdibu72',52,NULL,NULL) ON CONFLICT (recorder_id,channel_number) DO UPDATE SET camera_id=EXCLUDED.camera_id,description=EXCLUDED.description;
INSERT INTO recorder_channels(recorder_id,channel_number,camera_id,description) VALUES ('morjsqbqmzdibu72',53,NULL,NULL) ON CONFLICT (recorder_id,channel_number) DO UPDATE SET camera_id=EXCLUDED.camera_id,description=EXCLUDED.description;
INSERT INTO recorder_channels(recorder_id,channel_number,camera_id,description) VALUES ('morjsqbqmzdibu72',54,NULL,NULL) ON CONFLICT (recorder_id,channel_number) DO UPDATE SET camera_id=EXCLUDED.camera_id,description=EXCLUDED.description;
INSERT INTO recorder_channels(recorder_id,channel_number,camera_id,description) VALUES ('morjsqbqmzdibu72',55,NULL,NULL) ON CONFLICT (recorder_id,channel_number) DO UPDATE SET camera_id=EXCLUDED.camera_id,description=EXCLUDED.description;
INSERT INTO recorder_channels(recorder_id,channel_number,camera_id,description) VALUES ('morjsqbqmzdibu72',56,NULL,NULL) ON CONFLICT (recorder_id,channel_number) DO UPDATE SET camera_id=EXCLUDED.camera_id,description=EXCLUDED.description;
INSERT INTO recorder_channels(recorder_id,channel_number,camera_id,description) VALUES ('morjsqbqmzdibu72',57,NULL,NULL) ON CONFLICT (recorder_id,channel_number) DO UPDATE SET camera_id=EXCLUDED.camera_id,description=EXCLUDED.description;
INSERT INTO recorder_channels(recorder_id,channel_number,camera_id,description) VALUES ('morjsqbqmzdibu72',58,NULL,NULL) ON CONFLICT (recorder_id,channel_number) DO UPDATE SET camera_id=EXCLUDED.camera_id,description=EXCLUDED.description;
INSERT INTO recorder_channels(recorder_id,channel_number,camera_id,description) VALUES ('morjsqbqmzdibu72',59,NULL,NULL) ON CONFLICT (recorder_id,channel_number) DO UPDATE SET camera_id=EXCLUDED.camera_id,description=EXCLUDED.description;
INSERT INTO recorder_channels(recorder_id,channel_number,camera_id,description) VALUES ('morjsqbqmzdibu72',60,NULL,NULL) ON CONFLICT (recorder_id,channel_number) DO UPDATE SET camera_id=EXCLUDED.camera_id,description=EXCLUDED.description;
INSERT INTO recorder_channels(recorder_id,channel_number,camera_id,description) VALUES ('morjsqbqmzdibu72',61,NULL,NULL) ON CONFLICT (recorder_id,channel_number) DO UPDATE SET camera_id=EXCLUDED.camera_id,description=EXCLUDED.description;
INSERT INTO recorder_channels(recorder_id,channel_number,camera_id,description) VALUES ('morjsqbqmzdibu72',62,NULL,NULL) ON CONFLICT (recorder_id,channel_number) DO UPDATE SET camera_id=EXCLUDED.camera_id,description=EXCLUDED.description;
INSERT INTO recorder_channels(recorder_id,channel_number,camera_id,description) VALUES ('morjsqbqmzdibu72',63,NULL,NULL) ON CONFLICT (recorder_id,channel_number) DO UPDATE SET camera_id=EXCLUDED.camera_id,description=EXCLUDED.description;
INSERT INTO recorder_channels(recorder_id,channel_number,camera_id,description) VALUES ('morjsqbqmzdibu72',64,NULL,NULL) ON CONFLICT (recorder_id,channel_number) DO UPDATE SET camera_id=EXCLUDED.camera_id,description=EXCLUDED.description;
INSERT INTO recorders(device_id,recorder_type,description,ip_address,channel_capacity,rack_id) VALUES ('morjsqbqkpdg34q5','nvr','NVR-4','10.105.0.197',64,(SELECT r.id FROM racks r JOIN buildings b ON b.id=r.building_id LEFT JOIN floors f ON f.id=r.floor_id WHERE b.name='Anexo A' AND r.code='RACK 12' AND f.name='1SS' LIMIT 1)) ON CONFLICT (device_id) DO UPDATE SET recorder_type=EXCLUDED.recorder_type,description=EXCLUDED.description,ip_address=EXCLUDED.ip_address,channel_capacity=EXCLUDED.channel_capacity,rack_id=EXCLUDED.rack_id;
INSERT INTO recorder_channels(recorder_id,channel_number,camera_id,description) VALUES ('morjsqbqkpdg34q5',1,'morjsqbpi1rp4fbe','1 COCHERA ANEXO C') ON CONFLICT (recorder_id,channel_number) DO UPDATE SET camera_id=EXCLUDED.camera_id,description=EXCLUDED.description;
INSERT INTO camera_locations(camera_id,building_id,floor_id,sector,description) VALUES ('morjsqbpi1rp4fbe',(SELECT id FROM buildings WHERE name='Anexo C'),(SELECT f.id FROM floors f JOIN buildings b ON b.id=f.building_id WHERE b.name='Anexo C' AND f.name='1ss' LIMIT 1),NULL,'1 COCHERA ANEXO C') ON CONFLICT (camera_id) DO UPDATE SET building_id=EXCLUDED.building_id,floor_id=EXCLUDED.floor_id,description=EXCLUDED.description;
INSERT INTO camera_network_connections(camera_id,switch_port,rack_id) VALUES ('morjsqbpi1rp4fbe','2/0/33',(SELECT r.id FROM racks r JOIN buildings b ON b.id=r.building_id LEFT JOIN floors f ON f.id=r.floor_id WHERE b.name='Anexo C' AND r.code='0127' AND f.name='1ss' LIMIT 1)) ON CONFLICT (camera_id) DO UPDATE SET switch_port=EXCLUDED.switch_port,rack_id=EXCLUDED.rack_id;
UPDATE cameras SET ip_address='10.11.30.71', description=COALESCE(NULLIF('1 COCHERA ANEXO C',''),description) WHERE device_id='morjsqbpi1rp4fbe';
INSERT INTO recorder_channels(recorder_id,channel_number,camera_id,description) VALUES ('morjsqbqkpdg34q5',2,'morjsqbp2tkf22q0','2 COCHERA ANEXO C') ON CONFLICT (recorder_id,channel_number) DO UPDATE SET camera_id=EXCLUDED.camera_id,description=EXCLUDED.description;
INSERT INTO camera_locations(camera_id,building_id,floor_id,sector,description) VALUES ('morjsqbp2tkf22q0',(SELECT id FROM buildings WHERE name='Anexo C'),(SELECT f.id FROM floors f JOIN buildings b ON b.id=f.building_id WHERE b.name='Anexo C' AND f.name='1ss' LIMIT 1),NULL,'2 COCHERA ANEXO C') ON CONFLICT (camera_id) DO UPDATE SET building_id=EXCLUDED.building_id,floor_id=EXCLUDED.floor_id,description=EXCLUDED.description;
INSERT INTO camera_network_connections(camera_id,switch_port,rack_id) VALUES ('morjsqbp2tkf22q0','2/0/34',(SELECT r.id FROM racks r JOIN buildings b ON b.id=r.building_id LEFT JOIN floors f ON f.id=r.floor_id WHERE b.name='Anexo C' AND r.code='0127' AND f.name='1ss' LIMIT 1)) ON CONFLICT (camera_id) DO UPDATE SET switch_port=EXCLUDED.switch_port,rack_id=EXCLUDED.rack_id;
UPDATE cameras SET ip_address='10.11.30.72', description=COALESCE(NULLIF('2 COCHERA ANEXO C',''),description) WHERE device_id='morjsqbp2tkf22q0';
INSERT INTO recorder_channels(recorder_id,channel_number,camera_id,description) VALUES ('morjsqbqkpdg34q5',3,'morjsqbp29mbei9r','3 COCHERA ANEXO C') ON CONFLICT (recorder_id,channel_number) DO UPDATE SET camera_id=EXCLUDED.camera_id,description=EXCLUDED.description;
INSERT INTO camera_locations(camera_id,building_id,floor_id,sector,description) VALUES ('morjsqbp29mbei9r',(SELECT id FROM buildings WHERE name='Anexo C'),(SELECT f.id FROM floors f JOIN buildings b ON b.id=f.building_id WHERE b.name='Anexo C' AND f.name='1ss' LIMIT 1),NULL,'3 COCHERA ANEXO C') ON CONFLICT (camera_id) DO UPDATE SET building_id=EXCLUDED.building_id,floor_id=EXCLUDED.floor_id,description=EXCLUDED.description;
INSERT INTO camera_network_connections(camera_id,switch_port,rack_id) VALUES ('morjsqbp29mbei9r','2/0/35',(SELECT r.id FROM racks r JOIN buildings b ON b.id=r.building_id LEFT JOIN floors f ON f.id=r.floor_id WHERE b.name='Anexo C' AND r.code='0127' AND f.name='1ss' LIMIT 1)) ON CONFLICT (camera_id) DO UPDATE SET switch_port=EXCLUDED.switch_port,rack_id=EXCLUDED.rack_id;
UPDATE cameras SET ip_address='10.11.30.73', description=COALESCE(NULLIF('3 COCHERA ANEXO C',''),description) WHERE device_id='morjsqbp29mbei9r';
INSERT INTO recorder_channels(recorder_id,channel_number,camera_id,description) VALUES ('morjsqbqkpdg34q5',4,'morjsqbpfnnau1ai','2DO SS BIS') ON CONFLICT (recorder_id,channel_number) DO UPDATE SET camera_id=EXCLUDED.camera_id,description=EXCLUDED.description;
INSERT INTO camera_locations(camera_id,building_id,floor_id,sector,description) VALUES ('morjsqbpfnnau1ai',(SELECT id FROM buildings WHERE name='Anexo A'),(SELECT f.id FROM floors f JOIN buildings b ON b.id=f.building_id WHERE b.name='Anexo A' AND f.name='2ss' LIMIT 1),NULL,'2DO SS BIS') ON CONFLICT (camera_id) DO UPDATE SET building_id=EXCLUDED.building_id,floor_id=EXCLUDED.floor_id,description=EXCLUDED.description;
INSERT INTO camera_network_connections(camera_id,switch_port,rack_id) VALUES ('morjsqbpfnnau1ai',NULL,(SELECT r.id FROM racks r JOIN buildings b ON b.id=r.building_id LEFT JOIN floors f ON f.id=r.floor_id WHERE b.name='Anexo A' AND r.code='0127' AND f.name='2ss' LIMIT 1)) ON CONFLICT (camera_id) DO UPDATE SET switch_port=EXCLUDED.switch_port,rack_id=EXCLUDED.rack_id;
UPDATE cameras SET ip_address='10.11.30.74', description=COALESCE(NULLIF('2DO SS BIS',''),description) WHERE device_id='morjsqbpfnnau1ai';
INSERT INTO recorder_channels(recorder_id,channel_number,camera_id,description) VALUES ('morjsqbqkpdg34q5',5,'morjsqbptuxe0adl','3ER SS BIS 1') ON CONFLICT (recorder_id,channel_number) DO UPDATE SET camera_id=EXCLUDED.camera_id,description=EXCLUDED.description;
INSERT INTO camera_locations(camera_id,building_id,floor_id,sector,description) VALUES ('morjsqbptuxe0adl',(SELECT id FROM buildings WHERE name='Anexo A'),(SELECT f.id FROM floors f JOIN buildings b ON b.id=f.building_id WHERE b.name='Anexo A' AND f.name='3ss' LIMIT 1),NULL,'3ER SS BIS 1') ON CONFLICT (camera_id) DO UPDATE SET building_id=EXCLUDED.building_id,floor_id=EXCLUDED.floor_id,description=EXCLUDED.description;
INSERT INTO camera_network_connections(camera_id,switch_port,rack_id) VALUES ('morjsqbptuxe0adl','2/0/26',(SELECT r.id FROM racks r JOIN buildings b ON b.id=r.building_id LEFT JOIN floors f ON f.id=r.floor_id WHERE b.name='Anexo A' AND r.code='0120' AND f.name='3ss' LIMIT 1)) ON CONFLICT (camera_id) DO UPDATE SET switch_port=EXCLUDED.switch_port,rack_id=EXCLUDED.rack_id;
UPDATE cameras SET ip_address='10.11.30.55', description=COALESCE(NULLIF('3ER SS BIS 1',''),description) WHERE device_id='morjsqbptuxe0adl';
INSERT INTO recorder_channels(recorder_id,channel_number,camera_id,description) VALUES ('morjsqbqkpdg34q5',6,'morjsqbpdtsdyegc','1SS COM') ON CONFLICT (recorder_id,channel_number) DO UPDATE SET camera_id=EXCLUDED.camera_id,description=EXCLUDED.description;
INSERT INTO camera_locations(camera_id,building_id,floor_id,sector,description) VALUES ('morjsqbpdtsdyegc',(SELECT id FROM buildings WHERE name='Anexo A'),(SELECT f.id FROM floors f JOIN buildings b ON b.id=f.building_id WHERE b.name='Anexo A' AND f.name='1ss' LIMIT 1),NULL,'1SS COM') ON CONFLICT (camera_id) DO UPDATE SET building_id=EXCLUDED.building_id,floor_id=EXCLUDED.floor_id,description=EXCLUDED.description;
INSERT INTO camera_network_connections(camera_id,switch_port,rack_id) VALUES ('morjsqbpdtsdyegc','1/0/19',(SELECT r.id FROM racks r JOIN buildings b ON b.id=r.building_id LEFT JOIN floors f ON f.id=r.floor_id WHERE b.name='Anexo A' AND r.code='0127' AND f.name='1ss' LIMIT 1)) ON CONFLICT (camera_id) DO UPDATE SET switch_port=EXCLUDED.switch_port,rack_id=EXCLUDED.rack_id;
UPDATE cameras SET ip_address='10.11.30.38', description=COALESCE(NULLIF('1SS COM',''),description) WHERE device_id='morjsqbpdtsdyegc';
INSERT INTO recorder_channels(recorder_id,channel_number,camera_id,description) VALUES ('morjsqbqkpdg34q5',7,'morjsqbpqrfygdtb','2SS BAJADA') ON CONFLICT (recorder_id,channel_number) DO UPDATE SET camera_id=EXCLUDED.camera_id,description=EXCLUDED.description;
INSERT INTO camera_locations(camera_id,building_id,floor_id,sector,description) VALUES ('morjsqbpqrfygdtb',(SELECT id FROM buildings WHERE name='Anexo A'),(SELECT f.id FROM floors f JOIN buildings b ON b.id=f.building_id WHERE b.name='Anexo A' AND f.name='2ss' LIMIT 1),NULL,'2SS BAJADA') ON CONFLICT (camera_id) DO UPDATE SET building_id=EXCLUDED.building_id,floor_id=EXCLUDED.floor_id,description=EXCLUDED.description;
INSERT INTO camera_network_connections(camera_id,switch_port,rack_id) VALUES ('morjsqbpqrfygdtb',NULL,(SELECT r.id FROM racks r JOIN buildings b ON b.id=r.building_id LEFT JOIN floors f ON f.id=r.floor_id WHERE b.name='Anexo A' AND r.code='0127' AND f.name='2ss' LIMIT 1)) ON CONFLICT (camera_id) DO UPDATE SET switch_port=EXCLUDED.switch_port,rack_id=EXCLUDED.rack_id;
UPDATE cameras SET ip_address='10.11.30.75', description=COALESCE(NULLIF('2SS BAJADA',''),description) WHERE device_id='morjsqbpqrfygdtb';
INSERT INTO recorder_channels(recorder_id,channel_number,camera_id,description) VALUES ('morjsqbqkpdg34q5',8,'morjsqbpx0iglu0l','1SS COCH PRESIDENCIA') ON CONFLICT (recorder_id,channel_number) DO UPDATE SET camera_id=EXCLUDED.camera_id,description=EXCLUDED.description;
INSERT INTO camera_locations(camera_id,building_id,floor_id,sector,description) VALUES ('morjsqbpx0iglu0l',(SELECT id FROM buildings WHERE name='Anexo A'),(SELECT f.id FROM floors f JOIN buildings b ON b.id=f.building_id WHERE b.name='Anexo A' AND f.name='1ss' LIMIT 1),NULL,'1SS COCH PRESIDENCIA') ON CONFLICT (camera_id) DO UPDATE SET building_id=EXCLUDED.building_id,floor_id=EXCLUDED.floor_id,description=EXCLUDED.description;
INSERT INTO camera_network_connections(camera_id,switch_port,rack_id) VALUES ('morjsqbpx0iglu0l','2/0/21',(SELECT r.id FROM racks r JOIN buildings b ON b.id=r.building_id LEFT JOIN floors f ON f.id=r.floor_id WHERE b.name='Anexo A' AND r.code='0127' AND f.name='1ss' LIMIT 1)) ON CONFLICT (camera_id) DO UPDATE SET switch_port=EXCLUDED.switch_port,rack_id=EXCLUDED.rack_id;
UPDATE cameras SET ip_address='10.11.30.37', description=COALESCE(NULLIF('1SS COCH PRESIDENCIA',''),description) WHERE device_id='morjsqbpx0iglu0l';
INSERT INTO recorder_channels(recorder_id,channel_number,camera_id,description) VALUES ('morjsqbqkpdg34q5',9,'morjsqbprlm4h1ny','2SS PASILLO 1') ON CONFLICT (recorder_id,channel_number) DO UPDATE SET camera_id=EXCLUDED.camera_id,description=EXCLUDED.description;
INSERT INTO camera_locations(camera_id,building_id,floor_id,sector,description) VALUES ('morjsqbprlm4h1ny',(SELECT id FROM buildings WHERE name='Anexo A'),(SELECT f.id FROM floors f JOIN buildings b ON b.id=f.building_id WHERE b.name='Anexo A' AND f.name='2ss' LIMIT 1),NULL,'2SS PASILLO 1') ON CONFLICT (camera_id) DO UPDATE SET building_id=EXCLUDED.building_id,floor_id=EXCLUDED.floor_id,description=EXCLUDED.description;
INSERT INTO camera_network_connections(camera_id,switch_port,rack_id) VALUES ('morjsqbprlm4h1ny',NULL,(SELECT r.id FROM racks r JOIN buildings b ON b.id=r.building_id LEFT JOIN floors f ON f.id=r.floor_id WHERE b.name='Anexo A' AND r.code='0127' AND f.name='2ss' LIMIT 1)) ON CONFLICT (camera_id) DO UPDATE SET switch_port=EXCLUDED.switch_port,rack_id=EXCLUDED.rack_id;
UPDATE cameras SET ip_address='10.11.30.76', description=COALESCE(NULLIF('2SS PASILLO 1',''),description) WHERE device_id='morjsqbprlm4h1ny';
INSERT INTO recorder_channels(recorder_id,channel_number,camera_id,description) VALUES ('morjsqbqkpdg34q5',10,'morjsqbp07rnd72k','3SS ASCENSOR') ON CONFLICT (recorder_id,channel_number) DO UPDATE SET camera_id=EXCLUDED.camera_id,description=EXCLUDED.description;
INSERT INTO camera_locations(camera_id,building_id,floor_id,sector,description) VALUES ('morjsqbp07rnd72k',(SELECT id FROM buildings WHERE name='Anexo A'),(SELECT f.id FROM floors f JOIN buildings b ON b.id=f.building_id WHERE b.name='Anexo A' AND f.name='3ss' LIMIT 1),NULL,'3SS ASCENSOR') ON CONFLICT (camera_id) DO UPDATE SET building_id=EXCLUDED.building_id,floor_id=EXCLUDED.floor_id,description=EXCLUDED.description;
INSERT INTO camera_network_connections(camera_id,switch_port,rack_id) VALUES ('morjsqbp07rnd72k','2/0/42',(SELECT r.id FROM racks r JOIN buildings b ON b.id=r.building_id LEFT JOIN floors f ON f.id=r.floor_id WHERE b.name='Anexo A' AND r.code='0120' AND f.name='3ss' LIMIT 1)) ON CONFLICT (camera_id) DO UPDATE SET switch_port=EXCLUDED.switch_port,rack_id=EXCLUDED.rack_id;
UPDATE cameras SET ip_address='10.11.30.50', description=COALESCE(NULLIF('3SS ASCENSOR',''),description) WHERE device_id='morjsqbp07rnd72k';
INSERT INTO recorder_channels(recorder_id,channel_number,camera_id,description) VALUES ('morjsqbqkpdg34q5',11,'morjsqbpbtqtdka8','3SS PASILLO 2') ON CONFLICT (recorder_id,channel_number) DO UPDATE SET camera_id=EXCLUDED.camera_id,description=EXCLUDED.description;
INSERT INTO camera_locations(camera_id,building_id,floor_id,sector,description) VALUES ('morjsqbpbtqtdka8',(SELECT id FROM buildings WHERE name='Anexo A'),(SELECT f.id FROM floors f JOIN buildings b ON b.id=f.building_id WHERE b.name='Anexo A' AND f.name='3ss' LIMIT 1),NULL,'3SS PASILLO 2') ON CONFLICT (camera_id) DO UPDATE SET building_id=EXCLUDED.building_id,floor_id=EXCLUDED.floor_id,description=EXCLUDED.description;
INSERT INTO camera_network_connections(camera_id,switch_port,rack_id) VALUES ('morjsqbpbtqtdka8','2/0/45',(SELECT r.id FROM racks r JOIN buildings b ON b.id=r.building_id LEFT JOIN floors f ON f.id=r.floor_id WHERE b.name='Anexo A' AND r.code='0120' AND f.name='3ss' LIMIT 1)) ON CONFLICT (camera_id) DO UPDATE SET switch_port=EXCLUDED.switch_port,rack_id=EXCLUDED.rack_id;
UPDATE cameras SET ip_address='10.11.30.51', description=COALESCE(NULLIF('3SS PASILLO 2',''),description) WHERE device_id='morjsqbpbtqtdka8';
INSERT INTO recorder_channels(recorder_id,channel_number,camera_id,description) VALUES ('morjsqbqkpdg34q5',12,'morjsqbpo3qbwpg1','3SS ACCESO') ON CONFLICT (recorder_id,channel_number) DO UPDATE SET camera_id=EXCLUDED.camera_id,description=EXCLUDED.description;
INSERT INTO camera_locations(camera_id,building_id,floor_id,sector,description) VALUES ('morjsqbpo3qbwpg1',(SELECT id FROM buildings WHERE name='Anexo A'),(SELECT f.id FROM floors f JOIN buildings b ON b.id=f.building_id WHERE b.name='Anexo A' AND f.name='3ss' LIMIT 1),NULL,'3SS ACCESO') ON CONFLICT (camera_id) DO UPDATE SET building_id=EXCLUDED.building_id,floor_id=EXCLUDED.floor_id,description=EXCLUDED.description;
INSERT INTO camera_network_connections(camera_id,switch_port,rack_id) VALUES ('morjsqbpo3qbwpg1','2/0/44',(SELECT r.id FROM racks r JOIN buildings b ON b.id=r.building_id LEFT JOIN floors f ON f.id=r.floor_id WHERE b.name='Anexo A' AND r.code='0120' AND f.name='3ss' LIMIT 1)) ON CONFLICT (camera_id) DO UPDATE SET switch_port=EXCLUDED.switch_port,rack_id=EXCLUDED.rack_id;
UPDATE cameras SET ip_address='10.11.30.52', description=COALESCE(NULLIF('3SS ACCESO',''),description) WHERE device_id='morjsqbpo3qbwpg1';
INSERT INTO recorder_channels(recorder_id,channel_number,camera_id,description) VALUES ('morjsqbqkpdg34q5',13,'morjsqbpe0hj217k','3SS PASILLO 1') ON CONFLICT (recorder_id,channel_number) DO UPDATE SET camera_id=EXCLUDED.camera_id,description=EXCLUDED.description;
INSERT INTO camera_locations(camera_id,building_id,floor_id,sector,description) VALUES ('morjsqbpe0hj217k',(SELECT id FROM buildings WHERE name='Anexo A'),(SELECT f.id FROM floors f JOIN buildings b ON b.id=f.building_id WHERE b.name='Anexo A' AND f.name='3ss' LIMIT 1),NULL,'3SS PASILLO 1') ON CONFLICT (camera_id) DO UPDATE SET building_id=EXCLUDED.building_id,floor_id=EXCLUDED.floor_id,description=EXCLUDED.description;
INSERT INTO camera_network_connections(camera_id,switch_port,rack_id) VALUES ('morjsqbpe0hj217k','2/0/43',(SELECT r.id FROM racks r JOIN buildings b ON b.id=r.building_id LEFT JOIN floors f ON f.id=r.floor_id WHERE b.name='Anexo A' AND r.code='0120' AND f.name='3ss' LIMIT 1)) ON CONFLICT (camera_id) DO UPDATE SET switch_port=EXCLUDED.switch_port,rack_id=EXCLUDED.rack_id;
UPDATE cameras SET ip_address='10.11.30.53', description=COALESCE(NULLIF('3SS PASILLO 1',''),description) WHERE device_id='morjsqbpe0hj217k';
INSERT INTO recorder_channels(recorder_id,channel_number,camera_id,description) VALUES ('morjsqbqkpdg34q5',14,'morjsqbpx5ltsouk','3ER SS BIS 2') ON CONFLICT (recorder_id,channel_number) DO UPDATE SET camera_id=EXCLUDED.camera_id,description=EXCLUDED.description;
INSERT INTO camera_locations(camera_id,building_id,floor_id,sector,description) VALUES ('morjsqbpx5ltsouk',(SELECT id FROM buildings WHERE name='Anexo A'),(SELECT f.id FROM floors f JOIN buildings b ON b.id=f.building_id WHERE b.name='Anexo A' AND f.name='3SS' LIMIT 1),NULL,'3ER SS BIS 2') ON CONFLICT (camera_id) DO UPDATE SET building_id=EXCLUDED.building_id,floor_id=EXCLUDED.floor_id,description=EXCLUDED.description;
INSERT INTO camera_network_connections(camera_id,switch_port,rack_id) VALUES ('morjsqbpx5ltsouk','2/0/47',(SELECT r.id FROM racks r JOIN buildings b ON b.id=r.building_id LEFT JOIN floors f ON f.id=r.floor_id WHERE b.name='Anexo A' AND r.code='0120' AND f.name='3SS' LIMIT 1)) ON CONFLICT (camera_id) DO UPDATE SET switch_port=EXCLUDED.switch_port,rack_id=EXCLUDED.rack_id;
UPDATE cameras SET ip_address='10.11.30.54', description=COALESCE(NULLIF('3ER SS BIS 2',''),description) WHERE device_id='morjsqbpx5ltsouk';
INSERT INTO recorder_channels(recorder_id,channel_number,camera_id,description) VALUES ('morjsqbqkpdg34q5',15,'morjsqbpr33rqi4l','4TO SS BIS BAJADA') ON CONFLICT (recorder_id,channel_number) DO UPDATE SET camera_id=EXCLUDED.camera_id,description=EXCLUDED.description;
INSERT INTO camera_locations(camera_id,building_id,floor_id,sector,description) VALUES ('morjsqbpr33rqi4l',(SELECT id FROM buildings WHERE name='Anexo A'),(SELECT f.id FROM floors f JOIN buildings b ON b.id=f.building_id WHERE b.name='Anexo A' AND f.name='4ss' LIMIT 1),NULL,'4TO SS BIS BAJADA') ON CONFLICT (camera_id) DO UPDATE SET building_id=EXCLUDED.building_id,floor_id=EXCLUDED.floor_id,description=EXCLUDED.description;
INSERT INTO camera_network_connections(camera_id,switch_port,rack_id) VALUES ('morjsqbpr33rqi4l','1/0/17',(SELECT r.id FROM racks r JOIN buildings b ON b.id=r.building_id LEFT JOIN floors f ON f.id=r.floor_id WHERE b.name='Anexo A' AND r.code='0120' AND f.name='4ss' LIMIT 1)) ON CONFLICT (camera_id) DO UPDATE SET switch_port=EXCLUDED.switch_port,rack_id=EXCLUDED.rack_id;
UPDATE cameras SET ip_address='10.11.30.41', description=COALESCE(NULLIF('4TO SS BIS BAJADA',''),description) WHERE device_id='morjsqbpr33rqi4l';
INSERT INTO recorder_channels(recorder_id,channel_number,camera_id,description) VALUES ('morjsqbqkpdg34q5',16,'morjsqbpipjk1iou','4SS ASCENSOR') ON CONFLICT (recorder_id,channel_number) DO UPDATE SET camera_id=EXCLUDED.camera_id,description=EXCLUDED.description;
INSERT INTO camera_locations(camera_id,building_id,floor_id,sector,description) VALUES ('morjsqbpipjk1iou',(SELECT id FROM buildings WHERE name='Anexo A'),(SELECT f.id FROM floors f JOIN buildings b ON b.id=f.building_id WHERE b.name='Anexo A' AND f.name='4ss' LIMIT 1),NULL,'4SS ASCENSOR') ON CONFLICT (camera_id) DO UPDATE SET building_id=EXCLUDED.building_id,floor_id=EXCLUDED.floor_id,description=EXCLUDED.description;
INSERT INTO camera_network_connections(camera_id,switch_port,rack_id) VALUES ('morjsqbpipjk1iou','1/0/13',(SELECT r.id FROM racks r JOIN buildings b ON b.id=r.building_id LEFT JOIN floors f ON f.id=r.floor_id WHERE b.name='Anexo A' AND r.code='0120' AND f.name='4ss' LIMIT 1)) ON CONFLICT (camera_id) DO UPDATE SET switch_port=EXCLUDED.switch_port,rack_id=EXCLUDED.rack_id;
UPDATE cameras SET ip_address='10.11.30.42', description=COALESCE(NULLIF('4SS ASCENSOR',''),description) WHERE device_id='morjsqbpipjk1iou';
INSERT INTO recorder_channels(recorder_id,channel_number,camera_id,description) VALUES ('morjsqbqkpdg34q5',17,'morjsqbp2mqx36cc','4SS BIS') ON CONFLICT (recorder_id,channel_number) DO UPDATE SET camera_id=EXCLUDED.camera_id,description=EXCLUDED.description;
INSERT INTO camera_locations(camera_id,building_id,floor_id,sector,description) VALUES ('morjsqbp2mqx36cc',(SELECT id FROM buildings WHERE name='Anexo A'),(SELECT f.id FROM floors f JOIN buildings b ON b.id=f.building_id WHERE b.name='Anexo A' AND f.name='4ss' LIMIT 1),NULL,'4SS BIS') ON CONFLICT (camera_id) DO UPDATE SET building_id=EXCLUDED.building_id,floor_id=EXCLUDED.floor_id,description=EXCLUDED.description;
INSERT INTO camera_network_connections(camera_id,switch_port,rack_id) VALUES ('morjsqbp2mqx36cc','1/0/18',(SELECT r.id FROM racks r JOIN buildings b ON b.id=r.building_id LEFT JOIN floors f ON f.id=r.floor_id WHERE b.name='Anexo A' AND r.code='0120' AND f.name='4ss' LIMIT 1)) ON CONFLICT (camera_id) DO UPDATE SET switch_port=EXCLUDED.switch_port,rack_id=EXCLUDED.rack_id;
UPDATE cameras SET ip_address='10.11.30.43', description=COALESCE(NULLIF('4SS BIS',''),description) WHERE device_id='morjsqbp2mqx36cc';
INSERT INTO recorder_channels(recorder_id,channel_number,camera_id,description) VALUES ('morjsqbqkpdg34q5',18,'morjsqbpbf7hxwtv','4SS PASILLO 1') ON CONFLICT (recorder_id,channel_number) DO UPDATE SET camera_id=EXCLUDED.camera_id,description=EXCLUDED.description;
INSERT INTO camera_locations(camera_id,building_id,floor_id,sector,description) VALUES ('morjsqbpbf7hxwtv',(SELECT id FROM buildings WHERE name='Anexo A'),(SELECT f.id FROM floors f JOIN buildings b ON b.id=f.building_id WHERE b.name='Anexo A' AND f.name='4ss' LIMIT 1),NULL,'4SS PASILLO 1') ON CONFLICT (camera_id) DO UPDATE SET building_id=EXCLUDED.building_id,floor_id=EXCLUDED.floor_id,description=EXCLUDED.description;
INSERT INTO camera_network_connections(camera_id,switch_port,rack_id) VALUES ('morjsqbpbf7hxwtv','1/0/14',(SELECT r.id FROM racks r JOIN buildings b ON b.id=r.building_id LEFT JOIN floors f ON f.id=r.floor_id WHERE b.name='Anexo A' AND r.code='0120' AND f.name='4ss' LIMIT 1)) ON CONFLICT (camera_id) DO UPDATE SET switch_port=EXCLUDED.switch_port,rack_id=EXCLUDED.rack_id;
UPDATE cameras SET ip_address='10.11.30.40', description=COALESCE(NULLIF('4SS PASILLO 1',''),description) WHERE device_id='morjsqbpbf7hxwtv';
INSERT INTO recorder_channels(recorder_id,channel_number,camera_id,description) VALUES ('morjsqbqkpdg34q5',19,'morjsqbpa15hzk85','4SS ACCESO') ON CONFLICT (recorder_id,channel_number) DO UPDATE SET camera_id=EXCLUDED.camera_id,description=EXCLUDED.description;
INSERT INTO camera_locations(camera_id,building_id,floor_id,sector,description) VALUES ('morjsqbpa15hzk85',(SELECT id FROM buildings WHERE name='Anexo A'),(SELECT f.id FROM floors f JOIN buildings b ON b.id=f.building_id WHERE b.name='Anexo A' AND f.name='4ss' LIMIT 1),NULL,'4SS ACCESO') ON CONFLICT (camera_id) DO UPDATE SET building_id=EXCLUDED.building_id,floor_id=EXCLUDED.floor_id,description=EXCLUDED.description;
INSERT INTO camera_network_connections(camera_id,switch_port,rack_id) VALUES ('morjsqbpa15hzk85','1/0/16',(SELECT r.id FROM racks r JOIN buildings b ON b.id=r.building_id LEFT JOIN floors f ON f.id=r.floor_id WHERE b.name='Anexo A' AND r.code='0120' AND f.name='4ss' LIMIT 1)) ON CONFLICT (camera_id) DO UPDATE SET switch_port=EXCLUDED.switch_port,rack_id=EXCLUDED.rack_id;
UPDATE cameras SET ip_address='10.11.30.44', description=COALESCE(NULLIF('4SS ACCESO',''),description) WHERE device_id='morjsqbpa15hzk85';
INSERT INTO recorder_channels(recorder_id,channel_number,camera_id,description) VALUES ('morjsqbqkpdg34q5',20,'morjsqbpnokpmdp3','4SS PASILLO 2') ON CONFLICT (recorder_id,channel_number) DO UPDATE SET camera_id=EXCLUDED.camera_id,description=EXCLUDED.description;
INSERT INTO camera_locations(camera_id,building_id,floor_id,sector,description) VALUES ('morjsqbpnokpmdp3',(SELECT id FROM buildings WHERE name='Anexo A'),(SELECT f.id FROM floors f JOIN buildings b ON b.id=f.building_id WHERE b.name='Anexo A' AND f.name='4ss' LIMIT 1),NULL,'4SS PASILLO 2') ON CONFLICT (camera_id) DO UPDATE SET building_id=EXCLUDED.building_id,floor_id=EXCLUDED.floor_id,description=EXCLUDED.description;
INSERT INTO camera_network_connections(camera_id,switch_port,rack_id) VALUES ('morjsqbpnokpmdp3','1/0/15',(SELECT r.id FROM racks r JOIN buildings b ON b.id=r.building_id LEFT JOIN floors f ON f.id=r.floor_id WHERE b.name='Anexo A' AND r.code='0120' AND f.name='4ss' LIMIT 1)) ON CONFLICT (camera_id) DO UPDATE SET switch_port=EXCLUDED.switch_port,rack_id=EXCLUDED.rack_id;
UPDATE cameras SET ip_address='10.11.30.45', description=COALESCE(NULLIF('4SS PASILLO 2',''),description) WHERE device_id='morjsqbpnokpmdp3';
INSERT INTO recorder_channels(recorder_id,channel_number,camera_id,description) VALUES ('morjsqbqkpdg34q5',21,'morjsqbpzuvjhans','5SS PASILLO 1') ON CONFLICT (recorder_id,channel_number) DO UPDATE SET camera_id=EXCLUDED.camera_id,description=EXCLUDED.description;
INSERT INTO camera_locations(camera_id,building_id,floor_id,sector,description) VALUES ('morjsqbpzuvjhans',(SELECT id FROM buildings WHERE name='Anexo A'),(SELECT f.id FROM floors f JOIN buildings b ON b.id=f.building_id WHERE b.name='Anexo A' AND f.name='5ss' LIMIT 1),NULL,'5SS PASILLO 1') ON CONFLICT (camera_id) DO UPDATE SET building_id=EXCLUDED.building_id,floor_id=EXCLUDED.floor_id,description=EXCLUDED.description;
INSERT INTO camera_network_connections(camera_id,switch_port,rack_id) VALUES ('morjsqbpzuvjhans','1/0/20',(SELECT r.id FROM racks r JOIN buildings b ON b.id=r.building_id LEFT JOIN floors f ON f.id=r.floor_id WHERE b.name='Anexo A' AND r.code='0120' AND f.name='5ss' LIMIT 1)) ON CONFLICT (camera_id) DO UPDATE SET switch_port=EXCLUDED.switch_port,rack_id=EXCLUDED.rack_id;
UPDATE cameras SET ip_address='10.11.30.47', description=COALESCE(NULLIF('5SS PASILLO 1',''),description) WHERE device_id='morjsqbpzuvjhans';
INSERT INTO recorder_channels(recorder_id,channel_number,camera_id,description) VALUES ('morjsqbqkpdg34q5',22,'morjsqbpzu0afnjl','5SS ASCENSORES') ON CONFLICT (recorder_id,channel_number) DO UPDATE SET camera_id=EXCLUDED.camera_id,description=EXCLUDED.description;
INSERT INTO camera_locations(camera_id,building_id,floor_id,sector,description) VALUES ('morjsqbpzu0afnjl',(SELECT id FROM buildings WHERE name='Anexo A'),(SELECT f.id FROM floors f JOIN buildings b ON b.id=f.building_id WHERE b.name='Anexo A' AND f.name='5ss' LIMIT 1),NULL,'5SS ASCENSORES') ON CONFLICT (camera_id) DO UPDATE SET building_id=EXCLUDED.building_id,floor_id=EXCLUDED.floor_id,description=EXCLUDED.description;
INSERT INTO camera_network_connections(camera_id,switch_port,rack_id) VALUES ('morjsqbpzu0afnjl','1/0/23',(SELECT r.id FROM racks r JOIN buildings b ON b.id=r.building_id LEFT JOIN floors f ON f.id=r.floor_id WHERE b.name='Anexo A' AND r.code='0120' AND f.name='5ss' LIMIT 1)) ON CONFLICT (camera_id) DO UPDATE SET switch_port=EXCLUDED.switch_port,rack_id=EXCLUDED.rack_id;
UPDATE cameras SET ip_address='10.11.30.48', description=COALESCE(NULLIF('5SS ASCENSORES',''),description) WHERE device_id='morjsqbpzu0afnjl';
INSERT INTO recorder_channels(recorder_id,channel_number,camera_id,description) VALUES ('morjsqbqkpdg34q5',23,'morjsqbpj6cm7n6k','5SS PASILLO 2') ON CONFLICT (recorder_id,channel_number) DO UPDATE SET camera_id=EXCLUDED.camera_id,description=EXCLUDED.description;
INSERT INTO camera_locations(camera_id,building_id,floor_id,sector,description) VALUES ('morjsqbpj6cm7n6k',(SELECT id FROM buildings WHERE name='Anexo A'),(SELECT f.id FROM floors f JOIN buildings b ON b.id=f.building_id WHERE b.name='Anexo A' AND f.name='5ss' LIMIT 1),NULL,'5SS PASILLO 2') ON CONFLICT (camera_id) DO UPDATE SET building_id=EXCLUDED.building_id,floor_id=EXCLUDED.floor_id,description=EXCLUDED.description;
INSERT INTO camera_network_connections(camera_id,switch_port,rack_id) VALUES ('morjsqbpj6cm7n6k','1/0/19',(SELECT r.id FROM racks r JOIN buildings b ON b.id=r.building_id LEFT JOIN floors f ON f.id=r.floor_id WHERE b.name='Anexo A' AND r.code='0120' AND f.name='5ss' LIMIT 1)) ON CONFLICT (camera_id) DO UPDATE SET switch_port=EXCLUDED.switch_port,rack_id=EXCLUDED.rack_id;
UPDATE cameras SET ip_address='10.11.30.49', description=COALESCE(NULLIF('5SS PASILLO 2',''),description) WHERE device_id='morjsqbpj6cm7n6k';
INSERT INTO recorder_channels(recorder_id,channel_number,camera_id,description) VALUES ('morjsqbqkpdg34q5',24,'morjsqbpqvk1gdz8','5SS ACCESO') ON CONFLICT (recorder_id,channel_number) DO UPDATE SET camera_id=EXCLUDED.camera_id,description=EXCLUDED.description;
INSERT INTO camera_locations(camera_id,building_id,floor_id,sector,description) VALUES ('morjsqbpqvk1gdz8',(SELECT id FROM buildings WHERE name='Anexo A'),(SELECT f.id FROM floors f JOIN buildings b ON b.id=f.building_id WHERE b.name='Anexo A' AND f.name='5ss' LIMIT 1),NULL,'5SS ACCESO') ON CONFLICT (camera_id) DO UPDATE SET building_id=EXCLUDED.building_id,floor_id=EXCLUDED.floor_id,description=EXCLUDED.description;
INSERT INTO camera_network_connections(camera_id,switch_port,rack_id) VALUES ('morjsqbpqvk1gdz8','1/0/21',(SELECT r.id FROM racks r JOIN buildings b ON b.id=r.building_id LEFT JOIN floors f ON f.id=r.floor_id WHERE b.name='Anexo A' AND r.code='0120' AND f.name='5ss' LIMIT 1)) ON CONFLICT (camera_id) DO UPDATE SET switch_port=EXCLUDED.switch_port,rack_id=EXCLUDED.rack_id;
UPDATE cameras SET ip_address='10.11.30.46', description=COALESCE(NULLIF('5SS ACCESO',''),description) WHERE device_id='morjsqbpqvk1gdz8';
INSERT INTO recorder_channels(recorder_id,channel_number,camera_id,description) VALUES ('morjsqbqkpdg34q5',25,'morjsqbphpx1ea4i','RAMPA SALIDA') ON CONFLICT (recorder_id,channel_number) DO UPDATE SET camera_id=EXCLUDED.camera_id,description=EXCLUDED.description;
INSERT INTO camera_locations(camera_id,building_id,floor_id,sector,description) VALUES ('morjsqbphpx1ea4i',(SELECT id FROM buildings WHERE name='Anexo A'),(SELECT f.id FROM floors f JOIN buildings b ON b.id=f.building_id WHERE b.name='Anexo A' AND f.name='EP1' LIMIT 1),NULL,'RAMPA SALIDA') ON CONFLICT (camera_id) DO UPDATE SET building_id=EXCLUDED.building_id,floor_id=EXCLUDED.floor_id,description=EXCLUDED.description;
INSERT INTO camera_network_connections(camera_id,switch_port,rack_id) VALUES ('morjsqbphpx1ea4i','2/0/24',(SELECT r.id FROM racks r JOIN buildings b ON b.id=r.building_id LEFT JOIN floors f ON f.id=r.floor_id WHERE b.name='Anexo A' AND r.code='0135' AND f.name='EP1' LIMIT 1)) ON CONFLICT (camera_id) DO UPDATE SET switch_port=EXCLUDED.switch_port,rack_id=EXCLUDED.rack_id;
UPDATE cameras SET ip_address='10.11.30.20', description=COALESCE(NULLIF('RAMPA SALIDA',''),description) WHERE device_id='morjsqbphpx1ea4i';
INSERT INTO recorder_channels(recorder_id,channel_number,camera_id,description) VALUES ('morjsqbqkpdg34q5',26,'morjsqbp0hm14qln','4SS DEPOSITO SOPORTE TEC') ON CONFLICT (recorder_id,channel_number) DO UPDATE SET camera_id=EXCLUDED.camera_id,description=EXCLUDED.description;
INSERT INTO camera_locations(camera_id,building_id,floor_id,sector,description) VALUES ('morjsqbp0hm14qln',(SELECT id FROM buildings WHERE name='Anexo A'),(SELECT f.id FROM floors f JOIN buildings b ON b.id=f.building_id WHERE b.name='Anexo A' AND f.name='4ss' LIMIT 1),NULL,'4SS DEPOSITO SOPORTE TEC') ON CONFLICT (camera_id) DO UPDATE SET building_id=EXCLUDED.building_id,floor_id=EXCLUDED.floor_id,description=EXCLUDED.description;
INSERT INTO camera_network_connections(camera_id,switch_port,rack_id) VALUES ('morjsqbp0hm14qln',NULL,NULL) ON CONFLICT (camera_id) DO UPDATE SET switch_port=EXCLUDED.switch_port,rack_id=EXCLUDED.rack_id;
UPDATE cameras SET ip_address='10.11.30.81', description=COALESCE(NULLIF('4SS DEPOSITO SOPORTE TEC',''),description) WHERE device_id='morjsqbp0hm14qln';
INSERT INTO recorder_channels(recorder_id,channel_number,camera_id,description) VALUES ('morjsqbqkpdg34q5',27,'morjsqbp0cndazrr','BARRERA SALIDA 1SS') ON CONFLICT (recorder_id,channel_number) DO UPDATE SET camera_id=EXCLUDED.camera_id,description=EXCLUDED.description;
INSERT INTO camera_locations(camera_id,building_id,floor_id,sector,description) VALUES ('morjsqbp0cndazrr',(SELECT id FROM buildings WHERE name='Anexo A'),(SELECT f.id FROM floors f JOIN buildings b ON b.id=f.building_id WHERE b.name='Anexo A' AND f.name='1ss' LIMIT 1),NULL,'BARRERA SALIDA 1SS') ON CONFLICT (camera_id) DO UPDATE SET building_id=EXCLUDED.building_id,floor_id=EXCLUDED.floor_id,description=EXCLUDED.description;
INSERT INTO camera_network_connections(camera_id,switch_port,rack_id) VALUES ('morjsqbp0cndazrr',NULL,(SELECT r.id FROM racks r JOIN buildings b ON b.id=r.building_id LEFT JOIN floors f ON f.id=r.floor_id WHERE b.name='Anexo A' AND r.code='0127' AND f.name='1ss' LIMIT 1)) ON CONFLICT (camera_id) DO UPDATE SET switch_port=EXCLUDED.switch_port,rack_id=EXCLUDED.rack_id;
UPDATE cameras SET ip_address='10.11.30.77', description=COALESCE(NULLIF('BARRERA SALIDA 1SS',''),description) WHERE device_id='morjsqbp0cndazrr';
INSERT INTO recorder_channels(recorder_id,channel_number,camera_id,description) VALUES ('morjsqbqkpdg34q5',28,'morjsqbq8jtinvh9','RAMPA') ON CONFLICT (recorder_id,channel_number) DO UPDATE SET camera_id=EXCLUDED.camera_id,description=EXCLUDED.description;
INSERT INTO camera_locations(camera_id,building_id,floor_id,sector,description) VALUES ('morjsqbq8jtinvh9',(SELECT id FROM buildings WHERE name='Anexo A'),(SELECT f.id FROM floors f JOIN buildings b ON b.id=f.building_id WHERE b.name='Anexo A' AND f.name='1ss' LIMIT 1),NULL,'RAMPA') ON CONFLICT (camera_id) DO UPDATE SET building_id=EXCLUDED.building_id,floor_id=EXCLUDED.floor_id,description=EXCLUDED.description;
INSERT INTO camera_network_connections(camera_id,switch_port,rack_id) VALUES ('morjsqbq8jtinvh9','3/0/14',(SELECT r.id FROM racks r JOIN buildings b ON b.id=r.building_id LEFT JOIN floors f ON f.id=r.floor_id WHERE b.name='Anexo A' AND r.code='0135' AND f.name='1ss' LIMIT 1)) ON CONFLICT (camera_id) DO UPDATE SET switch_port=EXCLUDED.switch_port,rack_id=EXCLUDED.rack_id;
UPDATE cameras SET ip_address='10.11.30.36', description=COALESCE(NULLIF('RAMPA',''),description) WHERE device_id='morjsqbq8jtinvh9';
INSERT INTO recorder_channels(recorder_id,channel_number,camera_id,description) VALUES ('morjsqbqkpdg34q5',29,'morjsqbqdw8nxok6','INGRESO DGIS') ON CONFLICT (recorder_id,channel_number) DO UPDATE SET camera_id=EXCLUDED.camera_id,description=EXCLUDED.description;
INSERT INTO camera_locations(camera_id,building_id,floor_id,sector,description) VALUES ('morjsqbqdw8nxok6',(SELECT id FROM buildings WHERE name='Anexo A'),(SELECT f.id FROM floors f JOIN buildings b ON b.id=f.building_id WHERE b.name='Anexo A' AND f.name='05' LIMIT 1),NULL,'INGRESO DGIS') ON CONFLICT (camera_id) DO UPDATE SET building_id=EXCLUDED.building_id,floor_id=EXCLUDED.floor_id,description=EXCLUDED.description;
INSERT INTO camera_network_connections(camera_id,switch_port,rack_id) VALUES ('morjsqbqdw8nxok6','6/0/47',(SELECT r.id FROM racks r JOIN buildings b ON b.id=r.building_id LEFT JOIN floors f ON f.id=r.floor_id WHERE b.name='Anexo A' AND r.code='0160' AND f.name='05' LIMIT 1)) ON CONFLICT (camera_id) DO UPDATE SET switch_port=EXCLUDED.switch_port,rack_id=EXCLUDED.rack_id;
UPDATE cameras SET ip_address='10.14.30.1', description=COALESCE(NULLIF('INGRESO DGIS',''),description) WHERE device_id='morjsqbqdw8nxok6';
INSERT INTO recorder_channels(recorder_id,channel_number,camera_id,description) VALUES ('morjsqbqkpdg34q5',30,'morjsqbpyen1lwg4','3SS ACCESO DEPOSITO') ON CONFLICT (recorder_id,channel_number) DO UPDATE SET camera_id=EXCLUDED.camera_id,description=EXCLUDED.description;
INSERT INTO camera_locations(camera_id,building_id,floor_id,sector,description) VALUES ('morjsqbpyen1lwg4',(SELECT id FROM buildings WHERE name='Anexo A'),(SELECT f.id FROM floors f JOIN buildings b ON b.id=f.building_id WHERE b.name='Anexo A' AND f.name='3ss' LIMIT 1),NULL,'3SS ACCESO DEPOSITO') ON CONFLICT (camera_id) DO UPDATE SET building_id=EXCLUDED.building_id,floor_id=EXCLUDED.floor_id,description=EXCLUDED.description;
INSERT INTO camera_network_connections(camera_id,switch_port,rack_id) VALUES ('morjsqbpyen1lwg4','1/0/7',(SELECT r.id FROM racks r JOIN buildings b ON b.id=r.building_id LEFT JOIN floors f ON f.id=r.floor_id WHERE b.name='Anexo A' AND r.code='0120' AND f.name='3ss' LIMIT 1)) ON CONFLICT (camera_id) DO UPDATE SET switch_port=EXCLUDED.switch_port,rack_id=EXCLUDED.rack_id;
UPDATE cameras SET ip_address='10.11.30.18', description=COALESCE(NULLIF('3SS ACCESO DEPOSITO',''),description) WHERE device_id='morjsqbpyen1lwg4';
INSERT INTO recorder_channels(recorder_id,channel_number,camera_id,description) VALUES ('morjsqbqkpdg34q5',31,'morjsqbpyljbmhsv','5SS ACCESO DEPOSITO') ON CONFLICT (recorder_id,channel_number) DO UPDATE SET camera_id=EXCLUDED.camera_id,description=EXCLUDED.description;
INSERT INTO camera_locations(camera_id,building_id,floor_id,sector,description) VALUES ('morjsqbpyljbmhsv',(SELECT id FROM buildings WHERE name='Anexo A'),(SELECT f.id FROM floors f JOIN buildings b ON b.id=f.building_id WHERE b.name='Anexo A' AND f.name='5ss' LIMIT 1),NULL,'5SS ACCESO DEPOSITO') ON CONFLICT (camera_id) DO UPDATE SET building_id=EXCLUDED.building_id,floor_id=EXCLUDED.floor_id,description=EXCLUDED.description;
INSERT INTO camera_network_connections(camera_id,switch_port,rack_id) VALUES ('morjsqbpyljbmhsv','1/0/22',(SELECT r.id FROM racks r JOIN buildings b ON b.id=r.building_id LEFT JOIN floors f ON f.id=r.floor_id WHERE b.name='Anexo A' AND r.code='0120' AND f.name='5ss' LIMIT 1)) ON CONFLICT (camera_id) DO UPDATE SET switch_port=EXCLUDED.switch_port,rack_id=EXCLUDED.rack_id;
UPDATE cameras SET ip_address='10.11.30.19', description=COALESCE(NULLIF('5SS ACCESO DEPOSITO',''),description) WHERE device_id='morjsqbpyljbmhsv';
INSERT INTO recorder_channels(recorder_id,channel_number,camera_id,description) VALUES ('morjsqbqkpdg34q5',32,'morjsqbp3h3bkj81','DEPOSITO ACCESO ANXC') ON CONFLICT (recorder_id,channel_number) DO UPDATE SET camera_id=EXCLUDED.camera_id,description=EXCLUDED.description;
INSERT INTO camera_locations(camera_id,building_id,floor_id,sector,description) VALUES ('morjsqbp3h3bkj81',(SELECT id FROM buildings WHERE name='Anexo C'),(SELECT f.id FROM floors f JOIN buildings b ON b.id=f.building_id WHERE b.name='Anexo C' AND f.name='1ss' LIMIT 1),NULL,'DEPOSITO ACCESO ANXC') ON CONFLICT (camera_id) DO UPDATE SET building_id=EXCLUDED.building_id,floor_id=EXCLUDED.floor_id,description=EXCLUDED.description;
INSERT INTO camera_network_connections(camera_id,switch_port,rack_id) VALUES ('morjsqbp3h3bkj81','2/0/39',(SELECT r.id FROM racks r JOIN buildings b ON b.id=r.building_id LEFT JOIN floors f ON f.id=r.floor_id WHERE b.name='Anexo C' AND r.code='0400' AND f.name='1ss' LIMIT 1)) ON CONFLICT (camera_id) DO UPDATE SET switch_port=EXCLUDED.switch_port,rack_id=EXCLUDED.rack_id;
UPDATE cameras SET ip_address='10.41.30.10', description=COALESCE(NULLIF('DEPOSITO ACCESO ANXC',''),description) WHERE device_id='morjsqbp3h3bkj81';
INSERT INTO recorder_channels(recorder_id,channel_number,camera_id,description) VALUES ('morjsqbqkpdg34q5',33,'morjsqbpx440l0j0','ACCESO DEPOSITO ANXD') ON CONFLICT (recorder_id,channel_number) DO UPDATE SET camera_id=EXCLUDED.camera_id,description=EXCLUDED.description;
INSERT INTO camera_locations(camera_id,building_id,floor_id,sector,description) VALUES ('morjsqbpx440l0j0',(SELECT id FROM buildings WHERE name='Anexo D'),(SELECT f.id FROM floors f JOIN buildings b ON b.id=f.building_id WHERE b.name='Anexo D' AND f.name='1ss' LIMIT 1),NULL,'ACCESO DEPOSITO ANXD') ON CONFLICT (camera_id) DO UPDATE SET building_id=EXCLUDED.building_id,floor_id=EXCLUDED.floor_id,description=EXCLUDED.description;
INSERT INTO camera_network_connections(camera_id,switch_port,rack_id) VALUES ('morjsqbpx440l0j0','2/0/40',(SELECT r.id FROM racks r JOIN buildings b ON b.id=r.building_id LEFT JOIN floors f ON f.id=r.floor_id WHERE b.name='Anexo D' AND r.code='0400' AND f.name='1ss' LIMIT 1)) ON CONFLICT (camera_id) DO UPDATE SET switch_port=EXCLUDED.switch_port,rack_id=EXCLUDED.rack_id;
UPDATE cameras SET ip_address='10.41.30.11', description=COALESCE(NULLIF('ACCESO DEPOSITO ANXD',''),description) WHERE device_id='morjsqbpx440l0j0';
INSERT INTO recorder_channels(recorder_id,channel_number,camera_id,description) VALUES ('morjsqbqkpdg34q5',34,NULL,NULL) ON CONFLICT (recorder_id,channel_number) DO UPDATE SET camera_id=EXCLUDED.camera_id,description=EXCLUDED.description;
INSERT INTO recorder_channels(recorder_id,channel_number,camera_id,description) VALUES ('morjsqbqkpdg34q5',35,'morjsqbpzlnf9rk5','PAL PASILLO POZOS') ON CONFLICT (recorder_id,channel_number) DO UPDATE SET camera_id=EXCLUDED.camera_id,description=EXCLUDED.description;
INSERT INTO camera_locations(camera_id,building_id,floor_id,sector,description) VALUES ('morjsqbpzlnf9rk5',(SELECT id FROM buildings WHERE name='Palacio'),(SELECT f.id FROM floors f JOIN buildings b ON b.id=f.building_id WHERE b.name='Palacio' AND f.name='pb' LIMIT 1),NULL,'PAL PASILLO POZOS') ON CONFLICT (camera_id) DO UPDATE SET building_id=EXCLUDED.building_id,floor_id=EXCLUDED.floor_id,description=EXCLUDED.description;
INSERT INTO camera_network_connections(camera_id,switch_port,rack_id) VALUES ('morjsqbpzlnf9rk5','2/0/46',(SELECT r.id FROM racks r JOIN buildings b ON b.id=r.building_id LEFT JOIN floors f ON f.id=r.floor_id WHERE b.name='Palacio' AND r.code='0001' AND f.name='pb' LIMIT 1)) ON CONFLICT (camera_id) DO UPDATE SET switch_port=EXCLUDED.switch_port,rack_id=EXCLUDED.rack_id;
UPDATE cameras SET ip_address='10.1.30.19', description=COALESCE(NULLIF('PAL PASILLO POZOS',''),description) WHERE device_id='morjsqbpzlnf9rk5';
INSERT INTO recorder_channels(recorder_id,channel_number,camera_id,description) VALUES ('morjsqbqkpdg34q5',36,'morjsqbpqxw0922p','PAL PASILLO PRINCIPAL') ON CONFLICT (recorder_id,channel_number) DO UPDATE SET camera_id=EXCLUDED.camera_id,description=EXCLUDED.description;
INSERT INTO camera_locations(camera_id,building_id,floor_id,sector,description) VALUES ('morjsqbpqxw0922p',(SELECT id FROM buildings WHERE name='Palacio'),(SELECT f.id FROM floors f JOIN buildings b ON b.id=f.building_id WHERE b.name='Palacio' AND f.name='pb' LIMIT 1),NULL,'PAL PASILLO PRINCIPAL') ON CONFLICT (camera_id) DO UPDATE SET building_id=EXCLUDED.building_id,floor_id=EXCLUDED.floor_id,description=EXCLUDED.description;
INSERT INTO camera_network_connections(camera_id,switch_port,rack_id) VALUES ('morjsqbpqxw0922p','1/0/43',(SELECT r.id FROM racks r JOIN buildings b ON b.id=r.building_id LEFT JOIN floors f ON f.id=r.floor_id WHERE b.name='Palacio' AND r.code='0001' AND f.name='pb' LIMIT 1)) ON CONFLICT (camera_id) DO UPDATE SET switch_port=EXCLUDED.switch_port,rack_id=EXCLUDED.rack_id;
UPDATE cameras SET ip_address='10.1.30.20', description=COALESCE(NULLIF('PAL PASILLO PRINCIPAL',''),description) WHERE device_id='morjsqbpqxw0922p';
INSERT INTO recorder_channels(recorder_id,channel_number,camera_id,description) VALUES ('morjsqbqkpdg34q5',37,'morjsqbqh2832tpd','ASCENSOR PB 1') ON CONFLICT (recorder_id,channel_number) DO UPDATE SET camera_id=EXCLUDED.camera_id,description=EXCLUDED.description;
INSERT INTO camera_locations(camera_id,building_id,floor_id,sector,description) VALUES ('morjsqbqh2832tpd',(SELECT id FROM buildings WHERE name='Anexo A'),(SELECT f.id FROM floors f JOIN buildings b ON b.id=f.building_id WHERE b.name='Anexo A' AND f.name='pb' LIMIT 1),NULL,'ASCENSOR PB 1') ON CONFLICT (camera_id) DO UPDATE SET building_id=EXCLUDED.building_id,floor_id=EXCLUDED.floor_id,description=EXCLUDED.description;
INSERT INTO camera_network_connections(camera_id,switch_port,rack_id) VALUES ('morjsqbqh2832tpd','4/0/4',(SELECT r.id FROM racks r JOIN buildings b ON b.id=r.building_id LEFT JOIN floors f ON f.id=r.floor_id WHERE b.name='Anexo A' AND r.code='0131' AND f.name='pb' LIMIT 1)) ON CONFLICT (camera_id) DO UPDATE SET switch_port=EXCLUDED.switch_port,rack_id=EXCLUDED.rack_id;
UPDATE cameras SET ip_address='10.11.30.33', description=COALESCE(NULLIF('ASCENSOR PB 1',''),description) WHERE device_id='morjsqbqh2832tpd';
INSERT INTO recorder_channels(recorder_id,channel_number,camera_id,description) VALUES ('morjsqbqkpdg34q5',38,'morjsqbqfqk8veli','ASCENSOR PB 2') ON CONFLICT (recorder_id,channel_number) DO UPDATE SET camera_id=EXCLUDED.camera_id,description=EXCLUDED.description;
INSERT INTO camera_locations(camera_id,building_id,floor_id,sector,description) VALUES ('morjsqbqfqk8veli',(SELECT id FROM buildings WHERE name='Anexo A'),(SELECT f.id FROM floors f JOIN buildings b ON b.id=f.building_id WHERE b.name='Anexo A' AND f.name='pb' LIMIT 1),NULL,'ASCENSOR PB 2') ON CONFLICT (camera_id) DO UPDATE SET building_id=EXCLUDED.building_id,floor_id=EXCLUDED.floor_id,description=EXCLUDED.description;
INSERT INTO camera_network_connections(camera_id,switch_port,rack_id) VALUES ('morjsqbqfqk8veli','4/0/3',(SELECT r.id FROM racks r JOIN buildings b ON b.id=r.building_id LEFT JOIN floors f ON f.id=r.floor_id WHERE b.name='Anexo A' AND r.code='0131' AND f.name='pb' LIMIT 1)) ON CONFLICT (camera_id) DO UPDATE SET switch_port=EXCLUDED.switch_port,rack_id=EXCLUDED.rack_id;
UPDATE cameras SET ip_address='10.11.30.34', description=COALESCE(NULLIF('ASCENSOR PB 2',''),description) WHERE device_id='morjsqbqfqk8veli';
INSERT INTO recorder_channels(recorder_id,channel_number,camera_id,description) VALUES ('morjsqbqkpdg34q5',39,'morjsqbpo5a7dklb','P7 ASCENSOR 8 Y 9') ON CONFLICT (recorder_id,channel_number) DO UPDATE SET camera_id=EXCLUDED.camera_id,description=EXCLUDED.description;
INSERT INTO camera_locations(camera_id,building_id,floor_id,sector,description) VALUES ('morjsqbpo5a7dklb',(SELECT id FROM buildings WHERE name='Anexo A'),(SELECT f.id FROM floors f JOIN buildings b ON b.id=f.building_id WHERE b.name='Anexo A' AND f.name='07' LIMIT 1),NULL,'P7 ASCENSOR 8 Y 9') ON CONFLICT (camera_id) DO UPDATE SET building_id=EXCLUDED.building_id,floor_id=EXCLUDED.floor_id,description=EXCLUDED.description;
INSERT INTO camera_network_connections(camera_id,switch_port,rack_id) VALUES ('morjsqbpo5a7dklb','4/0/22',(SELECT r.id FROM racks r JOIN buildings b ON b.id=r.building_id LEFT JOIN floors f ON f.id=r.floor_id WHERE b.name='Anexo A' AND r.code='0167' AND f.name='07' LIMIT 1)) ON CONFLICT (camera_id) DO UPDATE SET switch_port=EXCLUDED.switch_port,rack_id=EXCLUDED.rack_id;
UPDATE cameras SET ip_address='10.15.30.12', description=COALESCE(NULLIF('P7 ASCENSOR 8 Y 9',''),description) WHERE device_id='morjsqbpo5a7dklb';
INSERT INTO recorder_channels(recorder_id,channel_number,camera_id,description) VALUES ('morjsqbqkpdg34q5',40,'morjsqbp68gjewx7','P7 ACCESO MONTACARGA') ON CONFLICT (recorder_id,channel_number) DO UPDATE SET camera_id=EXCLUDED.camera_id,description=EXCLUDED.description;
INSERT INTO camera_locations(camera_id,building_id,floor_id,sector,description) VALUES ('morjsqbp68gjewx7',(SELECT id FROM buildings WHERE name='Anexo A'),(SELECT f.id FROM floors f JOIN buildings b ON b.id=f.building_id WHERE b.name='Anexo A' AND f.name='07' LIMIT 1),NULL,'P7 ACCESO MONTACARGA') ON CONFLICT (camera_id) DO UPDATE SET building_id=EXCLUDED.building_id,floor_id=EXCLUDED.floor_id,description=EXCLUDED.description;
INSERT INTO camera_network_connections(camera_id,switch_port,rack_id) VALUES ('morjsqbp68gjewx7','4/0/23',(SELECT r.id FROM racks r JOIN buildings b ON b.id=r.building_id LEFT JOIN floors f ON f.id=r.floor_id WHERE b.name='Anexo A' AND r.code='0167' AND f.name='07' LIMIT 1)) ON CONFLICT (camera_id) DO UPDATE SET switch_port=EXCLUDED.switch_port,rack_id=EXCLUDED.rack_id;
UPDATE cameras SET ip_address='10.15.30.13', description=COALESCE(NULLIF('P7 ACCESO MONTACARGA',''),description) WHERE device_id='morjsqbp68gjewx7';
INSERT INTO recorder_channels(recorder_id,channel_number,camera_id,description) VALUES ('morjsqbqkpdg34q5',41,'morjsqbpzsrdzeb2','P7 ASCENSOR 12 Y 13') ON CONFLICT (recorder_id,channel_number) DO UPDATE SET camera_id=EXCLUDED.camera_id,description=EXCLUDED.description;
INSERT INTO camera_locations(camera_id,building_id,floor_id,sector,description) VALUES ('morjsqbpzsrdzeb2',(SELECT id FROM buildings WHERE name='Anexo A'),(SELECT f.id FROM floors f JOIN buildings b ON b.id=f.building_id WHERE b.name='Anexo A' AND f.name='07' LIMIT 1),NULL,'P7 ASCENSOR 12 Y 13') ON CONFLICT (camera_id) DO UPDATE SET building_id=EXCLUDED.building_id,floor_id=EXCLUDED.floor_id,description=EXCLUDED.description;
INSERT INTO camera_network_connections(camera_id,switch_port,rack_id) VALUES ('morjsqbpzsrdzeb2','4/0/24',(SELECT r.id FROM racks r JOIN buildings b ON b.id=r.building_id LEFT JOIN floors f ON f.id=r.floor_id WHERE b.name='Anexo A' AND r.code='0167' AND f.name='07' LIMIT 1)) ON CONFLICT (camera_id) DO UPDATE SET switch_port=EXCLUDED.switch_port,rack_id=EXCLUDED.rack_id;
UPDATE cameras SET ip_address='10.15.30.14', description=COALESCE(NULLIF('P7 ASCENSOR 12 Y 13',''),description) WHERE device_id='morjsqbpzsrdzeb2';
INSERT INTO recorder_channels(recorder_id,channel_number,camera_id,description) VALUES ('morjsqbqkpdg34q5',42,'morjsqbpnidh7jq1','P7 ACCESO CENTRAL') ON CONFLICT (recorder_id,channel_number) DO UPDATE SET camera_id=EXCLUDED.camera_id,description=EXCLUDED.description;
INSERT INTO camera_locations(camera_id,building_id,floor_id,sector,description) VALUES ('morjsqbpnidh7jq1',(SELECT id FROM buildings WHERE name='Anexo A'),(SELECT f.id FROM floors f JOIN buildings b ON b.id=f.building_id WHERE b.name='Anexo A' AND f.name='07' LIMIT 1),NULL,'P7 ACCESO CENTRAL') ON CONFLICT (camera_id) DO UPDATE SET building_id=EXCLUDED.building_id,floor_id=EXCLUDED.floor_id,description=EXCLUDED.description;
INSERT INTO camera_network_connections(camera_id,switch_port,rack_id) VALUES ('morjsqbpnidh7jq1','4/0/21',(SELECT r.id FROM racks r JOIN buildings b ON b.id=r.building_id LEFT JOIN floors f ON f.id=r.floor_id WHERE b.name='Anexo A' AND r.code='0167' AND f.name='07' LIMIT 1)) ON CONFLICT (camera_id) DO UPDATE SET switch_port=EXCLUDED.switch_port,rack_id=EXCLUDED.rack_id;
UPDATE cameras SET ip_address='10.15.30.15', description=COALESCE(NULLIF('P7 ACCESO CENTRAL',''),description) WHERE device_id='morjsqbpnidh7jq1';
INSERT INTO recorder_channels(recorder_id,channel_number,camera_id,description) VALUES ('morjsqbqkpdg34q5',43,'morjsqbpynlp4a9s','P7 AREA CENTRAL') ON CONFLICT (recorder_id,channel_number) DO UPDATE SET camera_id=EXCLUDED.camera_id,description=EXCLUDED.description;
INSERT INTO camera_locations(camera_id,building_id,floor_id,sector,description) VALUES ('morjsqbpynlp4a9s',(SELECT id FROM buildings WHERE name='Anexo A'),(SELECT f.id FROM floors f JOIN buildings b ON b.id=f.building_id WHERE b.name='Anexo A' AND f.name='07' LIMIT 1),NULL,'P7 AREA CENTRAL') ON CONFLICT (camera_id) DO UPDATE SET building_id=EXCLUDED.building_id,floor_id=EXCLUDED.floor_id,description=EXCLUDED.description;
INSERT INTO camera_network_connections(camera_id,switch_port,rack_id) VALUES ('morjsqbpynlp4a9s','4/0/19',(SELECT r.id FROM racks r JOIN buildings b ON b.id=r.building_id LEFT JOIN floors f ON f.id=r.floor_id WHERE b.name='Anexo A' AND r.code='0167' AND f.name='07' LIMIT 1)) ON CONFLICT (camera_id) DO UPDATE SET switch_port=EXCLUDED.switch_port,rack_id=EXCLUDED.rack_id;
UPDATE cameras SET ip_address='10.15.30.16', description=COALESCE(NULLIF('P7 AREA CENTRAL',''),description) WHERE device_id='morjsqbpynlp4a9s';
INSERT INTO recorder_channels(recorder_id,channel_number,camera_id,description) VALUES ('morjsqbqkpdg34q5',44,'morjsqbp23zt30nb','P7 ESCALERA') ON CONFLICT (recorder_id,channel_number) DO UPDATE SET camera_id=EXCLUDED.camera_id,description=EXCLUDED.description;
INSERT INTO camera_locations(camera_id,building_id,floor_id,sector,description) VALUES ('morjsqbp23zt30nb',(SELECT id FROM buildings WHERE name='Anexo A'),(SELECT f.id FROM floors f JOIN buildings b ON b.id=f.building_id WHERE b.name='Anexo A' AND f.name='07' LIMIT 1),NULL,'P7 ESCALERA') ON CONFLICT (camera_id) DO UPDATE SET building_id=EXCLUDED.building_id,floor_id=EXCLUDED.floor_id,description=EXCLUDED.description;
INSERT INTO camera_network_connections(camera_id,switch_port,rack_id) VALUES ('morjsqbp23zt30nb','4/0/20',(SELECT r.id FROM racks r JOIN buildings b ON b.id=r.building_id LEFT JOIN floors f ON f.id=r.floor_id WHERE b.name='Anexo A' AND r.code='0167' AND f.name='07' LIMIT 1)) ON CONFLICT (camera_id) DO UPDATE SET switch_port=EXCLUDED.switch_port,rack_id=EXCLUDED.rack_id;
UPDATE cameras SET ip_address='10.15.30.17', description=COALESCE(NULLIF('P7 ESCALERA',''),description) WHERE device_id='morjsqbp23zt30nb';
INSERT INTO recorder_channels(recorder_id,channel_number,camera_id,description) VALUES ('morjsqbqkpdg34q5',45,'morjsqbpqth5eaii','P5 ASCENSOR 8 Y 9') ON CONFLICT (recorder_id,channel_number) DO UPDATE SET camera_id=EXCLUDED.camera_id,description=EXCLUDED.description;
INSERT INTO camera_locations(camera_id,building_id,floor_id,sector,description) VALUES ('morjsqbpqth5eaii',(SELECT id FROM buildings WHERE name='Anexo A'),(SELECT f.id FROM floors f JOIN buildings b ON b.id=f.building_id WHERE b.name='Anexo A' AND f.name='05' LIMIT 1),NULL,'P5 ASCENSOR 8 Y 9') ON CONFLICT (camera_id) DO UPDATE SET building_id=EXCLUDED.building_id,floor_id=EXCLUDED.floor_id,description=EXCLUDED.description;
INSERT INTO camera_network_connections(camera_id,switch_port,rack_id) VALUES ('morjsqbpqth5eaii','5/0/45',(SELECT r.id FROM racks r JOIN buildings b ON b.id=r.building_id LEFT JOIN floors f ON f.id=r.floor_id WHERE b.name='Anexo A' AND r.code='0161' AND f.name='05' LIMIT 1)) ON CONFLICT (camera_id) DO UPDATE SET switch_port=EXCLUDED.switch_port,rack_id=EXCLUDED.rack_id;
UPDATE cameras SET ip_address='10.14.30.4', description=COALESCE(NULLIF('P5 ASCENSOR 8 Y 9',''),description) WHERE device_id='morjsqbpqth5eaii';
INSERT INTO recorder_channels(recorder_id,channel_number,camera_id,description) VALUES ('morjsqbqkpdg34q5',46,'morjsqbp2xfugo7f','P5 ACCESO ESCALERA') ON CONFLICT (recorder_id,channel_number) DO UPDATE SET camera_id=EXCLUDED.camera_id,description=EXCLUDED.description;
INSERT INTO camera_locations(camera_id,building_id,floor_id,sector,description) VALUES ('morjsqbp2xfugo7f',(SELECT id FROM buildings WHERE name='Anexo A'),(SELECT f.id FROM floors f JOIN buildings b ON b.id=f.building_id WHERE b.name='Anexo A' AND f.name='05' LIMIT 1),NULL,'P5 ACCESO ESCALERA') ON CONFLICT (camera_id) DO UPDATE SET building_id=EXCLUDED.building_id,floor_id=EXCLUDED.floor_id,description=EXCLUDED.description;
INSERT INTO camera_network_connections(camera_id,switch_port,rack_id) VALUES ('morjsqbp2xfugo7f','5/0/41',(SELECT r.id FROM racks r JOIN buildings b ON b.id=r.building_id LEFT JOIN floors f ON f.id=r.floor_id WHERE b.name='Anexo A' AND r.code='0161' AND f.name='05' LIMIT 1)) ON CONFLICT (camera_id) DO UPDATE SET switch_port=EXCLUDED.switch_port,rack_id=EXCLUDED.rack_id;
UPDATE cameras SET ip_address='10.14.30.5', description=COALESCE(NULLIF('P5 ACCESO ESCALERA',''),description) WHERE device_id='morjsqbp2xfugo7f';
INSERT INTO recorder_channels(recorder_id,channel_number,camera_id,description) VALUES ('morjsqbqkpdg34q5',47,'morjsqbpoh6gfvhp','P5 ASCENSOR 12 Y 13') ON CONFLICT (recorder_id,channel_number) DO UPDATE SET camera_id=EXCLUDED.camera_id,description=EXCLUDED.description;
INSERT INTO camera_locations(camera_id,building_id,floor_id,sector,description) VALUES ('morjsqbpoh6gfvhp',(SELECT id FROM buildings WHERE name='Anexo A'),(SELECT f.id FROM floors f JOIN buildings b ON b.id=f.building_id WHERE b.name='Anexo A' AND f.name='05' LIMIT 1),NULL,'P5 ASCENSOR 12 Y 13') ON CONFLICT (camera_id) DO UPDATE SET building_id=EXCLUDED.building_id,floor_id=EXCLUDED.floor_id,description=EXCLUDED.description;
INSERT INTO camera_network_connections(camera_id,switch_port,rack_id) VALUES ('morjsqbpoh6gfvhp','5/0/44',(SELECT r.id FROM racks r JOIN buildings b ON b.id=r.building_id LEFT JOIN floors f ON f.id=r.floor_id WHERE b.name='Anexo A' AND r.code='0161' AND f.name='05' LIMIT 1)) ON CONFLICT (camera_id) DO UPDATE SET switch_port=EXCLUDED.switch_port,rack_id=EXCLUDED.rack_id;
UPDATE cameras SET ip_address='10.14.30.6', description=COALESCE(NULLIF('P5 ASCENSOR 12 Y 13',''),description) WHERE device_id='morjsqbpoh6gfvhp';
INSERT INTO recorder_channels(recorder_id,channel_number,camera_id,description) VALUES ('morjsqbqkpdg34q5',48,'morjsqbpb8zncy1t','P5 ASCENSOR LEGISLADORES') ON CONFLICT (recorder_id,channel_number) DO UPDATE SET camera_id=EXCLUDED.camera_id,description=EXCLUDED.description;
INSERT INTO camera_locations(camera_id,building_id,floor_id,sector,description) VALUES ('morjsqbpb8zncy1t',(SELECT id FROM buildings WHERE name='Anexo A'),(SELECT f.id FROM floors f JOIN buildings b ON b.id=f.building_id WHERE b.name='Anexo A' AND f.name='05' LIMIT 1),NULL,'P5 ASCENSOR LEGISLADORES') ON CONFLICT (camera_id) DO UPDATE SET building_id=EXCLUDED.building_id,floor_id=EXCLUDED.floor_id,description=EXCLUDED.description;
INSERT INTO camera_network_connections(camera_id,switch_port,rack_id) VALUES ('morjsqbpb8zncy1t','5/0/40',(SELECT r.id FROM racks r JOIN buildings b ON b.id=r.building_id LEFT JOIN floors f ON f.id=r.floor_id WHERE b.name='Anexo A' AND r.code='0161' AND f.name='05' LIMIT 1)) ON CONFLICT (camera_id) DO UPDATE SET switch_port=EXCLUDED.switch_port,rack_id=EXCLUDED.rack_id;
UPDATE cameras SET ip_address='10.14.30.7', description=COALESCE(NULLIF('P5 ASCENSOR LEGISLADORES',''),description) WHERE device_id='morjsqbpb8zncy1t';
INSERT INTO recorder_channels(recorder_id,channel_number,camera_id,description) VALUES ('morjsqbqkpdg34q5',49,'morjsqbpgo4a5dzj','P5 ASCENSORES PUBLICO 2') ON CONFLICT (recorder_id,channel_number) DO UPDATE SET camera_id=EXCLUDED.camera_id,description=EXCLUDED.description;
INSERT INTO camera_locations(camera_id,building_id,floor_id,sector,description) VALUES ('morjsqbpgo4a5dzj',(SELECT id FROM buildings WHERE name='Anexo A'),(SELECT f.id FROM floors f JOIN buildings b ON b.id=f.building_id WHERE b.name='Anexo A' AND f.name='05' LIMIT 1),NULL,'P5 ASCENSORES PUBLICO 2') ON CONFLICT (camera_id) DO UPDATE SET building_id=EXCLUDED.building_id,floor_id=EXCLUDED.floor_id,description=EXCLUDED.description;
INSERT INTO camera_network_connections(camera_id,switch_port,rack_id) VALUES ('morjsqbpgo4a5dzj','5/0/43',(SELECT r.id FROM racks r JOIN buildings b ON b.id=r.building_id LEFT JOIN floors f ON f.id=r.floor_id WHERE b.name='Anexo A' AND r.code='0161' AND f.name='05' LIMIT 1)) ON CONFLICT (camera_id) DO UPDATE SET switch_port=EXCLUDED.switch_port,rack_id=EXCLUDED.rack_id;
UPDATE cameras SET ip_address='10.14.30.8', description=COALESCE(NULLIF('P5 ASCENSORES PUBLICO 2',''),description) WHERE device_id='morjsqbpgo4a5dzj';
INSERT INTO recorder_channels(recorder_id,channel_number,camera_id,description) VALUES ('morjsqbqkpdg34q5',50,'morjsqbpr3y5evpk','P4 ASCENSOR 8 Y 9') ON CONFLICT (recorder_id,channel_number) DO UPDATE SET camera_id=EXCLUDED.camera_id,description=EXCLUDED.description;
INSERT INTO camera_locations(camera_id,building_id,floor_id,sector,description) VALUES ('morjsqbpr3y5evpk',(SELECT id FROM buildings WHERE name='Anexo A'),(SELECT f.id FROM floors f JOIN buildings b ON b.id=f.building_id WHERE b.name='Anexo A' AND f.name='04' LIMIT 1),NULL,'P4 ASCENSOR 8 Y 9') ON CONFLICT (camera_id) DO UPDATE SET building_id=EXCLUDED.building_id,floor_id=EXCLUDED.floor_id,description=EXCLUDED.description;
INSERT INTO camera_network_connections(camera_id,switch_port,rack_id) VALUES ('morjsqbpr3y5evpk','5/0/35',(SELECT r.id FROM racks r JOIN buildings b ON b.id=r.building_id LEFT JOIN floors f ON f.id=r.floor_id WHERE b.name='Anexo A' AND r.code='0155' AND f.name='04' LIMIT 1)) ON CONFLICT (camera_id) DO UPDATE SET switch_port=EXCLUDED.switch_port,rack_id=EXCLUDED.rack_id;
UPDATE cameras SET ip_address='10.13.30.5', description=COALESCE(NULLIF('P4 ASCENSOR 8 Y 9',''),description) WHERE device_id='morjsqbpr3y5evpk';
INSERT INTO recorder_channels(recorder_id,channel_number,camera_id,description) VALUES ('morjsqbqkpdg34q5',51,'morjsqbprk85yur2','P4 ESCALERA') ON CONFLICT (recorder_id,channel_number) DO UPDATE SET camera_id=EXCLUDED.camera_id,description=EXCLUDED.description;
INSERT INTO camera_locations(camera_id,building_id,floor_id,sector,description) VALUES ('morjsqbprk85yur2',(SELECT id FROM buildings WHERE name='Anexo A'),(SELECT f.id FROM floors f JOIN buildings b ON b.id=f.building_id WHERE b.name='Anexo A' AND f.name='04' LIMIT 1),NULL,'P4 ESCALERA') ON CONFLICT (camera_id) DO UPDATE SET building_id=EXCLUDED.building_id,floor_id=EXCLUDED.floor_id,description=EXCLUDED.description;
INSERT INTO camera_network_connections(camera_id,switch_port,rack_id) VALUES ('morjsqbprk85yur2','5/0/34',(SELECT r.id FROM racks r JOIN buildings b ON b.id=r.building_id LEFT JOIN floors f ON f.id=r.floor_id WHERE b.name='Anexo A' AND r.code='0155' AND f.name='04' LIMIT 1)) ON CONFLICT (camera_id) DO UPDATE SET switch_port=EXCLUDED.switch_port,rack_id=EXCLUDED.rack_id;
UPDATE cameras SET ip_address='10.13.30.6', description=COALESCE(NULLIF('P4 ESCALERA',''),description) WHERE device_id='morjsqbprk85yur2';
INSERT INTO recorder_channels(recorder_id,channel_number,camera_id,description) VALUES ('morjsqbqkpdg34q5',52,'morjsqbpkj5tohhe','P4 ASCENSOR 12 Y 13') ON CONFLICT (recorder_id,channel_number) DO UPDATE SET camera_id=EXCLUDED.camera_id,description=EXCLUDED.description;
INSERT INTO camera_locations(camera_id,building_id,floor_id,sector,description) VALUES ('morjsqbpkj5tohhe',(SELECT id FROM buildings WHERE name='Anexo A'),(SELECT f.id FROM floors f JOIN buildings b ON b.id=f.building_id WHERE b.name='Anexo A' AND f.name='04' LIMIT 1),NULL,'P4 ASCENSOR 12 Y 13') ON CONFLICT (camera_id) DO UPDATE SET building_id=EXCLUDED.building_id,floor_id=EXCLUDED.floor_id,description=EXCLUDED.description;
INSERT INTO camera_network_connections(camera_id,switch_port,rack_id) VALUES ('morjsqbpkj5tohhe','5/0/31',(SELECT r.id FROM racks r JOIN buildings b ON b.id=r.building_id LEFT JOIN floors f ON f.id=r.floor_id WHERE b.name='Anexo A' AND r.code='0155' AND f.name='04' LIMIT 1)) ON CONFLICT (camera_id) DO UPDATE SET switch_port=EXCLUDED.switch_port,rack_id=EXCLUDED.rack_id;
UPDATE cameras SET ip_address='10.13.30.7', description=COALESCE(NULLIF('P4 ASCENSOR 12 Y 13',''),description) WHERE device_id='morjsqbpkj5tohhe';
INSERT INTO recorder_channels(recorder_id,channel_number,camera_id,description) VALUES ('morjsqbqkpdg34q5',53,'morjsqbpm99x36r3','P4 ASCENSOR LEGISLADORES') ON CONFLICT (recorder_id,channel_number) DO UPDATE SET camera_id=EXCLUDED.camera_id,description=EXCLUDED.description;
INSERT INTO camera_locations(camera_id,building_id,floor_id,sector,description) VALUES ('morjsqbpm99x36r3',(SELECT id FROM buildings WHERE name='Anexo A'),(SELECT f.id FROM floors f JOIN buildings b ON b.id=f.building_id WHERE b.name='Anexo A' AND f.name='04' LIMIT 1),NULL,'P4 ASCENSOR LEGISLADORES') ON CONFLICT (camera_id) DO UPDATE SET building_id=EXCLUDED.building_id,floor_id=EXCLUDED.floor_id,description=EXCLUDED.description;
INSERT INTO camera_network_connections(camera_id,switch_port,rack_id) VALUES ('morjsqbpm99x36r3','5/0/32',(SELECT r.id FROM racks r JOIN buildings b ON b.id=r.building_id LEFT JOIN floors f ON f.id=r.floor_id WHERE b.name='Anexo A' AND r.code='0155' AND f.name='04' LIMIT 1)) ON CONFLICT (camera_id) DO UPDATE SET switch_port=EXCLUDED.switch_port,rack_id=EXCLUDED.rack_id;
UPDATE cameras SET ip_address='10.13.30.8', description=COALESCE(NULLIF('P4 ASCENSOR LEGISLADORES',''),description) WHERE device_id='morjsqbpm99x36r3';
INSERT INTO recorder_channels(recorder_id,channel_number,camera_id,description) VALUES ('morjsqbqkpdg34q5',54,'morjsqbp9ig2w0rw','P4 ASCENSORES PUBLICO') ON CONFLICT (recorder_id,channel_number) DO UPDATE SET camera_id=EXCLUDED.camera_id,description=EXCLUDED.description;
INSERT INTO camera_locations(camera_id,building_id,floor_id,sector,description) VALUES ('morjsqbp9ig2w0rw',(SELECT id FROM buildings WHERE name='Anexo A'),(SELECT f.id FROM floors f JOIN buildings b ON b.id=f.building_id WHERE b.name='Anexo A' AND f.name='04' LIMIT 1),NULL,'P4 ASCENSORES PUBLICO') ON CONFLICT (camera_id) DO UPDATE SET building_id=EXCLUDED.building_id,floor_id=EXCLUDED.floor_id,description=EXCLUDED.description;
INSERT INTO camera_network_connections(camera_id,switch_port,rack_id) VALUES ('morjsqbp9ig2w0rw','5/0/33',(SELECT r.id FROM racks r JOIN buildings b ON b.id=r.building_id LEFT JOIN floors f ON f.id=r.floor_id WHERE b.name='Anexo A' AND r.code='0155' AND f.name='04' LIMIT 1)) ON CONFLICT (camera_id) DO UPDATE SET switch_port=EXCLUDED.switch_port,rack_id=EXCLUDED.rack_id;
UPDATE cameras SET ip_address='10.13.30.9', description=COALESCE(NULLIF('P4 ASCENSORES PUBLICO',''),description) WHERE device_id='morjsqbp9ig2w0rw';
INSERT INTO recorder_channels(recorder_id,channel_number,camera_id,description) VALUES ('morjsqbqkpdg34q5',55,'morjsqbphhr85c1m','ASCENSOR 8 Y 9') ON CONFLICT (recorder_id,channel_number) DO UPDATE SET camera_id=EXCLUDED.camera_id,description=EXCLUDED.description;
INSERT INTO camera_locations(camera_id,building_id,floor_id,sector,description) VALUES ('morjsqbphhr85c1m',(SELECT id FROM buildings WHERE name='Anexo A'),(SELECT f.id FROM floors f JOIN buildings b ON b.id=f.building_id WHERE b.name='Anexo A' AND f.name='02' LIMIT 1),NULL,'ASCENSOR 8 Y 9') ON CONFLICT (camera_id) DO UPDATE SET building_id=EXCLUDED.building_id,floor_id=EXCLUDED.floor_id,description=EXCLUDED.description;
INSERT INTO camera_network_connections(camera_id,switch_port,rack_id) VALUES ('morjsqbphhr85c1m','4/0/9',(SELECT r.id FROM racks r JOIN buildings b ON b.id=r.building_id LEFT JOIN floors f ON f.id=r.floor_id WHERE b.name='Anexo A' AND r.code='0145' AND f.name='02' LIMIT 1)) ON CONFLICT (camera_id) DO UPDATE SET switch_port=EXCLUDED.switch_port,rack_id=EXCLUDED.rack_id;
UPDATE cameras SET ip_address='10.12.30.1', description=COALESCE(NULLIF('ASCENSOR 8 Y 9',''),description) WHERE device_id='morjsqbphhr85c1m';
INSERT INTO recorder_channels(recorder_id,channel_number,camera_id,description) VALUES ('morjsqbqkpdg34q5',56,'morjsqbpkr1ba1qc','ASCENSOR 12 Y 13') ON CONFLICT (recorder_id,channel_number) DO UPDATE SET camera_id=EXCLUDED.camera_id,description=EXCLUDED.description;
INSERT INTO camera_locations(camera_id,building_id,floor_id,sector,description) VALUES ('morjsqbpkr1ba1qc',(SELECT id FROM buildings WHERE name='Anexo A'),(SELECT f.id FROM floors f JOIN buildings b ON b.id=f.building_id WHERE b.name='Anexo A' AND f.name='02' LIMIT 1),NULL,'ASCENSOR 12 Y 13') ON CONFLICT (camera_id) DO UPDATE SET building_id=EXCLUDED.building_id,floor_id=EXCLUDED.floor_id,description=EXCLUDED.description;
INSERT INTO camera_network_connections(camera_id,switch_port,rack_id) VALUES ('morjsqbpkr1ba1qc','4/0/13',(SELECT r.id FROM racks r JOIN buildings b ON b.id=r.building_id LEFT JOIN floors f ON f.id=r.floor_id WHERE b.name='Anexo A' AND r.code='0145' AND f.name='02' LIMIT 1)) ON CONFLICT (camera_id) DO UPDATE SET switch_port=EXCLUDED.switch_port,rack_id=EXCLUDED.rack_id;
UPDATE cameras SET ip_address='10.12.30.2', description=COALESCE(NULLIF('ASCENSOR 12 Y 13',''),description) WHERE device_id='morjsqbpkr1ba1qc';
INSERT INTO recorder_channels(recorder_id,channel_number,camera_id,description) VALUES ('morjsqbqkpdg34q5',57,'morjsqbpjd0rla9v','ESCALERA') ON CONFLICT (recorder_id,channel_number) DO UPDATE SET camera_id=EXCLUDED.camera_id,description=EXCLUDED.description;
INSERT INTO camera_locations(camera_id,building_id,floor_id,sector,description) VALUES ('morjsqbpjd0rla9v',(SELECT id FROM buildings WHERE name='Anexo A'),(SELECT f.id FROM floors f JOIN buildings b ON b.id=f.building_id WHERE b.name='Anexo A' AND f.name='02' LIMIT 1),NULL,'ESCALERA') ON CONFLICT (camera_id) DO UPDATE SET building_id=EXCLUDED.building_id,floor_id=EXCLUDED.floor_id,description=EXCLUDED.description;
INSERT INTO camera_network_connections(camera_id,switch_port,rack_id) VALUES ('morjsqbpjd0rla9v','4/0/12',(SELECT r.id FROM racks r JOIN buildings b ON b.id=r.building_id LEFT JOIN floors f ON f.id=r.floor_id WHERE b.name='Anexo A' AND r.code='0145' AND f.name='02' LIMIT 1)) ON CONFLICT (camera_id) DO UPDATE SET switch_port=EXCLUDED.switch_port,rack_id=EXCLUDED.rack_id;
UPDATE cameras SET ip_address='10.12.30.3', description=COALESCE(NULLIF('ESCALERA',''),description) WHERE device_id='morjsqbpjd0rla9v';
INSERT INTO recorder_channels(recorder_id,channel_number,camera_id,description) VALUES ('morjsqbqkpdg34q5',58,'morjsqbpzoo0c4ua','ASCENSOR LEGISLADORES 2') ON CONFLICT (recorder_id,channel_number) DO UPDATE SET camera_id=EXCLUDED.camera_id,description=EXCLUDED.description;
INSERT INTO camera_locations(camera_id,building_id,floor_id,sector,description) VALUES ('morjsqbpzoo0c4ua',(SELECT id FROM buildings WHERE name='Anexo A'),(SELECT f.id FROM floors f JOIN buildings b ON b.id=f.building_id WHERE b.name='Anexo A' AND f.name='02' LIMIT 1),NULL,'ASCENSOR LEGISLADORES 2') ON CONFLICT (camera_id) DO UPDATE SET building_id=EXCLUDED.building_id,floor_id=EXCLUDED.floor_id,description=EXCLUDED.description;
INSERT INTO camera_network_connections(camera_id,switch_port,rack_id) VALUES ('morjsqbpzoo0c4ua','4/0/7',(SELECT r.id FROM racks r JOIN buildings b ON b.id=r.building_id LEFT JOIN floors f ON f.id=r.floor_id WHERE b.name='Anexo A' AND r.code='0145' AND f.name='02' LIMIT 1)) ON CONFLICT (camera_id) DO UPDATE SET switch_port=EXCLUDED.switch_port,rack_id=EXCLUDED.rack_id;
UPDATE cameras SET ip_address='10.12.30.4', description=COALESCE(NULLIF('ASCENSOR LEGISLADORES 2',''),description) WHERE device_id='morjsqbpzoo0c4ua';
INSERT INTO recorder_channels(recorder_id,channel_number,camera_id,description) VALUES ('morjsqbqkpdg34q5',59,'morjsqbpmf05cs5h','ASCENSORES PUBLICO') ON CONFLICT (recorder_id,channel_number) DO UPDATE SET camera_id=EXCLUDED.camera_id,description=EXCLUDED.description;
INSERT INTO camera_locations(camera_id,building_id,floor_id,sector,description) VALUES ('morjsqbpmf05cs5h',(SELECT id FROM buildings WHERE name='Anexo A'),(SELECT f.id FROM floors f JOIN buildings b ON b.id=f.building_id WHERE b.name='Anexo A' AND f.name='02' LIMIT 1),NULL,'ASCENSORES PUBLICO') ON CONFLICT (camera_id) DO UPDATE SET building_id=EXCLUDED.building_id,floor_id=EXCLUDED.floor_id,description=EXCLUDED.description;
INSERT INTO camera_network_connections(camera_id,switch_port,rack_id) VALUES ('morjsqbpmf05cs5h','4/0/8',(SELECT r.id FROM racks r JOIN buildings b ON b.id=r.building_id LEFT JOIN floors f ON f.id=r.floor_id WHERE b.name='Anexo A' AND r.code='0145' AND f.name='02' LIMIT 1)) ON CONFLICT (camera_id) DO UPDATE SET switch_port=EXCLUDED.switch_port,rack_id=EXCLUDED.rack_id;
UPDATE cameras SET ip_address='10.12.30.5', description=COALESCE(NULLIF('ASCENSORES PUBLICO',''),description) WHERE device_id='morjsqbpmf05cs5h';
INSERT INTO recorder_channels(recorder_id,channel_number,camera_id,description) VALUES ('morjsqbqkpdg34q5',60,'morjsqbqwqus197j','P2 MONTACARGA') ON CONFLICT (recorder_id,channel_number) DO UPDATE SET camera_id=EXCLUDED.camera_id,description=EXCLUDED.description;
INSERT INTO camera_locations(camera_id,building_id,floor_id,sector,description) VALUES ('morjsqbqwqus197j',(SELECT id FROM buildings WHERE name='Anexo A'),(SELECT f.id FROM floors f JOIN buildings b ON b.id=f.building_id WHERE b.name='Anexo A' AND f.name='02' LIMIT 1),NULL,'P2 MONTACARGA') ON CONFLICT (camera_id) DO UPDATE SET building_id=EXCLUDED.building_id,floor_id=EXCLUDED.floor_id,description=EXCLUDED.description;
INSERT INTO camera_network_connections(camera_id,switch_port,rack_id) VALUES ('morjsqbqwqus197j','3/0/15',(SELECT r.id FROM racks r JOIN buildings b ON b.id=r.building_id LEFT JOIN floors f ON f.id=r.floor_id WHERE b.name='Anexo A' AND r.code='0145' AND f.name='02' LIMIT 1)) ON CONFLICT (camera_id) DO UPDATE SET switch_port=EXCLUDED.switch_port,rack_id=EXCLUDED.rack_id;
UPDATE cameras SET ip_address='10.12.30.13', description=COALESCE(NULLIF('P2 MONTACARGA',''),description) WHERE device_id='morjsqbqwqus197j';
INSERT INTO recorder_channels(recorder_id,channel_number,camera_id,description) VALUES ('morjsqbqkpdg34q5',61,NULL,NULL) ON CONFLICT (recorder_id,channel_number) DO UPDATE SET camera_id=EXCLUDED.camera_id,description=EXCLUDED.description;
INSERT INTO recorder_channels(recorder_id,channel_number,camera_id,description) VALUES ('morjsqbqkpdg34q5',62,NULL,NULL) ON CONFLICT (recorder_id,channel_number) DO UPDATE SET camera_id=EXCLUDED.camera_id,description=EXCLUDED.description;
INSERT INTO recorder_channels(recorder_id,channel_number,camera_id,description) VALUES ('morjsqbqkpdg34q5',63,NULL,NULL) ON CONFLICT (recorder_id,channel_number) DO UPDATE SET camera_id=EXCLUDED.camera_id,description=EXCLUDED.description;
INSERT INTO recorder_channels(recorder_id,channel_number,camera_id,description) VALUES ('morjsqbqkpdg34q5',64,NULL,NULL) ON CONFLICT (recorder_id,channel_number) DO UPDATE SET camera_id=EXCLUDED.camera_id,description=EXCLUDED.description;
INSERT INTO recorders(device_id,recorder_type,description,ip_address,channel_capacity,rack_id) VALUES ('morjsqbqnics31l1','nvr','NVR-5','10.105.0.196',64,(SELECT r.id FROM racks r JOIN buildings b ON b.id=r.building_id LEFT JOIN floors f ON f.id=r.floor_id WHERE b.name='Anexo A' AND r.code='RACK 12' AND f.name='1SS' LIMIT 1)) ON CONFLICT (device_id) DO UPDATE SET recorder_type=EXCLUDED.recorder_type,description=EXCLUDED.description,ip_address=EXCLUDED.ip_address,channel_capacity=EXCLUDED.channel_capacity,rack_id=EXCLUDED.rack_id;
INSERT INTO recorder_channels(recorder_id,channel_number,camera_id,description) VALUES ('morjsqbqnics31l1',1,'morjsqbq1icqzr8l','DOMO RIVADAVIA') ON CONFLICT (recorder_id,channel_number) DO UPDATE SET camera_id=EXCLUDED.camera_id,description=EXCLUDED.description;
INSERT INTO camera_locations(camera_id,building_id,floor_id,sector,description) VALUES ('morjsqbq1icqzr8l',NULL,NULL,NULL,'DOMO RIVADAVIA') ON CONFLICT (camera_id) DO UPDATE SET building_id=EXCLUDED.building_id,floor_id=EXCLUDED.floor_id,description=EXCLUDED.description;
INSERT INTO camera_network_connections(camera_id,switch_port,rack_id) VALUES ('morjsqbq1icqzr8l',NULL,NULL) ON CONFLICT (camera_id) DO UPDATE SET switch_port=EXCLUDED.switch_port,rack_id=EXCLUDED.rack_id;
UPDATE cameras SET ip_address='10.3.30.0', description=COALESCE(NULLIF('DOMO RIVADAVIA',''),description) WHERE device_id='morjsqbq1icqzr8l';
INSERT INTO recorder_channels(recorder_id,channel_number,camera_id,description) VALUES ('morjsqbqnics31l1',2,'morjsqbqhdd2iew7','DOMO CALLAO') ON CONFLICT (recorder_id,channel_number) DO UPDATE SET camera_id=EXCLUDED.camera_id,description=EXCLUDED.description;
INSERT INTO camera_locations(camera_id,building_id,floor_id,sector,description) VALUES ('morjsqbqhdd2iew7',NULL,NULL,NULL,'DOMO CALLAO') ON CONFLICT (camera_id) DO UPDATE SET building_id=EXCLUDED.building_id,floor_id=EXCLUDED.floor_id,description=EXCLUDED.description;
INSERT INTO camera_network_connections(camera_id,switch_port,rack_id) VALUES ('morjsqbqhdd2iew7',NULL,NULL) ON CONFLICT (camera_id) DO UPDATE SET switch_port=EXCLUDED.switch_port,rack_id=EXCLUDED.rack_id;
UPDATE cameras SET ip_address='10.81.30.18', description=COALESCE(NULLIF('DOMO CALLAO',''),description) WHERE device_id='morjsqbqhdd2iew7';
INSERT INTO recorder_channels(recorder_id,channel_number,camera_id,description) VALUES ('morjsqbqnics31l1',3,'morjsqbqlefaiq8y','DOMO RIOBAMBA') ON CONFLICT (recorder_id,channel_number) DO UPDATE SET camera_id=EXCLUDED.camera_id,description=EXCLUDED.description;
INSERT INTO camera_locations(camera_id,building_id,floor_id,sector,description) VALUES ('morjsqbqlefaiq8y',NULL,NULL,NULL,'DOMO RIOBAMBA') ON CONFLICT (camera_id) DO UPDATE SET building_id=EXCLUDED.building_id,floor_id=EXCLUDED.floor_id,description=EXCLUDED.description;
INSERT INTO camera_network_connections(camera_id,switch_port,rack_id) VALUES ('morjsqbqlefaiq8y',NULL,NULL) ON CONFLICT (camera_id) DO UPDATE SET switch_port=EXCLUDED.switch_port,rack_id=EXCLUDED.rack_id;
UPDATE cameras SET ip_address='10.11.30.5', description=COALESCE(NULLIF('DOMO RIOBAMBA',''),description) WHERE device_id='morjsqbqlefaiq8y';
INSERT INTO recorder_channels(recorder_id,channel_number,camera_id,description) VALUES ('morjsqbqnics31l1',4,'morjsqbqqi22zzuq','DOMO EXPLANADA') ON CONFLICT (recorder_id,channel_number) DO UPDATE SET camera_id=EXCLUDED.camera_id,description=EXCLUDED.description;
INSERT INTO camera_locations(camera_id,building_id,floor_id,sector,description) VALUES ('morjsqbqqi22zzuq',NULL,NULL,NULL,'DOMO EXPLANADA') ON CONFLICT (camera_id) DO UPDATE SET building_id=EXCLUDED.building_id,floor_id=EXCLUDED.floor_id,description=EXCLUDED.description;
INSERT INTO camera_network_connections(camera_id,switch_port,rack_id) VALUES ('morjsqbqqi22zzuq',NULL,NULL) ON CONFLICT (camera_id) DO UPDATE SET switch_port=EXCLUDED.switch_port,rack_id=EXCLUDED.rack_id;
UPDATE cameras SET ip_address='10.11.30.6', description=COALESCE(NULLIF('DOMO EXPLANADA',''),description) WHERE device_id='morjsqbqqi22zzuq';
INSERT INTO recorder_channels(recorder_id,channel_number,camera_id,description) VALUES ('morjsqbqnics31l1',5,'morjsqbqd2v44a3m','DOMO MITRE') ON CONFLICT (recorder_id,channel_number) DO UPDATE SET camera_id=EXCLUDED.camera_id,description=EXCLUDED.description;
INSERT INTO camera_locations(camera_id,building_id,floor_id,sector,description) VALUES ('morjsqbqd2v44a3m',NULL,NULL,NULL,'DOMO MITRE') ON CONFLICT (camera_id) DO UPDATE SET building_id=EXCLUDED.building_id,floor_id=EXCLUDED.floor_id,description=EXCLUDED.description;
INSERT INTO camera_network_connections(camera_id,switch_port,rack_id) VALUES ('morjsqbqd2v44a3m',NULL,NULL) ON CONFLICT (camera_id) DO UPDATE SET switch_port=EXCLUDED.switch_port,rack_id=EXCLUDED.rack_id;
UPDATE cameras SET ip_address='10.31.30.3', description=COALESCE(NULLIF('DOMO MITRE',''),description) WHERE device_id='morjsqbqd2v44a3m';
INSERT INTO recorder_channels(recorder_id,channel_number,camera_id,description) VALUES ('morjsqbqnics31l1',6,'morjsqbqk4f054g2','PAL-INGRESOL') ON CONFLICT (recorder_id,channel_number) DO UPDATE SET camera_id=EXCLUDED.camera_id,description=EXCLUDED.description;
INSERT INTO camera_locations(camera_id,building_id,floor_id,sector,description) VALUES ('morjsqbqk4f054g2',NULL,NULL,NULL,'PAL-INGRESOL') ON CONFLICT (camera_id) DO UPDATE SET building_id=EXCLUDED.building_id,floor_id=EXCLUDED.floor_id,description=EXCLUDED.description;
INSERT INTO camera_network_connections(camera_id,switch_port,rack_id) VALUES ('morjsqbqk4f054g2',NULL,NULL) ON CONFLICT (camera_id) DO UPDATE SET switch_port=EXCLUDED.switch_port,rack_id=EXCLUDED.rack_id;
UPDATE cameras SET ip_address='10.1.30.11', description=COALESCE(NULLIF('PAL-INGRESOL',''),description) WHERE device_id='morjsqbqk4f054g2';
INSERT INTO recorder_channels(recorder_id,channel_number,camera_id,description) VALUES ('morjsqbqnics31l1',7,'morjsqbqwt60fl3e','PAL-INGRESOP') ON CONFLICT (recorder_id,channel_number) DO UPDATE SET camera_id=EXCLUDED.camera_id,description=EXCLUDED.description;
INSERT INTO camera_locations(camera_id,building_id,floor_id,sector,description) VALUES ('morjsqbqwt60fl3e',NULL,NULL,NULL,'PAL-INGRESOP') ON CONFLICT (camera_id) DO UPDATE SET building_id=EXCLUDED.building_id,floor_id=EXCLUDED.floor_id,description=EXCLUDED.description;
INSERT INTO camera_network_connections(camera_id,switch_port,rack_id) VALUES ('morjsqbqwt60fl3e',NULL,NULL) ON CONFLICT (camera_id) DO UPDATE SET switch_port=EXCLUDED.switch_port,rack_id=EXCLUDED.rack_id;
UPDATE cameras SET ip_address='10.1.30.12', description=COALESCE(NULLIF('PAL-INGRESOP',''),description) WHERE device_id='morjsqbqwt60fl3e';
INSERT INTO recorder_channels(recorder_id,channel_number,camera_id,description) VALUES ('morjsqbqnics31l1',8,'morjsqbpjidec66g','INGRESO POZOS 1') ON CONFLICT (recorder_id,channel_number) DO UPDATE SET camera_id=EXCLUDED.camera_id,description=EXCLUDED.description;
INSERT INTO camera_locations(camera_id,building_id,floor_id,sector,description) VALUES ('morjsqbpjidec66g',NULL,NULL,NULL,'INGRESO POZOS 1') ON CONFLICT (camera_id) DO UPDATE SET building_id=EXCLUDED.building_id,floor_id=EXCLUDED.floor_id,description=EXCLUDED.description;
INSERT INTO camera_network_connections(camera_id,switch_port,rack_id) VALUES ('morjsqbpjidec66g',NULL,NULL) ON CONFLICT (camera_id) DO UPDATE SET switch_port=EXCLUDED.switch_port,rack_id=EXCLUDED.rack_id;
UPDATE cameras SET ip_address='10.1.30.13', description=COALESCE(NULLIF('INGRESO POZOS 1',''),description) WHERE device_id='morjsqbpjidec66g';
INSERT INTO recorder_channels(recorder_id,channel_number,camera_id,description) VALUES ('morjsqbqnics31l1',9,'morjsqbq0xvhys0z','RECINTO PANTALLA 2') ON CONFLICT (recorder_id,channel_number) DO UPDATE SET camera_id=EXCLUDED.camera_id,description=EXCLUDED.description;
INSERT INTO camera_locations(camera_id,building_id,floor_id,sector,description) VALUES ('morjsqbq0xvhys0z',NULL,NULL,NULL,'RECINTO PANTALLA 2') ON CONFLICT (camera_id) DO UPDATE SET building_id=EXCLUDED.building_id,floor_id=EXCLUDED.floor_id,description=EXCLUDED.description;
INSERT INTO camera_network_connections(camera_id,switch_port,rack_id) VALUES ('morjsqbq0xvhys0z',NULL,NULL) ON CONFLICT (camera_id) DO UPDATE SET switch_port=EXCLUDED.switch_port,rack_id=EXCLUDED.rack_id;
UPDATE cameras SET ip_address='10.1.30.14', description=COALESCE(NULLIF('RECINTO PANTALLA 2',''),description) WHERE device_id='morjsqbq0xvhys0z';
INSERT INTO recorder_channels(recorder_id,channel_number,camera_id,description) VALUES ('morjsqbqnics31l1',10,'morjsqbph10z8nwm','CAJEROS EP1') ON CONFLICT (recorder_id,channel_number) DO UPDATE SET camera_id=EXCLUDED.camera_id,description=EXCLUDED.description;
INSERT INTO camera_locations(camera_id,building_id,floor_id,sector,description) VALUES ('morjsqbph10z8nwm',NULL,NULL,NULL,'CAJEROS EP1') ON CONFLICT (camera_id) DO UPDATE SET building_id=EXCLUDED.building_id,floor_id=EXCLUDED.floor_id,description=EXCLUDED.description;
INSERT INTO camera_network_connections(camera_id,switch_port,rack_id) VALUES ('morjsqbph10z8nwm',NULL,NULL) ON CONFLICT (camera_id) DO UPDATE SET switch_port=EXCLUDED.switch_port,rack_id=EXCLUDED.rack_id;
UPDATE cameras SET ip_address='10.11.30.21', description=COALESCE(NULLIF('CAJEROS EP1',''),description) WHERE device_id='morjsqbph10z8nwm';
INSERT INTO recorder_channels(recorder_id,channel_number,camera_id,description) VALUES ('morjsqbqnics31l1',11,'morjsqbp5ky425ae','INGRESO ANXD') ON CONFLICT (recorder_id,channel_number) DO UPDATE SET camera_id=EXCLUDED.camera_id,description=EXCLUDED.description;
INSERT INTO camera_locations(camera_id,building_id,floor_id,sector,description) VALUES ('morjsqbp5ky425ae',NULL,NULL,NULL,'INGRESO ANXD') ON CONFLICT (camera_id) DO UPDATE SET building_id=EXCLUDED.building_id,floor_id=EXCLUDED.floor_id,description=EXCLUDED.description;
INSERT INTO camera_network_connections(camera_id,switch_port,rack_id) VALUES ('morjsqbp5ky425ae',NULL,NULL) ON CONFLICT (camera_id) DO UPDATE SET switch_port=EXCLUDED.switch_port,rack_id=EXCLUDED.rack_id;
UPDATE cameras SET ip_address='10.41.30.0', description=COALESCE(NULLIF('INGRESO ANXD',''),description) WHERE device_id='morjsqbp5ky425ae';
INSERT INTO recorder_channels(recorder_id,channel_number,camera_id,description) VALUES ('morjsqbqnics31l1',12,'morjsqbpkn1wlaw1','INGRESO ANEXO C') ON CONFLICT (recorder_id,channel_number) DO UPDATE SET camera_id=EXCLUDED.camera_id,description=EXCLUDED.description;
INSERT INTO camera_locations(camera_id,building_id,floor_id,sector,description) VALUES ('morjsqbpkn1wlaw1',NULL,NULL,NULL,'INGRESO ANEXO C') ON CONFLICT (camera_id) DO UPDATE SET building_id=EXCLUDED.building_id,floor_id=EXCLUDED.floor_id,description=EXCLUDED.description;
INSERT INTO camera_network_connections(camera_id,switch_port,rack_id) VALUES ('morjsqbpkn1wlaw1',NULL,NULL) ON CONFLICT (camera_id) DO UPDATE SET switch_port=EXCLUDED.switch_port,rack_id=EXCLUDED.rack_id;
UPDATE cameras SET ip_address='10.31.30.0', description=COALESCE(NULLIF('INGRESO ANEXO C',''),description) WHERE device_id='morjsqbpkn1wlaw1';
INSERT INTO recorder_channels(recorder_id,channel_number,camera_id,description) VALUES ('morjsqbqnics31l1',13,'morjsqbq58ftpj5z','ANEXOC PB2') ON CONFLICT (recorder_id,channel_number) DO UPDATE SET camera_id=EXCLUDED.camera_id,description=EXCLUDED.description;
INSERT INTO camera_locations(camera_id,building_id,floor_id,sector,description) VALUES ('morjsqbq58ftpj5z',NULL,NULL,NULL,'ANEXOC PB2') ON CONFLICT (camera_id) DO UPDATE SET building_id=EXCLUDED.building_id,floor_id=EXCLUDED.floor_id,description=EXCLUDED.description;
INSERT INTO camera_network_connections(camera_id,switch_port,rack_id) VALUES ('morjsqbq58ftpj5z',NULL,NULL) ON CONFLICT (camera_id) DO UPDATE SET switch_port=EXCLUDED.switch_port,rack_id=EXCLUDED.rack_id;
UPDATE cameras SET ip_address='10.31.30.1', description=COALESCE(NULLIF('ANEXOC PB2',''),description) WHERE device_id='morjsqbq58ftpj5z';
INSERT INTO recorder_channels(recorder_id,channel_number,camera_id,description) VALUES ('morjsqbqnics31l1',14,'morjsqbqo6stzr22','PALACIO TESORERIA EXT') ON CONFLICT (recorder_id,channel_number) DO UPDATE SET camera_id=EXCLUDED.camera_id,description=EXCLUDED.description;
INSERT INTO camera_locations(camera_id,building_id,floor_id,sector,description) VALUES ('morjsqbqo6stzr22',NULL,NULL,NULL,'PALACIO TESORERIA EXT') ON CONFLICT (camera_id) DO UPDATE SET building_id=EXCLUDED.building_id,floor_id=EXCLUDED.floor_id,description=EXCLUDED.description;
INSERT INTO camera_network_connections(camera_id,switch_port,rack_id) VALUES ('morjsqbqo6stzr22',NULL,NULL) ON CONFLICT (camera_id) DO UPDATE SET switch_port=EXCLUDED.switch_port,rack_id=EXCLUDED.rack_id;
UPDATE cameras SET ip_address='10.1.30.0', description=COALESCE(NULLIF('PALACIO TESORERIA EXT',''),description) WHERE device_id='morjsqbqo6stzr22';
INSERT INTO recorder_channels(recorder_id,channel_number,camera_id,description) VALUES ('morjsqbqnics31l1',15,'morjsqbqmygxjxyv','TESORERIA INTERNA') ON CONFLICT (recorder_id,channel_number) DO UPDATE SET camera_id=EXCLUDED.camera_id,description=EXCLUDED.description;
INSERT INTO camera_locations(camera_id,building_id,floor_id,sector,description) VALUES ('morjsqbqmygxjxyv',NULL,NULL,NULL,'TESORERIA INTERNA') ON CONFLICT (camera_id) DO UPDATE SET building_id=EXCLUDED.building_id,floor_id=EXCLUDED.floor_id,description=EXCLUDED.description;
INSERT INTO camera_network_connections(camera_id,switch_port,rack_id) VALUES ('morjsqbqmygxjxyv',NULL,NULL) ON CONFLICT (camera_id) DO UPDATE SET switch_port=EXCLUDED.switch_port,rack_id=EXCLUDED.rack_id;
UPDATE cameras SET ip_address='10.1.30.1', description=COALESCE(NULLIF('TESORERIA INTERNA',''),description) WHERE device_id='morjsqbqmygxjxyv';
INSERT INTO recorder_channels(recorder_id,channel_number,camera_id,description) VALUES ('morjsqbqnics31l1',16,'morjsqbphym85pk9','TESORERIA PUBLICO') ON CONFLICT (recorder_id,channel_number) DO UPDATE SET camera_id=EXCLUDED.camera_id,description=EXCLUDED.description;
INSERT INTO camera_locations(camera_id,building_id,floor_id,sector,description) VALUES ('morjsqbphym85pk9',NULL,NULL,NULL,'TESORERIA PUBLICO') ON CONFLICT (camera_id) DO UPDATE SET building_id=EXCLUDED.building_id,floor_id=EXCLUDED.floor_id,description=EXCLUDED.description;
INSERT INTO camera_network_connections(camera_id,switch_port,rack_id) VALUES ('morjsqbphym85pk9',NULL,NULL) ON CONFLICT (camera_id) DO UPDATE SET switch_port=EXCLUDED.switch_port,rack_id=EXCLUDED.rack_id;
UPDATE cameras SET ip_address='10.1.30.5', description=COALESCE(NULLIF('TESORERIA PUBLICO',''),description) WHERE device_id='morjsqbphym85pk9';
INSERT INTO recorder_channels(recorder_id,channel_number,camera_id,description) VALUES ('morjsqbqnics31l1',17,'morjsqbqbfr14t6o','SALON BLANCO 1') ON CONFLICT (recorder_id,channel_number) DO UPDATE SET camera_id=EXCLUDED.camera_id,description=EXCLUDED.description;
INSERT INTO camera_locations(camera_id,building_id,floor_id,sector,description) VALUES ('morjsqbqbfr14t6o',NULL,NULL,NULL,'SALON BLANCO 1') ON CONFLICT (camera_id) DO UPDATE SET building_id=EXCLUDED.building_id,floor_id=EXCLUDED.floor_id,description=EXCLUDED.description;
INSERT INTO camera_network_connections(camera_id,switch_port,rack_id) VALUES ('morjsqbqbfr14t6o',NULL,NULL) ON CONFLICT (camera_id) DO UPDATE SET switch_port=EXCLUDED.switch_port,rack_id=EXCLUDED.rack_id;
UPDATE cameras SET ip_address='10.1.30.2', description=COALESCE(NULLIF('SALON BLANCO 1',''),description) WHERE device_id='morjsqbqbfr14t6o';
INSERT INTO recorder_channels(recorder_id,channel_number,camera_id,description) VALUES ('morjsqbqnics31l1',18,'morjsqbpu5rnco4h','PAL PATIO BUSTOS') ON CONFLICT (recorder_id,channel_number) DO UPDATE SET camera_id=EXCLUDED.camera_id,description=EXCLUDED.description;
INSERT INTO camera_locations(camera_id,building_id,floor_id,sector,description) VALUES ('morjsqbpu5rnco4h',NULL,NULL,NULL,'PAL PATIO BUSTOS') ON CONFLICT (camera_id) DO UPDATE SET building_id=EXCLUDED.building_id,floor_id=EXCLUDED.floor_id,description=EXCLUDED.description;
INSERT INTO camera_network_connections(camera_id,switch_port,rack_id) VALUES ('morjsqbpu5rnco4h',NULL,NULL) ON CONFLICT (camera_id) DO UPDATE SET switch_port=EXCLUDED.switch_port,rack_id=EXCLUDED.rack_id;
UPDATE cameras SET ip_address='10.1.30.3', description=COALESCE(NULLIF('PAL PATIO BUSTOS',''),description) WHERE device_id='morjsqbpu5rnco4h';
INSERT INTO recorder_channels(recorder_id,channel_number,camera_id,description) VALUES ('morjsqbqnics31l1',19,'morjsqbpkb1s58hs','SALON BLANCO 2') ON CONFLICT (recorder_id,channel_number) DO UPDATE SET camera_id=EXCLUDED.camera_id,description=EXCLUDED.description;
INSERT INTO camera_locations(camera_id,building_id,floor_id,sector,description) VALUES ('morjsqbpkb1s58hs',NULL,NULL,NULL,'SALON BLANCO 2') ON CONFLICT (camera_id) DO UPDATE SET building_id=EXCLUDED.building_id,floor_id=EXCLUDED.floor_id,description=EXCLUDED.description;
INSERT INTO camera_network_connections(camera_id,switch_port,rack_id) VALUES ('morjsqbpkb1s58hs',NULL,NULL) ON CONFLICT (camera_id) DO UPDATE SET switch_port=EXCLUDED.switch_port,rack_id=EXCLUDED.rack_id;
UPDATE cameras SET ip_address='10.1.30.4', description=COALESCE(NULLIF('SALON BLANCO 2',''),description) WHERE device_id='morjsqbpkb1s58hs';
INSERT INTO recorder_channels(recorder_id,channel_number,camera_id,description) VALUES ('morjsqbqnics31l1',20,'morjsqbph1otjls1','HALL PRESIDENCIA') ON CONFLICT (recorder_id,channel_number) DO UPDATE SET camera_id=EXCLUDED.camera_id,description=EXCLUDED.description;
INSERT INTO camera_locations(camera_id,building_id,floor_id,sector,description) VALUES ('morjsqbph1otjls1',NULL,NULL,NULL,'HALL PRESIDENCIA') ON CONFLICT (camera_id) DO UPDATE SET building_id=EXCLUDED.building_id,floor_id=EXCLUDED.floor_id,description=EXCLUDED.description;
INSERT INTO camera_network_connections(camera_id,switch_port,rack_id) VALUES ('morjsqbph1otjls1',NULL,NULL) ON CONFLICT (camera_id) DO UPDATE SET switch_port=EXCLUDED.switch_port,rack_id=EXCLUDED.rack_id;
UPDATE cameras SET ip_address='10.1.30.15', description=COALESCE(NULLIF('HALL PRESIDENCIA',''),description) WHERE device_id='morjsqbph1otjls1';
INSERT INTO recorder_channels(recorder_id,channel_number,camera_id,description) VALUES ('morjsqbqnics31l1',21,'morjsqbpwwbkeybj','EXTERIOR RIVADAVIA') ON CONFLICT (recorder_id,channel_number) DO UPDATE SET camera_id=EXCLUDED.camera_id,description=EXCLUDED.description;
INSERT INTO camera_locations(camera_id,building_id,floor_id,sector,description) VALUES ('morjsqbpwwbkeybj',NULL,NULL,NULL,'EXTERIOR RIVADAVIA') ON CONFLICT (camera_id) DO UPDATE SET building_id=EXCLUDED.building_id,floor_id=EXCLUDED.floor_id,description=EXCLUDED.description;
INSERT INTO camera_network_connections(camera_id,switch_port,rack_id) VALUES ('morjsqbpwwbkeybj',NULL,NULL) ON CONFLICT (camera_id) DO UPDATE SET switch_port=EXCLUDED.switch_port,rack_id=EXCLUDED.rack_id;
UPDATE cameras SET ip_address='10.11.30.27', description=COALESCE(NULLIF('EXTERIOR RIVADAVIA',''),description) WHERE device_id='morjsqbpwwbkeybj';
INSERT INTO recorder_channels(recorder_id,channel_number,camera_id,description) VALUES ('morjsqbqnics31l1',22,'morjsqbqmk1vi8ig','MOLINETE PERSONAL') ON CONFLICT (recorder_id,channel_number) DO UPDATE SET camera_id=EXCLUDED.camera_id,description=EXCLUDED.description;
INSERT INTO camera_locations(camera_id,building_id,floor_id,sector,description) VALUES ('morjsqbqmk1vi8ig',NULL,NULL,NULL,'MOLINETE PERSONAL') ON CONFLICT (camera_id) DO UPDATE SET building_id=EXCLUDED.building_id,floor_id=EXCLUDED.floor_id,description=EXCLUDED.description;
INSERT INTO camera_network_connections(camera_id,switch_port,rack_id) VALUES ('morjsqbqmk1vi8ig',NULL,NULL) ON CONFLICT (camera_id) DO UPDATE SET switch_port=EXCLUDED.switch_port,rack_id=EXCLUDED.rack_id;
UPDATE cameras SET ip_address='10.11.30.11', description=COALESCE(NULLIF('MOLINETE PERSONAL',''),description) WHERE device_id='morjsqbqmk1vi8ig';
INSERT INTO recorder_channels(recorder_id,channel_number,camera_id,description) VALUES ('morjsqbqnics31l1',23,'morjsqbq7zfkg4o7','PB PUERTA LATERAL') ON CONFLICT (recorder_id,channel_number) DO UPDATE SET camera_id=EXCLUDED.camera_id,description=EXCLUDED.description;
INSERT INTO camera_locations(camera_id,building_id,floor_id,sector,description) VALUES ('morjsqbq7zfkg4o7',NULL,NULL,NULL,'PB PUERTA LATERAL') ON CONFLICT (camera_id) DO UPDATE SET building_id=EXCLUDED.building_id,floor_id=EXCLUDED.floor_id,description=EXCLUDED.description;
INSERT INTO camera_network_connections(camera_id,switch_port,rack_id) VALUES ('morjsqbq7zfkg4o7',NULL,NULL) ON CONFLICT (camera_id) DO UPDATE SET switch_port=EXCLUDED.switch_port,rack_id=EXCLUDED.rack_id;
UPDATE cameras SET ip_address='10.11.30.14', description=COALESCE(NULLIF('PB PUERTA LATERAL',''),description) WHERE device_id='morjsqbq7zfkg4o7';
INSERT INTO recorder_channels(recorder_id,channel_number,camera_id,description) VALUES ('morjsqbqnics31l1',24,'morjsqbpbt2szotu','INGRESO GENERAL') ON CONFLICT (recorder_id,channel_number) DO UPDATE SET camera_id=EXCLUDED.camera_id,description=EXCLUDED.description;
INSERT INTO camera_locations(camera_id,building_id,floor_id,sector,description) VALUES ('morjsqbpbt2szotu',NULL,NULL,NULL,'INGRESO GENERAL') ON CONFLICT (camera_id) DO UPDATE SET building_id=EXCLUDED.building_id,floor_id=EXCLUDED.floor_id,description=EXCLUDED.description;
INSERT INTO camera_network_connections(camera_id,switch_port,rack_id) VALUES ('morjsqbpbt2szotu',NULL,NULL) ON CONFLICT (camera_id) DO UPDATE SET switch_port=EXCLUDED.switch_port,rack_id=EXCLUDED.rack_id;
UPDATE cameras SET ip_address='10.11.30.15', description=COALESCE(NULLIF('INGRESO GENERAL',''),description) WHERE device_id='morjsqbpbt2szotu';
INSERT INTO recorder_channels(recorder_id,channel_number,camera_id,description) VALUES ('morjsqbqnics31l1',25,'morjsqbq7d3d1czn','PB-7 MOSTRADOR RECEPCION') ON CONFLICT (recorder_id,channel_number) DO UPDATE SET camera_id=EXCLUDED.camera_id,description=EXCLUDED.description;
INSERT INTO camera_locations(camera_id,building_id,floor_id,sector,description) VALUES ('morjsqbq7d3d1czn',NULL,NULL,NULL,'PB-7 MOSTRADOR RECEPCION') ON CONFLICT (camera_id) DO UPDATE SET building_id=EXCLUDED.building_id,floor_id=EXCLUDED.floor_id,description=EXCLUDED.description;
INSERT INTO camera_network_connections(camera_id,switch_port,rack_id) VALUES ('morjsqbq7d3d1czn',NULL,NULL) ON CONFLICT (camera_id) DO UPDATE SET switch_port=EXCLUDED.switch_port,rack_id=EXCLUDED.rack_id;
UPDATE cameras SET ip_address='10.11.30.9', description=COALESCE(NULLIF('PB-7 MOSTRADOR RECEPCION',''),description) WHERE device_id='morjsqbq7d3d1czn';
INSERT INTO recorder_channels(recorder_id,channel_number,camera_id,description) VALUES ('morjsqbqnics31l1',26,'morjsqbpu959ho9h','PB ASCENSOR VISITAS') ON CONFLICT (recorder_id,channel_number) DO UPDATE SET camera_id=EXCLUDED.camera_id,description=EXCLUDED.description;
INSERT INTO camera_locations(camera_id,building_id,floor_id,sector,description) VALUES ('morjsqbpu959ho9h',NULL,NULL,NULL,'PB ASCENSOR VISITAS') ON CONFLICT (camera_id) DO UPDATE SET building_id=EXCLUDED.building_id,floor_id=EXCLUDED.floor_id,description=EXCLUDED.description;
INSERT INTO camera_network_connections(camera_id,switch_port,rack_id) VALUES ('morjsqbpu959ho9h',NULL,NULL) ON CONFLICT (camera_id) DO UPDATE SET switch_port=EXCLUDED.switch_port,rack_id=EXCLUDED.rack_id;
UPDATE cameras SET ip_address='10.11.30.16', description=COALESCE(NULLIF('PB ASCENSOR VISITAS',''),description) WHERE device_id='morjsqbpu959ho9h';
INSERT INTO recorder_channels(recorder_id,channel_number,camera_id,description) VALUES ('morjsqbqnics31l1',27,'morjsqbpehb8l9co','9-PB MOLINETES VISITA') ON CONFLICT (recorder_id,channel_number) DO UPDATE SET camera_id=EXCLUDED.camera_id,description=EXCLUDED.description;
INSERT INTO camera_locations(camera_id,building_id,floor_id,sector,description) VALUES ('morjsqbpehb8l9co',NULL,NULL,NULL,'9-PB MOLINETES VISITA') ON CONFLICT (camera_id) DO UPDATE SET building_id=EXCLUDED.building_id,floor_id=EXCLUDED.floor_id,description=EXCLUDED.description;
INSERT INTO camera_network_connections(camera_id,switch_port,rack_id) VALUES ('morjsqbpehb8l9co',NULL,NULL) ON CONFLICT (camera_id) DO UPDATE SET switch_port=EXCLUDED.switch_port,rack_id=EXCLUDED.rack_id;
UPDATE cameras SET ip_address='10.11.30.8', description=COALESCE(NULLIF('9-PB MOLINETES VISITA',''),description) WHERE device_id='morjsqbpehb8l9co';
INSERT INTO recorder_channels(recorder_id,channel_number,camera_id,description) VALUES ('morjsqbqnics31l1',28,'morjsqbq5l6e87ay','ASCENSORES DIP RIOBAMBA') ON CONFLICT (recorder_id,channel_number) DO UPDATE SET camera_id=EXCLUDED.camera_id,description=EXCLUDED.description;
INSERT INTO camera_locations(camera_id,building_id,floor_id,sector,description) VALUES ('morjsqbq5l6e87ay',NULL,NULL,NULL,'ASCENSORES DIP RIOBAMBA') ON CONFLICT (camera_id) DO UPDATE SET building_id=EXCLUDED.building_id,floor_id=EXCLUDED.floor_id,description=EXCLUDED.description;
INSERT INTO camera_network_connections(camera_id,switch_port,rack_id) VALUES ('morjsqbq5l6e87ay',NULL,NULL) ON CONFLICT (camera_id) DO UPDATE SET switch_port=EXCLUDED.switch_port,rack_id=EXCLUDED.rack_id;
UPDATE cameras SET ip_address='10.11.30.10', description=COALESCE(NULLIF('ASCENSORES DIP RIOBAMBA',''),description) WHERE device_id='morjsqbq5l6e87ay';
INSERT INTO recorder_channels(recorder_id,channel_number,camera_id,description) VALUES ('morjsqbqnics31l1',29,'morjsqbpjceqntsq','PASILLO TRASERO') ON CONFLICT (recorder_id,channel_number) DO UPDATE SET camera_id=EXCLUDED.camera_id,description=EXCLUDED.description;
INSERT INTO camera_locations(camera_id,building_id,floor_id,sector,description) VALUES ('morjsqbpjceqntsq',NULL,NULL,NULL,'PASILLO TRASERO') ON CONFLICT (camera_id) DO UPDATE SET building_id=EXCLUDED.building_id,floor_id=EXCLUDED.floor_id,description=EXCLUDED.description;
INSERT INTO camera_network_connections(camera_id,switch_port,rack_id) VALUES ('morjsqbpjceqntsq',NULL,NULL) ON CONFLICT (camera_id) DO UPDATE SET switch_port=EXCLUDED.switch_port,rack_id=EXCLUDED.rack_id;
UPDATE cameras SET ip_address='10.11.30.12', description=COALESCE(NULLIF('PASILLO TRASERO',''),description) WHERE device_id='morjsqbpjceqntsq';
INSERT INTO recorder_channels(recorder_id,channel_number,camera_id,description) VALUES ('morjsqbqnics31l1',30,'morjsqbpychdysn9','PB BAR') ON CONFLICT (recorder_id,channel_number) DO UPDATE SET camera_id=EXCLUDED.camera_id,description=EXCLUDED.description;
INSERT INTO camera_locations(camera_id,building_id,floor_id,sector,description) VALUES ('morjsqbpychdysn9',NULL,NULL,NULL,'PB BAR') ON CONFLICT (camera_id) DO UPDATE SET building_id=EXCLUDED.building_id,floor_id=EXCLUDED.floor_id,description=EXCLUDED.description;
INSERT INTO camera_network_connections(camera_id,switch_port,rack_id) VALUES ('morjsqbpychdysn9',NULL,NULL) ON CONFLICT (camera_id) DO UPDATE SET switch_port=EXCLUDED.switch_port,rack_id=EXCLUDED.rack_id;
UPDATE cameras SET ip_address='10.11.30.13', description=COALESCE(NULLIF('PB BAR',''),description) WHERE device_id='morjsqbpychdysn9';
INSERT INTO recorder_channels(recorder_id,channel_number,camera_id,description) VALUES ('morjsqbqnics31l1',31,'morjsqbq2ajo2zn4','ESCALERA PB') ON CONFLICT (recorder_id,channel_number) DO UPDATE SET camera_id=EXCLUDED.camera_id,description=EXCLUDED.description;
INSERT INTO camera_locations(camera_id,building_id,floor_id,sector,description) VALUES ('morjsqbq2ajo2zn4',NULL,NULL,NULL,'ESCALERA PB') ON CONFLICT (camera_id) DO UPDATE SET building_id=EXCLUDED.building_id,floor_id=EXCLUDED.floor_id,description=EXCLUDED.description;
INSERT INTO camera_network_connections(camera_id,switch_port,rack_id) VALUES ('morjsqbq2ajo2zn4',NULL,NULL) ON CONFLICT (camera_id) DO UPDATE SET switch_port=EXCLUDED.switch_port,rack_id=EXCLUDED.rack_id;
UPDATE cameras SET ip_address='10.11.30.7', description=COALESCE(NULLIF('ESCALERA PB',''),description) WHERE device_id='morjsqbq2ajo2zn4';
INSERT INTO recorder_channels(recorder_id,channel_number,camera_id,description) VALUES ('morjsqbqnics31l1',32,'morjsqbq74col8x2','EP1 PASO ANEXO C') ON CONFLICT (recorder_id,channel_number) DO UPDATE SET camera_id=EXCLUDED.camera_id,description=EXCLUDED.description;
INSERT INTO camera_locations(camera_id,building_id,floor_id,sector,description) VALUES ('morjsqbq74col8x2',NULL,NULL,NULL,'EP1 PASO ANEXO C') ON CONFLICT (camera_id) DO UPDATE SET building_id=EXCLUDED.building_id,floor_id=EXCLUDED.floor_id,description=EXCLUDED.description;
INSERT INTO camera_network_connections(camera_id,switch_port,rack_id) VALUES ('morjsqbq74col8x2',NULL,NULL) ON CONFLICT (camera_id) DO UPDATE SET switch_port=EXCLUDED.switch_port,rack_id=EXCLUDED.rack_id;
UPDATE cameras SET ip_address='10.11.30.23', description=COALESCE(NULLIF('EP1 PASO ANEXO C',''),description) WHERE device_id='morjsqbq74col8x2';
INSERT INTO recorder_channels(recorder_id,channel_number,camera_id,description) VALUES ('morjsqbqnics31l1',33,'morjsqbp4t0g9ar8','EP1 RELOJ RRHH') ON CONFLICT (recorder_id,channel_number) DO UPDATE SET camera_id=EXCLUDED.camera_id,description=EXCLUDED.description;
INSERT INTO camera_locations(camera_id,building_id,floor_id,sector,description) VALUES ('morjsqbp4t0g9ar8',NULL,NULL,NULL,'EP1 RELOJ RRHH') ON CONFLICT (camera_id) DO UPDATE SET building_id=EXCLUDED.building_id,floor_id=EXCLUDED.floor_id,description=EXCLUDED.description;
INSERT INTO camera_network_connections(camera_id,switch_port,rack_id) VALUES ('morjsqbp4t0g9ar8',NULL,NULL) ON CONFLICT (camera_id) DO UPDATE SET switch_port=EXCLUDED.switch_port,rack_id=EXCLUDED.rack_id;
UPDATE cameras SET ip_address='10.11.30.22', description=COALESCE(NULLIF('EP1 RELOJ RRHH',''),description) WHERE device_id='morjsqbp4t0g9ar8';
INSERT INTO recorder_channels(recorder_id,channel_number,camera_id,description) VALUES ('morjsqbqnics31l1',34,'morjsqbpeyxe85if','INGRESO POZOS 2') ON CONFLICT (recorder_id,channel_number) DO UPDATE SET camera_id=EXCLUDED.camera_id,description=EXCLUDED.description;
INSERT INTO camera_locations(camera_id,building_id,floor_id,sector,description) VALUES ('morjsqbpeyxe85if',NULL,NULL,NULL,'INGRESO POZOS 2') ON CONFLICT (camera_id) DO UPDATE SET building_id=EXCLUDED.building_id,floor_id=EXCLUDED.floor_id,description=EXCLUDED.description;
INSERT INTO camera_network_connections(camera_id,switch_port,rack_id) VALUES ('morjsqbpeyxe85if',NULL,NULL) ON CONFLICT (camera_id) DO UPDATE SET switch_port=EXCLUDED.switch_port,rack_id=EXCLUDED.rack_id;
UPDATE cameras SET ip_address='10.1.30.17', description=COALESCE(NULLIF('INGRESO POZOS 2',''),description) WHERE device_id='morjsqbpeyxe85if';
INSERT INTO recorder_channels(recorder_id,channel_number,camera_id,description) VALUES ('morjsqbqnics31l1',35,'morjsqbqi8zsjazr','PB-ANEXO B') ON CONFLICT (recorder_id,channel_number) DO UPDATE SET camera_id=EXCLUDED.camera_id,description=EXCLUDED.description;
INSERT INTO camera_locations(camera_id,building_id,floor_id,sector,description) VALUES ('morjsqbqi8zsjazr',NULL,NULL,NULL,'PB-ANEXO B') ON CONFLICT (camera_id) DO UPDATE SET building_id=EXCLUDED.building_id,floor_id=EXCLUDED.floor_id,description=EXCLUDED.description;
INSERT INTO camera_network_connections(camera_id,switch_port,rack_id) VALUES ('morjsqbqi8zsjazr',NULL,NULL) ON CONFLICT (camera_id) DO UPDATE SET switch_port=EXCLUDED.switch_port,rack_id=EXCLUDED.rack_id;
UPDATE cameras SET ip_address='10.31.30.2', description=COALESCE(NULLIF('PB-ANEXO B',''),description) WHERE device_id='morjsqbqi8zsjazr';
INSERT INTO recorder_channels(recorder_id,channel_number,camera_id,description) VALUES ('morjsqbqnics31l1',36,'morjsqbppberhaxh','BICICLETERO') ON CONFLICT (recorder_id,channel_number) DO UPDATE SET camera_id=EXCLUDED.camera_id,description=EXCLUDED.description;
INSERT INTO camera_locations(camera_id,building_id,floor_id,sector,description) VALUES ('morjsqbppberhaxh',NULL,NULL,NULL,'BICICLETERO') ON CONFLICT (camera_id) DO UPDATE SET building_id=EXCLUDED.building_id,floor_id=EXCLUDED.floor_id,description=EXCLUDED.description;
INSERT INTO camera_network_connections(camera_id,switch_port,rack_id) VALUES ('morjsqbppberhaxh',NULL,NULL) ON CONFLICT (camera_id) DO UPDATE SET switch_port=EXCLUDED.switch_port,rack_id=EXCLUDED.rack_id;
UPDATE cameras SET ip_address='10.11.30.30', description=COALESCE(NULLIF('BICICLETERO',''),description) WHERE device_id='morjsqbppberhaxh';
INSERT INTO recorder_channels(recorder_id,channel_number,camera_id,description) VALUES ('morjsqbqnics31l1',37,'morjsqbqdroqtnm7','FONDO PASOS PERDIDOS') ON CONFLICT (recorder_id,channel_number) DO UPDATE SET camera_id=EXCLUDED.camera_id,description=EXCLUDED.description;
INSERT INTO camera_locations(camera_id,building_id,floor_id,sector,description) VALUES ('morjsqbqdroqtnm7',NULL,NULL,NULL,'FONDO PASOS PERDIDOS') ON CONFLICT (camera_id) DO UPDATE SET building_id=EXCLUDED.building_id,floor_id=EXCLUDED.floor_id,description=EXCLUDED.description;
INSERT INTO camera_network_connections(camera_id,switch_port,rack_id) VALUES ('morjsqbqdroqtnm7',NULL,NULL) ON CONFLICT (camera_id) DO UPDATE SET switch_port=EXCLUDED.switch_port,rack_id=EXCLUDED.rack_id;
UPDATE cameras SET ip_address='10.2.30.2', description=COALESCE(NULLIF('FONDO PASOS PERDIDOS',''),description) WHERE device_id='morjsqbqdroqtnm7';
INSERT INTO recorder_channels(recorder_id,channel_number,camera_id,description) VALUES ('morjsqbqnics31l1',38,'morjsqbp3z3gyu2x','1829 P4') ON CONFLICT (recorder_id,channel_number) DO UPDATE SET camera_id=EXCLUDED.camera_id,description=EXCLUDED.description;
INSERT INTO camera_locations(camera_id,building_id,floor_id,sector,description) VALUES ('morjsqbp3z3gyu2x',NULL,NULL,NULL,'1829 P4') ON CONFLICT (camera_id) DO UPDATE SET building_id=EXCLUDED.building_id,floor_id=EXCLUDED.floor_id,description=EXCLUDED.description;
INSERT INTO camera_network_connections(camera_id,switch_port,rack_id) VALUES ('morjsqbp3z3gyu2x',NULL,NULL) ON CONFLICT (camera_id) DO UPDATE SET switch_port=EXCLUDED.switch_port,rack_id=EXCLUDED.rack_id;
UPDATE cameras SET ip_address='10.91.30.4', description=COALESCE(NULLIF('1829 P4',''),description) WHERE device_id='morjsqbp3z3gyu2x';
INSERT INTO recorder_channels(recorder_id,channel_number,camera_id,description) VALUES ('morjsqbqnics31l1',39,'morjsqbqahygrw9h','PAL PASILLO FONDO') ON CONFLICT (recorder_id,channel_number) DO UPDATE SET camera_id=EXCLUDED.camera_id,description=EXCLUDED.description;
INSERT INTO camera_locations(camera_id,building_id,floor_id,sector,description) VALUES ('morjsqbqahygrw9h',NULL,NULL,NULL,'PAL PASILLO FONDO') ON CONFLICT (camera_id) DO UPDATE SET building_id=EXCLUDED.building_id,floor_id=EXCLUDED.floor_id,description=EXCLUDED.description;
INSERT INTO camera_network_connections(camera_id,switch_port,rack_id) VALUES ('morjsqbqahygrw9h',NULL,NULL) ON CONFLICT (camera_id) DO UPDATE SET switch_port=EXCLUDED.switch_port,rack_id=EXCLUDED.rack_id;
UPDATE cameras SET ip_address='10.1.30.32', description=COALESCE(NULLIF('PAL PASILLO FONDO',''),description) WHERE device_id='morjsqbqahygrw9h';
INSERT INTO recorder_channels(recorder_id,channel_number,camera_id,description) VALUES ('morjsqbqnics31l1',40,'morjsqbq04uscz38','EP1 ACCESO ANEXO B') ON CONFLICT (recorder_id,channel_number) DO UPDATE SET camera_id=EXCLUDED.camera_id,description=EXCLUDED.description;
INSERT INTO camera_locations(camera_id,building_id,floor_id,sector,description) VALUES ('morjsqbq04uscz38',NULL,NULL,NULL,'EP1 ACCESO ANEXO B') ON CONFLICT (camera_id) DO UPDATE SET building_id=EXCLUDED.building_id,floor_id=EXCLUDED.floor_id,description=EXCLUDED.description;
INSERT INTO camera_network_connections(camera_id,switch_port,rack_id) VALUES ('morjsqbq04uscz38',NULL,NULL) ON CONFLICT (camera_id) DO UPDATE SET switch_port=EXCLUDED.switch_port,rack_id=EXCLUDED.rack_id;
UPDATE cameras SET ip_address='10.11.30.24', description=COALESCE(NULLIF('EP1 ACCESO ANEXO B',''),description) WHERE device_id='morjsqbq04uscz38';
INSERT INTO recorder_channels(recorder_id,channel_number,camera_id,description) VALUES ('morjsqbqnics31l1',41,'morjsqbp8pnaarhk','EXTERIOR RIOBAMBA') ON CONFLICT (recorder_id,channel_number) DO UPDATE SET camera_id=EXCLUDED.camera_id,description=EXCLUDED.description;
INSERT INTO camera_locations(camera_id,building_id,floor_id,sector,description) VALUES ('morjsqbp8pnaarhk',NULL,NULL,NULL,'EXTERIOR RIOBAMBA') ON CONFLICT (camera_id) DO UPDATE SET building_id=EXCLUDED.building_id,floor_id=EXCLUDED.floor_id,description=EXCLUDED.description;
INSERT INTO camera_network_connections(camera_id,switch_port,rack_id) VALUES ('morjsqbp8pnaarhk',NULL,NULL) ON CONFLICT (camera_id) DO UPDATE SET switch_port=EXCLUDED.switch_port,rack_id=EXCLUDED.rack_id;
UPDATE cameras SET ip_address='10.11.30.17', description=COALESCE(NULLIF('EXTERIOR RIOBAMBA',''),description) WHERE device_id='morjsqbp8pnaarhk';
INSERT INTO recorder_channels(recorder_id,channel_number,camera_id,description) VALUES ('morjsqbqnics31l1',42,'morjsqbp23wouuur','PAL 1P ALA ENTRE RIOS') ON CONFLICT (recorder_id,channel_number) DO UPDATE SET camera_id=EXCLUDED.camera_id,description=EXCLUDED.description;
INSERT INTO camera_locations(camera_id,building_id,floor_id,sector,description) VALUES ('morjsqbp23wouuur',NULL,NULL,NULL,'PAL 1P ALA ENTRE RIOS') ON CONFLICT (camera_id) DO UPDATE SET building_id=EXCLUDED.building_id,floor_id=EXCLUDED.floor_id,description=EXCLUDED.description;
INSERT INTO camera_network_connections(camera_id,switch_port,rack_id) VALUES ('morjsqbp23wouuur',NULL,NULL) ON CONFLICT (camera_id) DO UPDATE SET switch_port=EXCLUDED.switch_port,rack_id=EXCLUDED.rack_id;
UPDATE cameras SET ip_address='10.3.30.2', description=COALESCE(NULLIF('PAL 1P ALA ENTRE RIOS',''),description) WHERE device_id='morjsqbp23wouuur';
INSERT INTO recorder_channels(recorder_id,channel_number,camera_id,description) VALUES ('morjsqbqnics31l1',43,'morjsqbpyroc84qz','PAL 1P ALA ENTRE RIOS 2') ON CONFLICT (recorder_id,channel_number) DO UPDATE SET camera_id=EXCLUDED.camera_id,description=EXCLUDED.description;
INSERT INTO camera_locations(camera_id,building_id,floor_id,sector,description) VALUES ('morjsqbpyroc84qz',NULL,NULL,NULL,'PAL 1P ALA ENTRE RIOS 2') ON CONFLICT (camera_id) DO UPDATE SET building_id=EXCLUDED.building_id,floor_id=EXCLUDED.floor_id,description=EXCLUDED.description;
INSERT INTO camera_network_connections(camera_id,switch_port,rack_id) VALUES ('morjsqbpyroc84qz',NULL,NULL) ON CONFLICT (camera_id) DO UPDATE SET switch_port=EXCLUDED.switch_port,rack_id=EXCLUDED.rack_id;
UPDATE cameras SET ip_address='10.3.30.3', description=COALESCE(NULLIF('PAL 1P ALA ENTRE RIOS 2',''),description) WHERE device_id='morjsqbpyroc84qz';
INSERT INTO recorder_channels(recorder_id,channel_number,camera_id,description) VALUES ('morjsqbqnics31l1',44,'morjsqbp2yoh5igp','PAL P1 PRENSA') ON CONFLICT (recorder_id,channel_number) DO UPDATE SET camera_id=EXCLUDED.camera_id,description=EXCLUDED.description;
INSERT INTO camera_locations(camera_id,building_id,floor_id,sector,description) VALUES ('morjsqbp2yoh5igp',NULL,NULL,NULL,'PAL P1 PRENSA') ON CONFLICT (camera_id) DO UPDATE SET building_id=EXCLUDED.building_id,floor_id=EXCLUDED.floor_id,description=EXCLUDED.description;
INSERT INTO camera_network_connections(camera_id,switch_port,rack_id) VALUES ('morjsqbp2yoh5igp',NULL,NULL) ON CONFLICT (camera_id) DO UPDATE SET switch_port=EXCLUDED.switch_port,rack_id=EXCLUDED.rack_id;
UPDATE cameras SET ip_address='10.1.30.9', description=COALESCE(NULLIF('PAL P1 PRENSA',''),description) WHERE device_id='morjsqbp2yoh5igp';
INSERT INTO recorder_channels(recorder_id,channel_number,camera_id,description) VALUES ('morjsqbqnics31l1',45,'morjsqbp1snbahod','PAL ALA ENTRE RIOS') ON CONFLICT (recorder_id,channel_number) DO UPDATE SET camera_id=EXCLUDED.camera_id,description=EXCLUDED.description;
INSERT INTO camera_locations(camera_id,building_id,floor_id,sector,description) VALUES ('morjsqbp1snbahod',NULL,NULL,NULL,'PAL ALA ENTRE RIOS') ON CONFLICT (camera_id) DO UPDATE SET building_id=EXCLUDED.building_id,floor_id=EXCLUDED.floor_id,description=EXCLUDED.description;
INSERT INTO camera_network_connections(camera_id,switch_port,rack_id) VALUES ('morjsqbp1snbahod',NULL,NULL) ON CONFLICT (camera_id) DO UPDATE SET switch_port=EXCLUDED.switch_port,rack_id=EXCLUDED.rack_id;
UPDATE cameras SET ip_address='10.1.30.16', description=COALESCE(NULLIF('PAL ALA ENTRE RIOS',''),description) WHERE device_id='morjsqbp1snbahod';
INSERT INTO recorder_channels(recorder_id,channel_number,camera_id,description) VALUES ('morjsqbqnics31l1',46,'morjsqbp8cd5trgj','PASILLO A PASOS PERDIDOS') ON CONFLICT (recorder_id,channel_number) DO UPDATE SET camera_id=EXCLUDED.camera_id,description=EXCLUDED.description;
INSERT INTO camera_locations(camera_id,building_id,floor_id,sector,description) VALUES ('morjsqbp8cd5trgj',NULL,NULL,NULL,'PASILLO A PASOS PERDIDOS') ON CONFLICT (camera_id) DO UPDATE SET building_id=EXCLUDED.building_id,floor_id=EXCLUDED.floor_id,description=EXCLUDED.description;
INSERT INTO camera_network_connections(camera_id,switch_port,rack_id) VALUES ('morjsqbp8cd5trgj',NULL,NULL) ON CONFLICT (camera_id) DO UPDATE SET switch_port=EXCLUDED.switch_port,rack_id=EXCLUDED.rack_id;
UPDATE cameras SET ip_address='10.1.30.21', description=COALESCE(NULLIF('PASILLO A PASOS PERDIDOS',''),description) WHERE device_id='morjsqbp8cd5trgj';
INSERT INTO recorder_channels(recorder_id,channel_number,camera_id,description) VALUES ('morjsqbqnics31l1',47,'morjsqbpxptev4z5','2P ALA POZOS') ON CONFLICT (recorder_id,channel_number) DO UPDATE SET camera_id=EXCLUDED.camera_id,description=EXCLUDED.description;
INSERT INTO camera_locations(camera_id,building_id,floor_id,sector,description) VALUES ('morjsqbpxptev4z5',NULL,NULL,NULL,'2P ALA POZOS') ON CONFLICT (camera_id) DO UPDATE SET building_id=EXCLUDED.building_id,floor_id=EXCLUDED.floor_id,description=EXCLUDED.description;
INSERT INTO camera_network_connections(camera_id,switch_port,rack_id) VALUES ('morjsqbpxptev4z5',NULL,NULL) ON CONFLICT (camera_id) DO UPDATE SET switch_port=EXCLUDED.switch_port,rack_id=EXCLUDED.rack_id;
UPDATE cameras SET ip_address='10.1.30.18', description=COALESCE(NULLIF('2P ALA POZOS',''),description) WHERE device_id='morjsqbpxptev4z5';
INSERT INTO recorder_channels(recorder_id,channel_number,camera_id,description) VALUES ('morjsqbqnics31l1',48,'morjsqbphnt7v4ua','PALACIO 3P') ON CONFLICT (recorder_id,channel_number) DO UPDATE SET camera_id=EXCLUDED.camera_id,description=EXCLUDED.description;
INSERT INTO camera_locations(camera_id,building_id,floor_id,sector,description) VALUES ('morjsqbphnt7v4ua',NULL,NULL,NULL,'PALACIO 3P') ON CONFLICT (camera_id) DO UPDATE SET building_id=EXCLUDED.building_id,floor_id=EXCLUDED.floor_id,description=EXCLUDED.description;
INSERT INTO camera_network_connections(camera_id,switch_port,rack_id) VALUES ('morjsqbphnt7v4ua',NULL,NULL) ON CONFLICT (camera_id) DO UPDATE SET switch_port=EXCLUDED.switch_port,rack_id=EXCLUDED.rack_id;
UPDATE cameras SET ip_address='10.3.30.1', description=COALESCE(NULLIF('PALACIO 3P',''),description) WHERE device_id='morjsqbphnt7v4ua';
INSERT INTO recorder_channels(recorder_id,channel_number,camera_id,description) VALUES ('morjsqbqnics31l1',49,'morjsqbpezdxlmtx','2P ALA ENTRE RIOS') ON CONFLICT (recorder_id,channel_number) DO UPDATE SET camera_id=EXCLUDED.camera_id,description=EXCLUDED.description;
INSERT INTO camera_locations(camera_id,building_id,floor_id,sector,description) VALUES ('morjsqbpezdxlmtx',NULL,NULL,NULL,'2P ALA ENTRE RIOS') ON CONFLICT (camera_id) DO UPDATE SET building_id=EXCLUDED.building_id,floor_id=EXCLUDED.floor_id,description=EXCLUDED.description;
INSERT INTO camera_network_connections(camera_id,switch_port,rack_id) VALUES ('morjsqbpezdxlmtx',NULL,NULL) ON CONFLICT (camera_id) DO UPDATE SET switch_port=EXCLUDED.switch_port,rack_id=EXCLUDED.rack_id;
UPDATE cameras SET ip_address='10.1.30.10', description=COALESCE(NULLIF('2P ALA ENTRE RIOS',''),description) WHERE device_id='morjsqbpezdxlmtx';
INSERT INTO recorder_channels(recorder_id,channel_number,camera_id,description) VALUES ('morjsqbqnics31l1',50,'morjsqbq5re5k0tq','DOMO HALL ANEXO A') ON CONFLICT (recorder_id,channel_number) DO UPDATE SET camera_id=EXCLUDED.camera_id,description=EXCLUDED.description;
INSERT INTO camera_locations(camera_id,building_id,floor_id,sector,description) VALUES ('morjsqbq5re5k0tq',NULL,NULL,NULL,'DOMO HALL ANEXO A') ON CONFLICT (camera_id) DO UPDATE SET building_id=EXCLUDED.building_id,floor_id=EXCLUDED.floor_id,description=EXCLUDED.description;
INSERT INTO camera_network_connections(camera_id,switch_port,rack_id) VALUES ('morjsqbq5re5k0tq',NULL,NULL) ON CONFLICT (camera_id) DO UPDATE SET switch_port=EXCLUDED.switch_port,rack_id=EXCLUDED.rack_id;
UPDATE cameras SET ip_address='10.11.30.4', description=COALESCE(NULLIF('DOMO HALL ANEXO A',''),description) WHERE device_id='morjsqbq5re5k0tq';
INSERT INTO recorder_channels(recorder_id,channel_number,camera_id,description) VALUES ('morjsqbqnics31l1',51,'morjsqbpi976bqpt','PAL PRESIDENCIA 2') ON CONFLICT (recorder_id,channel_number) DO UPDATE SET camera_id=EXCLUDED.camera_id,description=EXCLUDED.description;
INSERT INTO camera_locations(camera_id,building_id,floor_id,sector,description) VALUES ('morjsqbpi976bqpt',NULL,NULL,NULL,'PAL PRESIDENCIA 2') ON CONFLICT (camera_id) DO UPDATE SET building_id=EXCLUDED.building_id,floor_id=EXCLUDED.floor_id,description=EXCLUDED.description;
INSERT INTO camera_network_connections(camera_id,switch_port,rack_id) VALUES ('morjsqbpi976bqpt',NULL,NULL) ON CONFLICT (camera_id) DO UPDATE SET switch_port=EXCLUDED.switch_port,rack_id=EXCLUDED.rack_id;
UPDATE cameras SET ip_address='10.1.30.6', description=COALESCE(NULLIF('PAL PRESIDENCIA 2',''),description) WHERE device_id='morjsqbpi976bqpt';
INSERT INTO recorder_channels(recorder_id,channel_number,camera_id,description) VALUES ('morjsqbqnics31l1',52,'morjsqbp9d2ea7e3','PAL P1 INGRESO BANDERAS') ON CONFLICT (recorder_id,channel_number) DO UPDATE SET camera_id=EXCLUDED.camera_id,description=EXCLUDED.description;
INSERT INTO camera_locations(camera_id,building_id,floor_id,sector,description) VALUES ('morjsqbp9d2ea7e3',NULL,NULL,NULL,'PAL P1 INGRESO BANDERAS') ON CONFLICT (camera_id) DO UPDATE SET building_id=EXCLUDED.building_id,floor_id=EXCLUDED.floor_id,description=EXCLUDED.description;
INSERT INTO camera_network_connections(camera_id,switch_port,rack_id) VALUES ('morjsqbp9d2ea7e3',NULL,NULL) ON CONFLICT (camera_id) DO UPDATE SET switch_port=EXCLUDED.switch_port,rack_id=EXCLUDED.rack_id;
UPDATE cameras SET ip_address='10.1.30.7', description=COALESCE(NULLIF('PAL P1 INGRESO BANDERAS',''),description) WHERE device_id='morjsqbp9d2ea7e3';
INSERT INTO recorder_channels(recorder_id,channel_number,camera_id,description) VALUES ('morjsqbqnics31l1',53,'morjsqbqqzva78bz','PAL P1 ASCENSOR PRES') ON CONFLICT (recorder_id,channel_number) DO UPDATE SET camera_id=EXCLUDED.camera_id,description=EXCLUDED.description;
INSERT INTO camera_locations(camera_id,building_id,floor_id,sector,description) VALUES ('morjsqbqqzva78bz',NULL,NULL,NULL,'PAL P1 ASCENSOR PRES') ON CONFLICT (camera_id) DO UPDATE SET building_id=EXCLUDED.building_id,floor_id=EXCLUDED.floor_id,description=EXCLUDED.description;
INSERT INTO camera_network_connections(camera_id,switch_port,rack_id) VALUES ('morjsqbqqzva78bz',NULL,NULL) ON CONFLICT (camera_id) DO UPDATE SET switch_port=EXCLUDED.switch_port,rack_id=EXCLUDED.rack_id;
UPDATE cameras SET ip_address='10.1.30.8', description=COALESCE(NULLIF('PAL P1 ASCENSOR PRES',''),description) WHERE device_id='morjsqbqqzva78bz';
INSERT INTO recorder_channels(recorder_id,channel_number,camera_id,description) VALUES ('morjsqbqnics31l1',54,'morjsqbqnz1nlyp2','DOMO RIVADAVIA 2') ON CONFLICT (recorder_id,channel_number) DO UPDATE SET camera_id=EXCLUDED.camera_id,description=EXCLUDED.description;
INSERT INTO camera_locations(camera_id,building_id,floor_id,sector,description) VALUES ('morjsqbqnz1nlyp2',NULL,NULL,NULL,'DOMO RIVADAVIA 2') ON CONFLICT (camera_id) DO UPDATE SET building_id=EXCLUDED.building_id,floor_id=EXCLUDED.floor_id,description=EXCLUDED.description;
INSERT INTO camera_network_connections(camera_id,switch_port,rack_id) VALUES ('morjsqbqnz1nlyp2',NULL,NULL) ON CONFLICT (camera_id) DO UPDATE SET switch_port=EXCLUDED.switch_port,rack_id=EXCLUDED.rack_id;
UPDATE cameras SET ip_address='10.11.30.35', description=COALESCE(NULLIF('DOMO RIVADAVIA 2',''),description) WHERE device_id='morjsqbqnz1nlyp2';
INSERT INTO recorder_channels(recorder_id,channel_number,camera_id,description) VALUES ('morjsqbqnics31l1',55,'morjsqbpddd9i04q','TERRAZA ANX-A') ON CONFLICT (recorder_id,channel_number) DO UPDATE SET camera_id=EXCLUDED.camera_id,description=EXCLUDED.description;
INSERT INTO camera_locations(camera_id,building_id,floor_id,sector,description) VALUES ('morjsqbpddd9i04q',NULL,NULL,NULL,'TERRAZA ANX-A') ON CONFLICT (camera_id) DO UPDATE SET building_id=EXCLUDED.building_id,floor_id=EXCLUDED.floor_id,description=EXCLUDED.description;
INSERT INTO camera_network_connections(camera_id,switch_port,rack_id) VALUES ('morjsqbpddd9i04q',NULL,NULL) ON CONFLICT (camera_id) DO UPDATE SET switch_port=EXCLUDED.switch_port,rack_id=EXCLUDED.rack_id;
UPDATE cameras SET ip_address='10.16.30.1', description=COALESCE(NULLIF('TERRAZA ANX-A',''),description) WHERE device_id='morjsqbpddd9i04q';
INSERT INTO recorder_channels(recorder_id,channel_number,camera_id,description) VALUES ('morjsqbqnics31l1',56,'morjsqbqo6lg0jzz','DOMO ENTRE RIOS') ON CONFLICT (recorder_id,channel_number) DO UPDATE SET camera_id=EXCLUDED.camera_id,description=EXCLUDED.description;
INSERT INTO camera_locations(camera_id,building_id,floor_id,sector,description) VALUES ('morjsqbqo6lg0jzz',NULL,NULL,NULL,'DOMO ENTRE RIOS') ON CONFLICT (camera_id) DO UPDATE SET building_id=EXCLUDED.building_id,floor_id=EXCLUDED.floor_id,description=EXCLUDED.description;
INSERT INTO camera_network_connections(camera_id,switch_port,rack_id) VALUES ('morjsqbqo6lg0jzz',NULL,NULL) ON CONFLICT (camera_id) DO UPDATE SET switch_port=EXCLUDED.switch_port,rack_id=EXCLUDED.rack_id;
UPDATE cameras SET ip_address='10.3.30.6', description=COALESCE(NULLIF('DOMO ENTRE RIOS',''),description) WHERE device_id='morjsqbqo6lg0jzz';
INSERT INTO recorder_channels(recorder_id,channel_number,camera_id,description) VALUES ('morjsqbqnics31l1',57,'morjsqbqeb7nz944','DOMO C POZOS') ON CONFLICT (recorder_id,channel_number) DO UPDATE SET camera_id=EXCLUDED.camera_id,description=EXCLUDED.description;
INSERT INTO camera_locations(camera_id,building_id,floor_id,sector,description) VALUES ('morjsqbqeb7nz944',NULL,NULL,NULL,'DOMO C POZOS') ON CONFLICT (camera_id) DO UPDATE SET building_id=EXCLUDED.building_id,floor_id=EXCLUDED.floor_id,description=EXCLUDED.description;
INSERT INTO camera_network_connections(camera_id,switch_port,rack_id) VALUES ('morjsqbqeb7nz944',NULL,NULL) ON CONFLICT (camera_id) DO UPDATE SET switch_port=EXCLUDED.switch_port,rack_id=EXCLUDED.rack_id;
UPDATE cameras SET ip_address='10.3.30.5', description=COALESCE(NULLIF('DOMO C POZOS',''),description) WHERE device_id='morjsqbqeb7nz944';
INSERT INTO recorder_channels(recorder_id,channel_number,camera_id,description) VALUES ('morjsqbqnics31l1',58,NULL,NULL) ON CONFLICT (recorder_id,channel_number) DO UPDATE SET camera_id=EXCLUDED.camera_id,description=EXCLUDED.description;
INSERT INTO recorder_channels(recorder_id,channel_number,camera_id,description) VALUES ('morjsqbqnics31l1',59,NULL,NULL) ON CONFLICT (recorder_id,channel_number) DO UPDATE SET camera_id=EXCLUDED.camera_id,description=EXCLUDED.description;
INSERT INTO recorder_channels(recorder_id,channel_number,camera_id,description) VALUES ('morjsqbqnics31l1',60,NULL,NULL) ON CONFLICT (recorder_id,channel_number) DO UPDATE SET camera_id=EXCLUDED.camera_id,description=EXCLUDED.description;
INSERT INTO recorder_channels(recorder_id,channel_number,camera_id,description) VALUES ('morjsqbqnics31l1',61,NULL,NULL) ON CONFLICT (recorder_id,channel_number) DO UPDATE SET camera_id=EXCLUDED.camera_id,description=EXCLUDED.description;
INSERT INTO recorder_channels(recorder_id,channel_number,camera_id,description) VALUES ('morjsqbqnics31l1',62,NULL,NULL) ON CONFLICT (recorder_id,channel_number) DO UPDATE SET camera_id=EXCLUDED.camera_id,description=EXCLUDED.description;
INSERT INTO recorder_channels(recorder_id,channel_number,camera_id,description) VALUES ('morjsqbqnics31l1',63,NULL,NULL) ON CONFLICT (recorder_id,channel_number) DO UPDATE SET camera_id=EXCLUDED.camera_id,description=EXCLUDED.description;
INSERT INTO recorder_channels(recorder_id,channel_number,camera_id,description) VALUES ('morjsqbqnics31l1',64,NULL,NULL) ON CONFLICT (recorder_id,channel_number) DO UPDATE SET camera_id=EXCLUDED.camera_id,description=EXCLUDED.description;

-- Categorías iniciales opcionales de materiales
INSERT INTO material_categories(name) VALUES
('Cableado'),('Conectividad'),('Energía'),('CCTV'),('Herramientas'),('Otros')
ON CONFLICT (name) DO NOTHING;

-- Tipos iniciales opcionales de licencia
INSERT INTO leave_types(name) VALUES
('Vacaciones'),('Enfermedad'),('Estudio'),('Trámite'),('Otro')
ON CONFLICT (name) DO NOTHING;

COMMIT;